ISO-10303-21;
HEADER;
FILE_DESCRIPTION((''),'2;1');
FILE_NAME('015246101','2016-05-19T',('gsharma'),(''),
'PRO/ENGINEER BY PARAMETRIC TECHNOLOGY CORPORATION, 2012310',
'PRO/ENGINEER BY PARAMETRIC TECHNOLOGY CORPORATION, 2012310','');
FILE_SCHEMA(('CONFIG_CONTROL_DESIGN'));
ENDSEC;
DATA;
#1=DIRECTION('',(0.E0,-1.E0,0.E0));
#2=VECTOR('',#1,9.E-1);
#3=CARTESIAN_POINT('',(-1.38E1,1.4E0,5.43E0));
#4=LINE('',#3,#2);
#5=DIRECTION('',(0.E0,0.E0,1.E0));
#6=VECTOR('',#5,1.62E0);
#7=CARTESIAN_POINT('',(-1.38E1,5.E-1,5.43E0));
#8=LINE('',#7,#6);
#9=DIRECTION('',(0.E0,-1.E0,0.E0));
#10=VECTOR('',#9,8.E-1);
#11=CARTESIAN_POINT('',(-1.38E1,5.E-1,7.05E0));
#12=LINE('',#11,#10);
#13=DIRECTION('',(0.E0,0.E0,-1.E0));
#14=VECTOR('',#13,2.42E0);
#15=CARTESIAN_POINT('',(-1.38E1,-3.E-1,7.05E0));
#16=LINE('',#15,#14);
#17=DIRECTION('',(0.E0,1.E0,0.E0));
#18=VECTOR('',#17,1.7E0);
#19=CARTESIAN_POINT('',(-1.38E1,-3.E-1,4.63E0));
#20=LINE('',#19,#18);
#21=DIRECTION('',(0.E0,0.E0,-1.E0));
#22=VECTOR('',#21,8.E-1);
#23=CARTESIAN_POINT('',(-1.38E1,7.2E0,7.05E0));
#24=LINE('',#23,#22);
#25=DIRECTION('',(0.E0,-1.E0,0.E0));
#26=VECTOR('',#25,3.E0);
#27=CARTESIAN_POINT('',(-1.38E1,7.2E0,7.05E0));
#28=LINE('',#27,#26);
#29=DIRECTION('',(0.E0,0.E0,-1.E0));
#30=VECTOR('',#29,1.62E0);
#31=CARTESIAN_POINT('',(-1.38E1,4.2E0,7.05E0));
#32=LINE('',#31,#30);
#33=DIRECTION('',(0.E0,0.E0,-1.E0));
#34=VECTOR('',#33,8.E-1);
#35=CARTESIAN_POINT('',(-1.38E1,3.6E0,5.43E0));
#36=LINE('',#35,#34);
#37=DIRECTION('',(0.E0,1.E0,0.E0));
#38=VECTOR('',#37,1.2E0);
#39=CARTESIAN_POINT('',(-1.38E1,3.6E0,4.63E0));
#40=LINE('',#39,#38);
#41=DIRECTION('',(0.E0,1.E0,0.E0));
#42=VECTOR('',#41,2.4E0);
#43=CARTESIAN_POINT('',(-1.38E1,4.8E0,6.25E0));
#44=LINE('',#43,#42);
#45=DIRECTION('',(0.E0,1.E0,0.E0));
#46=VECTOR('',#45,5.4E0);
#47=CARTESIAN_POINT('',(-1.38E1,-7.2E0,6.25E0));
#48=LINE('',#47,#46);
#49=DIRECTION('',(0.E0,-1.E0,0.E0));
#50=VECTOR('',#49,5.4E0);
#51=CARTESIAN_POINT('',(-1.38E1,-1.8E0,7.05E0));
#52=LINE('',#51,#50);
#53=DIRECTION('',(0.E0,0.E0,1.E0));
#54=VECTOR('',#53,8.E-1);
#55=CARTESIAN_POINT('',(-1.38E1,-7.2E0,6.25E0));
#56=LINE('',#55,#54);
#57=DIRECTION('',(0.E0,0.E0,-1.E0));
#58=VECTOR('',#57,8.E-1);
#59=CARTESIAN_POINT('',(-1.38E1,1.4E0,5.43E0));
#60=LINE('',#59,#58);
#61=DIRECTION('',(-8.606080434601E-1,0.E0,5.092679015330E-1));
#62=VECTOR('',#61,1.045772238407E0);
#63=CARTESIAN_POINT('',(-1.29E1,1.4E0,4.097421766665E0));
#64=LINE('',#63,#62);
#65=DIRECTION('',(-1.E0,0.E0,0.E0));
#66=VECTOR('',#65,1.759438830991E0);
#67=CARTESIAN_POINT('',(-1.29E1,1.4E0,-9.5E0));
#68=LINE('',#67,#66);
#69=DIRECTION('',(0.E0,0.E0,1.E0));
#70=VECTOR('',#69,6.5E-1);
#71=CARTESIAN_POINT('',(-1.465943883099E1,1.4E0,-9.5E0));
#72=LINE('',#71,#70);
#73=DIRECTION('',(0.E0,0.E0,1.E0));
#74=VECTOR('',#73,1.428E1);
#75=CARTESIAN_POINT('',(-1.416318050967E1,1.4E0,-8.85E0));
#76=LINE('',#75,#74);
#77=DIRECTION('',(-8.606080434601E-1,0.E0,-5.092679015330E-1));
#78=VECTOR('',#77,3.137316715220E0);
#79=CARTESIAN_POINT('',(1.38E1,-3.E-1,4.63E0));
#80=LINE('',#79,#78);
#81=DIRECTION('',(1.E0,0.E0,0.E0));
#82=VECTOR('',#81,3.9E0);
#83=CARTESIAN_POINT('',(1.11E1,-3.E-1,-9.5E-1));
#84=LINE('',#83,#82);
#85=DIRECTION('',(0.E0,0.E0,1.E0));
#86=VECTOR('',#85,8.E0);
#87=CARTESIAN_POINT('',(1.5E1,-3.E-1,-9.5E-1));
#88=LINE('',#87,#86);
#89=DIRECTION('',(-8.606080434601E-1,0.E0,5.092679015330E-1));
#90=VECTOR('',#89,3.137316715220E0);
#91=CARTESIAN_POINT('',(-1.11E1,-3.E-1,3.032265299996E0));
#92=LINE('',#91,#90);
#93=DIRECTION('',(-1.E0,0.E0,0.E0));
#94=VECTOR('',#93,1.2E0);
#95=CARTESIAN_POINT('',(-1.38E1,-3.E-1,7.05E0));
#96=LINE('',#95,#94);
#97=DIRECTION('',(0.E0,0.E0,-1.E0));
#98=VECTOR('',#97,8.E0);
#99=CARTESIAN_POINT('',(-1.5E1,-3.E-1,7.05E0));
#100=LINE('',#99,#98);
#101=DIRECTION('',(1.E0,0.E0,0.E0));
#102=VECTOR('',#101,3.9E0);
#103=CARTESIAN_POINT('',(-1.5E1,-3.E-1,-9.5E-1));
#104=LINE('',#103,#102);
#105=DIRECTION('',(0.E0,0.E0,1.E0));
#106=VECTOR('',#105,2.42E0);
#107=CARTESIAN_POINT('',(1.38E1,-3.E-1,4.63E0));
#108=LINE('',#107,#106);
#109=DIRECTION('',(0.E0,1.E0,0.E0));
#110=VECTOR('',#109,9.E-1);
#111=CARTESIAN_POINT('',(1.38E1,5.E-1,5.43E0));
#112=LINE('',#111,#110);
#113=DIRECTION('',(0.E0,0.E0,-1.E0));
#114=VECTOR('',#113,8.E-1);
#115=CARTESIAN_POINT('',(1.38E1,1.4E0,5.43E0));
#116=LINE('',#115,#114);
#117=DIRECTION('',(0.E0,1.E0,0.E0));
#118=VECTOR('',#117,1.7E0);
#119=CARTESIAN_POINT('',(1.38E1,-3.E-1,4.63E0));
#120=LINE('',#119,#118);
#121=DIRECTION('',(0.E0,0.E0,1.E0));
#122=VECTOR('',#121,8.E-1);
#123=CARTESIAN_POINT('',(1.38E1,7.2E0,6.25E0));
#124=LINE('',#123,#122);
#125=DIRECTION('',(0.E0,1.E0,0.E0));
#126=VECTOR('',#125,2.4E0);
#127=CARTESIAN_POINT('',(1.38E1,4.8E0,6.25E0));
#128=LINE('',#127,#126);
#129=DIRECTION('',(0.E0,1.E0,0.E0));
#130=VECTOR('',#129,1.2E0);
#131=CARTESIAN_POINT('',(1.38E1,3.6E0,4.63E0));
#132=LINE('',#131,#130);
#133=DIRECTION('',(0.E0,0.E0,-1.E0));
#134=VECTOR('',#133,1.62E0);
#135=CARTESIAN_POINT('',(1.38E1,4.2E0,7.05E0));
#136=LINE('',#135,#134);
#137=DIRECTION('',(0.E0,1.E0,0.E0));
#138=VECTOR('',#137,3.E0);
#139=CARTESIAN_POINT('',(1.38E1,4.2E0,7.05E0));
#140=LINE('',#139,#138);
#141=DIRECTION('',(0.E0,1.E0,0.E0));
#142=VECTOR('',#141,5.4E0);
#143=CARTESIAN_POINT('',(1.38E1,-7.2E0,7.05E0));
#144=LINE('',#143,#142);
#145=DIRECTION('',(0.E0,0.E0,-1.E0));
#146=VECTOR('',#145,8.E-1);
#147=CARTESIAN_POINT('',(1.38E1,-7.2E0,7.05E0));
#148=LINE('',#147,#146);
#149=CARTESIAN_POINT('',(-1.35E1,7.2E0,7.05E0));
#150=DIRECTION('',(0.E0,0.E0,1.E0));
#151=DIRECTION('',(0.E0,1.E0,0.E0));
#152=AXIS2_PLACEMENT_3D('',#149,#150,#151);
#154=DIRECTION('',(0.E0,-1.E0,0.E0));
#155=VECTOR('',#154,2.3E0);
#156=CARTESIAN_POINT('',(-1.28E1,6.5E0,7.05E0));
#157=LINE('',#156,#155);
#158=DIRECTION('',(-1.E0,0.E0,0.E0));
#159=VECTOR('',#158,1.E0);
#160=CARTESIAN_POINT('',(-1.28E1,4.2E0,7.05E0));
#161=LINE('',#160,#159);
#162=CARTESIAN_POINT('',(1.35E1,7.2E0,7.05E0));
#163=DIRECTION('',(0.E0,0.E0,1.E0));
#164=DIRECTION('',(1.E0,0.E0,0.E0));
#165=AXIS2_PLACEMENT_3D('',#162,#163,#164);
#167=DIRECTION('',(-1.E0,0.E0,0.E0));
#168=VECTOR('',#167,1.E0);
#169=CARTESIAN_POINT('',(1.38E1,4.2E0,7.05E0));
#170=LINE('',#169,#168);
#171=DIRECTION('',(0.E0,1.E0,0.E0));
#172=VECTOR('',#171,2.3E0);
#173=CARTESIAN_POINT('',(1.28E1,4.2E0,7.05E0));
#174=LINE('',#173,#172);
#175=DIRECTION('',(-1.E0,0.E0,0.E0));
#176=VECTOR('',#175,8.3E0);
#177=CARTESIAN_POINT('',(1.28E1,6.5E0,7.05E0));
#178=LINE('',#177,#176);
#179=DIRECTION('',(1.E0,0.E0,0.E0));
#180=VECTOR('',#179,1.2E0);
#181=CARTESIAN_POINT('',(-1.5E1,-1.8E0,7.05E0));
#182=LINE('',#181,#180);
#183=DIRECTION('',(1.E0,0.E0,0.E0));
#184=VECTOR('',#183,1.E0);
#185=CARTESIAN_POINT('',(-1.38E1,5.E-1,7.05E0));
#186=LINE('',#185,#184);
#187=DIRECTION('',(0.E0,-1.E0,0.E0));
#188=VECTOR('',#187,7.E0);
#189=CARTESIAN_POINT('',(-1.28E1,5.E-1,7.05E0));
#190=LINE('',#189,#188);
#191=DIRECTION('',(1.E0,0.E0,0.E0));
#192=VECTOR('',#191,2.56E1);
#193=CARTESIAN_POINT('',(-1.28E1,-6.5E0,7.05E0));
#194=LINE('',#193,#192);
#195=DIRECTION('',(0.E0,1.E0,0.E0));
#196=VECTOR('',#195,7.E0);
#197=CARTESIAN_POINT('',(1.28E1,-6.5E0,7.05E0));
#198=LINE('',#197,#196);
#199=DIRECTION('',(0.E0,1.E0,0.E0));
#200=VECTOR('',#199,8.E-1);
#201=CARTESIAN_POINT('',(1.38E1,-3.E-1,7.05E0));
#202=LINE('',#201,#200);
#203=DIRECTION('',(1.E0,0.E0,0.E0));
#204=VECTOR('',#203,1.2E0);
#205=CARTESIAN_POINT('',(1.38E1,-3.E-1,7.05E0));
#206=LINE('',#205,#204);
#207=DIRECTION('',(0.E0,1.E0,0.E0));
#208=VECTOR('',#207,1.5E0);
#209=CARTESIAN_POINT('',(1.5E1,-1.8E0,7.05E0));
#210=LINE('',#209,#208);
#211=DIRECTION('',(1.E0,0.E0,0.E0));
#212=VECTOR('',#211,1.2E0);
#213=CARTESIAN_POINT('',(1.38E1,-1.8E0,7.05E0));
#214=LINE('',#213,#212);
#215=CARTESIAN_POINT('',(1.35E1,-7.2E0,7.05E0));
#216=DIRECTION('',(0.E0,0.E0,1.E0));
#217=DIRECTION('',(0.E0,-1.E0,0.E0));
#218=AXIS2_PLACEMENT_3D('',#215,#216,#217);
#220=CARTESIAN_POINT('',(-1.35E1,-7.2E0,7.05E0));
#221=DIRECTION('',(0.E0,0.E0,1.E0));
#222=DIRECTION('',(-1.E0,0.E0,0.E0));
#223=AXIS2_PLACEMENT_3D('',#220,#221,#222);
#225=CARTESIAN_POINT('',(-1.38E1,7.2E0,6.25E0));
#226=CARTESIAN_POINT('',(-1.38E1,7.247794499276E0,6.25E0));
#227=CARTESIAN_POINT('',(-1.377957036598E1,7.326030587319E0,6.225652910262E0));
#228=CARTESIAN_POINT('',(-1.373797529453E1,7.386288774180E0,6.176081834429E0));
#229=CARTESIAN_POINT('',(-1.371213203436E1,7.412132034356E0,6.145283036270E0));
#231=DIRECTION('',(0.E0,1.E0,0.E0));
#232=VECTOR('',#231,3.E0);
#233=CARTESIAN_POINT('',(-1.11E1,-4.8E0,3.032265299996E0));
#234=LINE('',#233,#232);
#235=CARTESIAN_POINT('',(-1.371213203436E1,-7.412132034356E0,6.145283036270E0));
#236=CARTESIAN_POINT('',(-1.373797529453E1,-7.386288774180E0,6.176081834429E0));
#237=CARTESIAN_POINT('',(-1.377957036598E1,-7.326030587319E0,6.225652910262E0));
#238=CARTESIAN_POINT('',(-1.38E1,-7.247794499276E0,6.25E0));
#239=CARTESIAN_POINT('',(-1.38E1,-7.2E0,6.25E0));
#241=DIRECTION('',(-6.427876096865E-1,0.E0,7.660444431190E-1));
#242=VECTOR('',#241,4.200454332523E0);
#243=CARTESIAN_POINT('',(-1.11E1,4.8E0,3.032265299996E0));
#244=LINE('',#243,#242);
#245=DIRECTION('',(0.E0,-1.151342395908E-14,-1.E0));
#246=VECTOR('',#245,1.62E0);
#247=CARTESIAN_POINT('',(-1.38E1,4.8E0,6.25E0));
#248=LINE('',#247,#246);
#249=DIRECTION('',(-8.606080434601E-1,0.E0,5.092679015330E-1));
#250=VECTOR('',#249,3.137316715220E0);
#251=CARTESIAN_POINT('',(-1.11E1,4.8E0,3.032265299996E0));
#252=LINE('',#251,#250);
#253=DIRECTION('',(-6.427876096865E-1,0.E0,-7.660444431190E-1));
#254=VECTOR('',#253,4.200454332523E0);
#255=CARTESIAN_POINT('',(1.38E1,4.8E0,6.25E0));
#256=LINE('',#255,#254);
#257=DIRECTION('',(-8.606080434601E-1,0.E0,-5.092679015330E-1));
#258=VECTOR('',#257,3.137316715220E0);
#259=CARTESIAN_POINT('',(1.38E1,4.8E0,4.63E0));
#260=LINE('',#259,#258);
#261=DIRECTION('',(0.E0,0.E0,1.E0));
#262=VECTOR('',#261,1.62E0);
#263=CARTESIAN_POINT('',(1.38E1,4.8E0,4.63E0));
#264=LINE('',#263,#262);
#265=CARTESIAN_POINT('',(1.371213203436E1,7.412132034356E0,6.145283036270E0));
#266=CARTESIAN_POINT('',(1.373797529453E1,7.386288774180E0,6.176081834429E0));
#267=CARTESIAN_POINT('',(1.377957036598E1,7.326030587319E0,6.225652910262E0));
#268=CARTESIAN_POINT('',(1.38E1,7.247794499276E0,6.25E0));
#269=CARTESIAN_POINT('',(1.38E1,7.2E0,6.25E0));
#271=DIRECTION('',(0.E0,1.E0,0.E0));
#272=VECTOR('',#271,5.4E0);
#273=CARTESIAN_POINT('',(1.38E1,-7.2E0,6.25E0));
#274=LINE('',#273,#272);
#275=DIRECTION('',(6.427876096865E-1,0.E0,7.660444431190E-1));
#276=VECTOR('',#275,3.111447653720E-1);
#277=CARTESIAN_POINT('',(1.11E1,-3.E0,3.032265299996E0));
#278=LINE('',#277,#276);
#279=CARTESIAN_POINT('',(1.13E1,-3.E0,3.270616018514E0));
#280=CARTESIAN_POINT('',(1.130822192952E1,-3.E0,3.280414532564E0));
#281=CARTESIAN_POINT('',(1.131644062914E1,-3.000253259051E0,3.290209197362E0));
#282=CARTESIAN_POINT('',(1.132465608803E1,-3.000760626537E0,3.3E0));
#284=DIRECTION('',(0.E0,-1.E0,0.E0));
#285=VECTOR('',#284,7.984787469262E-1);
#286=CARTESIAN_POINT('',(1.132465608803E1,-3.000760626537E0,3.3E0));
#287=LINE('',#286,#285);
#288=CARTESIAN_POINT('',(1.132465608803E1,-3.799239373463E0,3.3E0));
#289=CARTESIAN_POINT('',(1.131644062914E1,-3.799746740949E0,3.290209197362E0));
#290=CARTESIAN_POINT('',(1.130822192953E1,-3.8E0,3.280414532564E0));
#291=CARTESIAN_POINT('',(1.13E1,-3.8E0,3.270616018514E0));
#293=DIRECTION('',(6.427876096865E-1,0.E0,7.660444431190E-1));
#294=VECTOR('',#293,3.111447653721E-1);
#295=CARTESIAN_POINT('',(1.11E1,-3.8E0,3.032265299996E0));
#296=LINE('',#295,#294);
#297=DIRECTION('',(0.E0,-1.E0,0.E0));
#298=VECTOR('',#297,1.E0);
#299=CARTESIAN_POINT('',(1.11E1,-3.8E0,3.032265299996E0));
#300=LINE('',#299,#298);
#301=CARTESIAN_POINT('',(1.38E1,-7.2E0,6.25E0));
#302=CARTESIAN_POINT('',(1.38E1,-7.247794499276E0,6.25E0));
#303=CARTESIAN_POINT('',(1.377957036598E1,-7.326030587319E0,6.225652910262E0));
#304=CARTESIAN_POINT('',(1.373797529453E1,-7.386288774180E0,6.176081834429E0));
#305=CARTESIAN_POINT('',(1.371213203436E1,-7.412132034356E0,6.145283036270E0));
#307=DIRECTION('',(0.E0,0.E0,-1.E0));
#308=VECTOR('',#307,8.E-1);
#309=CARTESIAN_POINT('',(-1.35E1,7.5E0,7.05E0));
#310=LINE('',#309,#308);
#311=DIRECTION('',(1.E0,0.E0,0.E0));
#312=VECTOR('',#311,8.E0);
#313=CARTESIAN_POINT('',(-1.35E1,7.5E0,6.25E0));
#314=LINE('',#313,#312);
#315=DIRECTION('',(1.E0,0.E0,0.E0));
#316=VECTOR('',#315,1.E0);
#317=CARTESIAN_POINT('',(-5.5E0,7.5E0,2.75E0));
#318=LINE('',#317,#316);
#319=DIRECTION('',(-1.E0,0.E0,0.E0));
#320=VECTOR('',#319,9.E0);
#321=CARTESIAN_POINT('',(-4.5E0,7.5E0,7.05E0));
#322=LINE('',#321,#320);
#323=DIRECTION('',(0.E0,0.E0,1.E0));
#324=VECTOR('',#323,8.E-1);
#325=CARTESIAN_POINT('',(1.35E1,7.5E0,6.25E0));
#326=LINE('',#325,#324);
#327=DIRECTION('',(-1.E0,0.E0,0.E0));
#328=VECTOR('',#327,9.E0);
#329=CARTESIAN_POINT('',(1.35E1,7.5E0,7.05E0));
#330=LINE('',#329,#328);
#331=DIRECTION('',(1.E0,0.E0,0.E0));
#332=VECTOR('',#331,8.E0);
#333=CARTESIAN_POINT('',(5.5E0,7.5E0,6.25E0));
#334=LINE('',#333,#332);
#335=CARTESIAN_POINT('',(-1.371213203436E1,7.412132034356E0,6.145283036270E0));
#336=CARTESIAN_POINT('',(-1.368628877418E1,7.437975294532E0,6.176081834429E0));
#337=CARTESIAN_POINT('',(-1.362603058732E1,7.479570365980E0,6.225652910262E0));
#338=CARTESIAN_POINT('',(-1.354779449928E1,7.5E0,6.25E0));
#339=CARTESIAN_POINT('',(-1.35E1,7.5E0,6.25E0));
#341=DIRECTION('',(-5.407162030609E-1,5.407162030609E-1,6.444004775718E-1));
#342=VECTOR('',#341,4.830874346966E0);
#343=CARTESIAN_POINT('',(-1.11E1,4.8E0,3.032265299996E0));
#344=LINE('',#343,#342);
#345=DIRECTION('',(1.E0,0.E0,0.E0));
#346=VECTOR('',#345,5.6E0);
#347=CARTESIAN_POINT('',(-1.11E1,4.8E0,3.032265299996E0));
#348=LINE('',#347,#346);
#349=DIRECTION('',(0.E0,6.427876096865E-1,7.660444431190E-1));
#350=VECTOR('',#349,4.200454332523E0);
#351=CARTESIAN_POINT('',(-5.5E0,4.8E0,3.032265299996E0));
#352=LINE('',#351,#350);
#353=CARTESIAN_POINT('',(1.35E1,7.5E0,6.25E0));
#354=CARTESIAN_POINT('',(1.354779449928E1,7.5E0,6.25E0));
#355=CARTESIAN_POINT('',(1.362603058732E1,7.479570365980E0,6.225652910262E0));
#356=CARTESIAN_POINT('',(1.368628877418E1,7.437975294532E0,6.176081834429E0));
#357=CARTESIAN_POINT('',(1.371213203436E1,7.412132034356E0,6.145283036270E0));
#359=DIRECTION('',(0.E0,6.427876096865E-1,7.660444431190E-1));
#360=VECTOR('',#359,4.200454332523E0);
#361=CARTESIAN_POINT('',(5.5E0,4.8E0,3.032265299996E0));
#362=LINE('',#361,#360);
#363=DIRECTION('',(1.E0,0.E0,0.E0));
#364=VECTOR('',#363,5.6E0);
#365=CARTESIAN_POINT('',(5.5E0,4.8E0,3.032265299996E0));
#366=LINE('',#365,#364);
#367=DIRECTION('',(5.407162030609E-1,5.407162030609E-1,6.444004775718E-1));
#368=VECTOR('',#367,4.830874346966E0);
#369=CARTESIAN_POINT('',(1.11E1,4.8E0,3.032265299996E0));
#370=LINE('',#369,#368);
#371=DIRECTION('',(0.E0,0.E0,-1.E0));
#372=VECTOR('',#371,8.653846153846E-1);
#373=CARTESIAN_POINT('',(-4.5E0,4.8E0,5.415384615385E0));
#374=LINE('',#373,#372);
#375=DIRECTION('',(1.E0,0.E0,0.E0));
#376=VECTOR('',#375,9.E0);
#377=CARTESIAN_POINT('',(-4.5E0,4.8E0,4.55E0));
#378=LINE('',#377,#376);
#379=DIRECTION('',(0.E0,0.E0,-1.E0));
#380=VECTOR('',#379,8.653846153846E-1);
#381=CARTESIAN_POINT('',(4.5E0,4.8E0,5.415384615385E0));
#382=LINE('',#381,#380);
#383=DIRECTION('',(0.E0,0.E0,1.E0));
#384=VECTOR('',#383,1.00822653E1);
#385=CARTESIAN_POINT('',(1.11E1,4.8E0,-7.05E0));
#386=LINE('',#385,#384);
#387=DIRECTION('',(0.E0,0.E0,-1.E0));
#388=VECTOR('',#387,2.822652999956E-1);
#389=CARTESIAN_POINT('',(5.5E0,4.8E0,3.032265299996E0));
#390=LINE('',#389,#388);
#391=DIRECTION('',(0.E0,0.E0,-1.E0));
#392=VECTOR('',#391,2.822652999956E-1);
#393=CARTESIAN_POINT('',(-5.5E0,4.8E0,3.032265299996E0));
#394=LINE('',#393,#392);
#395=DIRECTION('',(0.E0,0.E0,1.E0));
#396=VECTOR('',#395,1.00822653E1);
#397=CARTESIAN_POINT('',(-1.11E1,4.8E0,-7.05E0));
#398=LINE('',#397,#396);
#399=DIRECTION('',(1.E0,0.E0,0.E0));
#400=VECTOR('',#399,1.7E0);
#401=CARTESIAN_POINT('',(-1.11E1,4.8E0,-7.05E0));
#402=LINE('',#401,#400);
#403=DIRECTION('',(0.E0,0.E0,-1.E0));
#404=VECTOR('',#403,5.E-1);
#405=CARTESIAN_POINT('',(-9.4E0,4.8E0,-6.55E0));
#406=LINE('',#405,#404);
#407=DIRECTION('',(1.E0,0.E0,0.E0));
#408=VECTOR('',#407,2.E0);
#409=CARTESIAN_POINT('',(-9.4E0,4.8E0,-6.55E0));
#410=LINE('',#409,#408);
#411=DIRECTION('',(0.E0,0.E0,-1.E0));
#412=VECTOR('',#411,5.E-1);
#413=CARTESIAN_POINT('',(-7.4E0,4.8E0,-6.55E0));
#414=LINE('',#413,#412);
#415=DIRECTION('',(1.E0,0.E0,0.E0));
#416=VECTOR('',#415,2.2E0);
#417=CARTESIAN_POINT('',(-7.4E0,4.8E0,-7.05E0));
#418=LINE('',#417,#416);
#419=DIRECTION('',(0.E0,0.E0,-1.E0));
#420=VECTOR('',#419,5.E-1);
#421=CARTESIAN_POINT('',(-5.2E0,4.8E0,-6.55E0));
#422=LINE('',#421,#420);
#423=DIRECTION('',(1.E0,0.E0,0.E0));
#424=VECTOR('',#423,2.E0);
#425=CARTESIAN_POINT('',(-5.2E0,4.8E0,-6.55E0));
#426=LINE('',#425,#424);
#427=DIRECTION('',(0.E0,0.E0,-1.E0));
#428=VECTOR('',#427,5.E-1);
#429=CARTESIAN_POINT('',(-3.2E0,4.8E0,-6.55E0));
#430=LINE('',#429,#428);
#431=DIRECTION('',(1.E0,0.E0,0.E0));
#432=VECTOR('',#431,2.2E0);
#433=CARTESIAN_POINT('',(-3.2E0,4.8E0,-7.05E0));
#434=LINE('',#433,#432);
#435=DIRECTION('',(0.E0,0.E0,-1.E0));
#436=VECTOR('',#435,5.E-1);
#437=CARTESIAN_POINT('',(-1.E0,4.8E0,-6.55E0));
#438=LINE('',#437,#436);
#439=DIRECTION('',(1.E0,0.E0,0.E0));
#440=VECTOR('',#439,2.E0);
#441=CARTESIAN_POINT('',(-1.E0,4.8E0,-6.55E0));
#442=LINE('',#441,#440);
#443=DIRECTION('',(0.E0,0.E0,-1.E0));
#444=VECTOR('',#443,5.E-1);
#445=CARTESIAN_POINT('',(1.E0,4.8E0,-6.55E0));
#446=LINE('',#445,#444);
#447=DIRECTION('',(1.E0,0.E0,0.E0));
#448=VECTOR('',#447,2.2E0);
#449=CARTESIAN_POINT('',(1.E0,4.8E0,-7.05E0));
#450=LINE('',#449,#448);
#451=DIRECTION('',(0.E0,0.E0,-1.E0));
#452=VECTOR('',#451,5.E-1);
#453=CARTESIAN_POINT('',(3.2E0,4.8E0,-6.55E0));
#454=LINE('',#453,#452);
#455=DIRECTION('',(1.E0,0.E0,0.E0));
#456=VECTOR('',#455,2.E0);
#457=CARTESIAN_POINT('',(3.2E0,4.8E0,-6.55E0));
#458=LINE('',#457,#456);
#459=DIRECTION('',(0.E0,0.E0,-1.E0));
#460=VECTOR('',#459,5.E-1);
#461=CARTESIAN_POINT('',(5.2E0,4.8E0,-6.55E0));
#462=LINE('',#461,#460);
#463=DIRECTION('',(1.E0,0.E0,0.E0));
#464=VECTOR('',#463,2.2E0);
#465=CARTESIAN_POINT('',(5.2E0,4.8E0,-7.05E0));
#466=LINE('',#465,#464);
#467=DIRECTION('',(0.E0,0.E0,-1.E0));
#468=VECTOR('',#467,5.E-1);
#469=CARTESIAN_POINT('',(7.4E0,4.8E0,-6.55E0));
#470=LINE('',#469,#468);
#471=DIRECTION('',(1.E0,0.E0,0.E0));
#472=VECTOR('',#471,2.E0);
#473=CARTESIAN_POINT('',(7.4E0,4.8E0,-6.55E0));
#474=LINE('',#473,#472);
#475=DIRECTION('',(0.E0,0.E0,-1.E0));
#476=VECTOR('',#475,5.E-1);
#477=CARTESIAN_POINT('',(9.4E0,4.8E0,-6.55E0));
#478=LINE('',#477,#476);
#479=DIRECTION('',(1.E0,0.E0,0.E0));
#480=VECTOR('',#479,1.7E0);
#481=CARTESIAN_POINT('',(9.4E0,4.8E0,-7.05E0));
#482=LINE('',#481,#480);
#483=DIRECTION('',(5.847497075982E-1,5.847497075982E-1,5.622593342290E-1));
#484=VECTOR('',#483,4.446346815083E0);
#485=CARTESIAN_POINT('',(1.02E1,3.9E0,4.55E0));
#486=LINE('',#485,#484);
#487=DIRECTION('',(-1.E0,0.E0,0.E0));
#488=VECTOR('',#487,2.04E1);
#489=CARTESIAN_POINT('',(1.02E1,3.9E0,4.55E0));
#490=LINE('',#489,#488);
#491=DIRECTION('',(1.E0,0.E0,0.E0));
#492=VECTOR('',#491,8.3E0);
#493=CARTESIAN_POINT('',(-1.28E1,6.5E0,7.05E0));
#494=LINE('',#493,#492);
#495=DIRECTION('',(1.E0,0.E0,0.E0));
#496=VECTOR('',#495,9.E0);
#497=CARTESIAN_POINT('',(-4.5E0,4.8E0,5.415384615385E0));
#498=LINE('',#497,#496);
#499=DIRECTION('',(7.208330649019E-1,0.E0,6.931087162518E-1));
#500=VECTOR('',#499,3.606937759374E0);
#501=CARTESIAN_POINT('',(1.02E1,5.E-1,4.55E0));
#502=LINE('',#501,#500);
#503=DIRECTION('',(5.847497075982E-1,-5.847497075982E-1,5.622593342290E-1));
#504=VECTOR('',#503,4.446346815083E0);
#505=CARTESIAN_POINT('',(1.02E1,-3.9E0,4.55E0));
#506=LINE('',#505,#504);
#507=DIRECTION('',(0.E0,1.E0,0.E0));
#508=VECTOR('',#507,4.4E0);
#509=CARTESIAN_POINT('',(1.02E1,-3.9E0,4.55E0));
#510=LINE('',#509,#508);
#511=DIRECTION('',(9.472159695726E-1,0.E0,-3.205961743169E-1));
#512=VECTOR('',#511,2.744886154288E0);
#513=CARTESIAN_POINT('',(-1.28E1,5.E-1,5.43E0));
#514=LINE('',#513,#512);
#515=DIRECTION('',(0.E0,0.E0,-1.E0));
#516=VECTOR('',#515,1.62E0);
#517=CARTESIAN_POINT('',(1.38E1,5.E-1,7.05E0));
#518=LINE('',#517,#516);
#519=DIRECTION('',(-1.E0,0.E0,0.E0));
#520=VECTOR('',#519,1.E0);
#521=CARTESIAN_POINT('',(1.38E1,5.E-1,7.05E0));
#522=LINE('',#521,#520);
#523=DIRECTION('',(9.472159695726E-1,0.E0,3.205961743169E-1));
#524=VECTOR('',#523,2.744886154288E0);
#525=CARTESIAN_POINT('',(1.02E1,5.E-1,4.55E0));
#526=LINE('',#525,#524);
#527=DIRECTION('',(-1.E0,0.E0,0.E0));
#528=VECTOR('',#527,1.E0);
#529=CARTESIAN_POINT('',(-1.28E1,5.E-1,5.43E0));
#530=LINE('',#529,#528);
#531=DIRECTION('',(-1.E0,0.E0,0.E0));
#532=VECTOR('',#531,3.631805096660E-1);
#533=CARTESIAN_POINT('',(-1.38E1,1.4E0,5.43E0));
#534=LINE('',#533,#532);
#535=DIRECTION('',(1.E0,0.E0,0.E0));
#536=VECTOR('',#535,3.631805096660E-1);
#537=CARTESIAN_POINT('',(-1.416318050967E1,3.6E0,5.43E0));
#538=LINE('',#537,#536);
#539=DIRECTION('',(0.E0,1.E0,0.E0));
#540=VECTOR('',#539,6.E-1);
#541=CARTESIAN_POINT('',(-1.38E1,3.6E0,5.43E0));
#542=LINE('',#541,#540);
#543=DIRECTION('',(-1.E0,0.E0,0.E0));
#544=VECTOR('',#543,1.E0);
#545=CARTESIAN_POINT('',(-1.28E1,4.2E0,5.43E0));
#546=LINE('',#545,#544);
#547=DIRECTION('',(-1.E0,0.E0,0.E0));
#548=VECTOR('',#547,1.E0);
#549=CARTESIAN_POINT('',(1.38E1,4.2E0,5.43E0));
#550=LINE('',#549,#548);
#551=DIRECTION('',(0.E0,-1.E0,0.E0));
#552=VECTOR('',#551,6.E-1);
#553=CARTESIAN_POINT('',(1.38E1,4.2E0,5.43E0));
#554=LINE('',#553,#552);
#555=DIRECTION('',(1.E0,0.E0,0.E0));
#556=VECTOR('',#555,3.631805096660E-1);
#557=CARTESIAN_POINT('',(1.38E1,3.6E0,5.43E0));
#558=LINE('',#557,#556);
#559=CARTESIAN_POINT('',(1.29E1,2.5E0,5.43E0));
#560=DIRECTION('',(0.E0,0.E0,-1.E0));
#561=DIRECTION('',(7.541376177110E-1,6.567164179104E-1,0.E0));
#562=AXIS2_PLACEMENT_3D('',#559,#560,#561);
#564=DIRECTION('',(-1.E0,0.E0,0.E0));
#565=VECTOR('',#564,3.631805096660E-1);
#566=CARTESIAN_POINT('',(1.416318050967E1,1.4E0,5.43E0));
#567=LINE('',#566,#565);
#568=DIRECTION('',(-1.E0,0.E0,0.E0));
#569=VECTOR('',#568,1.E0);
#570=CARTESIAN_POINT('',(1.38E1,5.E-1,5.43E0));
#571=LINE('',#570,#569);
#572=DIRECTION('',(0.E0,1.E0,0.E0));
#573=VECTOR('',#572,3.7E0);
#574=CARTESIAN_POINT('',(-1.28E1,5.E-1,5.43E0));
#575=LINE('',#574,#573);
#576=DIRECTION('',(-9.416088064749E-1,1.086471699779E-1,3.186983652684E-1));
#577=VECTOR('',#576,2.761231609264E0);
#578=CARTESIAN_POINT('',(-1.02E1,3.9E0,4.55E0));
#579=LINE('',#578,#577);
#580=DIRECTION('',(7.183526531942E-1,-8.288684459933E-2,-6.907237049944E-1));
#581=VECTOR('',#580,3.619392214171E0);
#582=CARTESIAN_POINT('',(-1.28E1,4.2E0,7.05E0));
#583=LINE('',#582,#581);
#584=DIRECTION('',(-7.208330649019E-1,0.E0,6.931087162518E-1));
#585=VECTOR('',#584,3.606937759374E0);
#586=CARTESIAN_POINT('',(-1.02E1,5.E-1,4.55E0));
#587=LINE('',#586,#585);
#588=DIRECTION('',(0.E0,-1.E0,0.E0));
#589=VECTOR('',#588,4.4E0);
#590=CARTESIAN_POINT('',(-1.02E1,5.E-1,4.55E0));
#591=LINE('',#590,#589);
#592=DIRECTION('',(-5.847497075982E-1,5.847497075982E-1,5.622593342290E-1));
#593=VECTOR('',#592,4.446346815083E0);
#594=CARTESIAN_POINT('',(-1.02E1,3.9E0,4.55E0));
#595=LINE('',#594,#593);
#596=DIRECTION('',(0.E0,-1.E0,0.E0));
#597=VECTOR('',#596,3.4E0);
#598=CARTESIAN_POINT('',(-1.02E1,3.9E0,4.55E0));
#599=LINE('',#598,#597);
#600=DIRECTION('',(0.E0,0.E0,-1.E0));
#601=VECTOR('',#600,6.9E0);
#602=CARTESIAN_POINT('',(-1.02E1,-3.E-1,3.55E0));
#603=LINE('',#602,#601);
#604=DIRECTION('',(0.E0,0.E0,-1.E0));
#605=VECTOR('',#604,6.9E0);
#606=CARTESIAN_POINT('',(1.8E0,3.9E0,3.55E0));
#607=LINE('',#606,#605);
#608=DIRECTION('',(0.E0,0.E0,-1.E0));
#609=VECTOR('',#608,6.9E0);
#610=CARTESIAN_POINT('',(-2.4E0,3.9E0,3.55E0));
#611=LINE('',#610,#609);
#612=DIRECTION('',(0.E0,0.E0,-1.E0));
#613=VECTOR('',#612,6.9E0);
#614=CARTESIAN_POINT('',(-6.6E0,3.9E0,3.55E0));
#615=LINE('',#614,#613);
#616=DIRECTION('',(0.E0,0.E0,-1.E0));
#617=VECTOR('',#616,7.9E0);
#618=CARTESIAN_POINT('',(-1.02E1,3.9E0,4.55E0));
#619=LINE('',#618,#617);
#620=DIRECTION('',(0.E0,0.E0,-1.E0));
#621=VECTOR('',#620,7.9E0);
#622=CARTESIAN_POINT('',(1.02E1,3.9E0,4.55E0));
#623=LINE('',#622,#621);
#624=DIRECTION('',(0.E0,0.E0,-1.E0));
#625=VECTOR('',#624,6.9E0);
#626=CARTESIAN_POINT('',(6.E0,3.9E0,3.55E0));
#627=LINE('',#626,#625);
#628=DIRECTION('',(0.E0,-1.E0,0.E0));
#629=VECTOR('',#628,3.6E0);
#630=CARTESIAN_POINT('',(2.4E0,3.9E0,3.55E0));
#631=LINE('',#630,#629);
#632=DIRECTION('',(1.E0,0.E0,0.E0));
#633=VECTOR('',#632,3.6E0);
#634=CARTESIAN_POINT('',(2.4E0,3.E-1,3.55E0));
#635=LINE('',#634,#633);
#636=DIRECTION('',(0.E0,-1.E0,0.E0));
#637=VECTOR('',#636,3.6E0);
#638=CARTESIAN_POINT('',(6.E0,3.9E0,3.55E0));
#639=LINE('',#638,#637);
#640=DIRECTION('',(-1.E0,0.E0,0.E0));
#641=VECTOR('',#640,6.E-1);
#642=CARTESIAN_POINT('',(6.6E0,3.9E0,3.55E0));
#643=LINE('',#642,#641);
#644=DIRECTION('',(0.E0,-1.E0,0.E0));
#645=VECTOR('',#644,2.8E0);
#646=CARTESIAN_POINT('',(6.6E0,3.9E0,3.55E0));
#647=LINE('',#646,#645);
#648=DIRECTION('',(7.071067811866E-1,-7.071067811865E-1,0.E0));
#649=VECTOR('',#648,1.131370849898E0);
#650=CARTESIAN_POINT('',(6.6E0,1.1E0,3.55E0));
#651=LINE('',#650,#649);
#652=DIRECTION('',(-1.E0,0.E0,0.E0));
#653=VECTOR('',#652,2.E0);
#654=CARTESIAN_POINT('',(9.4E0,3.E-1,3.55E0));
#655=LINE('',#654,#653);
#656=DIRECTION('',(7.071067811865E-1,7.071067811866E-1,0.E0));
#657=VECTOR('',#656,1.131370849898E0);
#658=CARTESIAN_POINT('',(9.4E0,3.E-1,3.55E0));
#659=LINE('',#658,#657);
#660=DIRECTION('',(0.E0,1.E0,0.E0));
#661=VECTOR('',#660,1.4E0);
#662=CARTESIAN_POINT('',(1.02E1,-3.E-1,3.55E0));
#663=LINE('',#662,#661);
#664=DIRECTION('',(-1.E0,0.E0,0.E0));
#665=VECTOR('',#664,3.6E0);
#666=CARTESIAN_POINT('',(1.02E1,-3.E-1,3.55E0));
#667=LINE('',#666,#665);
#668=DIRECTION('',(0.E0,-1.E0,0.E0));
#669=VECTOR('',#668,3.6E0);
#670=CARTESIAN_POINT('',(6.6E0,-3.E-1,3.55E0));
#671=LINE('',#670,#669);
#672=DIRECTION('',(1.E0,0.E0,0.E0));
#673=VECTOR('',#672,1.4E0);
#674=CARTESIAN_POINT('',(5.2E0,-3.9E0,3.55E0));
#675=LINE('',#674,#673);
#676=DIRECTION('',(7.071067811865E-1,7.071067811865E-1,0.E0));
#677=VECTOR('',#676,1.131370849898E0);
#678=CARTESIAN_POINT('',(5.2E0,-3.9E0,3.55E0));
#679=LINE('',#678,#677);
#680=DIRECTION('',(0.E0,1.E0,0.E0));
#681=VECTOR('',#680,2.8E0);
#682=CARTESIAN_POINT('',(6.E0,-3.1E0,3.55E0));
#683=LINE('',#682,#681);
#684=DIRECTION('',(-1.E0,0.E0,0.E0));
#685=VECTOR('',#684,3.6E0);
#686=CARTESIAN_POINT('',(6.E0,-3.E-1,3.55E0));
#687=LINE('',#686,#685);
#688=DIRECTION('',(0.E0,-1.E0,0.E0));
#689=VECTOR('',#688,2.8E0);
#690=CARTESIAN_POINT('',(2.4E0,-3.E-1,3.55E0));
#691=LINE('',#690,#689);
#692=DIRECTION('',(7.071067811865E-1,-7.071067811865E-1,0.E0));
#693=VECTOR('',#692,1.131370849898E0);
#694=CARTESIAN_POINT('',(2.4E0,-3.1E0,3.55E0));
#695=LINE('',#694,#693);
#696=DIRECTION('',(1.E0,0.E0,0.E0));
#697=VECTOR('',#696,2.2E0);
#698=CARTESIAN_POINT('',(1.E0,-3.9E0,3.55E0));
#699=LINE('',#698,#697);
#700=DIRECTION('',(7.071067811865E-1,7.071067811865E-1,0.E0));
#701=VECTOR('',#700,1.131370849898E0);
#702=CARTESIAN_POINT('',(1.E0,-3.9E0,3.55E0));
#703=LINE('',#702,#701);
#704=DIRECTION('',(0.E0,1.E0,0.E0));
#705=VECTOR('',#704,2.8E0);
#706=CARTESIAN_POINT('',(1.8E0,-3.1E0,3.55E0));
#707=LINE('',#706,#705);
#708=DIRECTION('',(-1.E0,0.E0,0.E0));
#709=VECTOR('',#708,3.6E0);
#710=CARTESIAN_POINT('',(1.8E0,-3.E-1,3.55E0));
#711=LINE('',#710,#709);
#712=DIRECTION('',(0.E0,-1.E0,0.E0));
#713=VECTOR('',#712,2.8E0);
#714=CARTESIAN_POINT('',(-1.8E0,-3.E-1,3.55E0));
#715=LINE('',#714,#713);
#716=DIRECTION('',(7.071067811865E-1,-7.071067811865E-1,0.E0));
#717=VECTOR('',#716,1.131370849898E0);
#718=CARTESIAN_POINT('',(-1.8E0,-3.1E0,3.55E0));
#719=LINE('',#718,#717);
#720=DIRECTION('',(1.E0,0.E0,0.E0));
#721=VECTOR('',#720,1.4E0);
#722=CARTESIAN_POINT('',(-2.4E0,-3.9E0,3.55E0));
#723=LINE('',#722,#721);
#724=DIRECTION('',(0.E0,1.E0,0.E0));
#725=VECTOR('',#724,3.6E0);
#726=CARTESIAN_POINT('',(-2.4E0,-3.9E0,3.55E0));
#727=LINE('',#726,#725);
#728=DIRECTION('',(-1.E0,0.E0,0.E0));
#729=VECTOR('',#728,3.6E0);
#730=CARTESIAN_POINT('',(-2.4E0,-3.E-1,3.55E0));
#731=LINE('',#730,#729);
#732=DIRECTION('',(0.E0,1.E0,0.E0));
#733=VECTOR('',#732,3.6E0);
#734=CARTESIAN_POINT('',(-6.E0,-3.9E0,3.55E0));
#735=LINE('',#734,#733);
#736=DIRECTION('',(1.E0,0.E0,0.E0));
#737=VECTOR('',#736,6.E-1);
#738=CARTESIAN_POINT('',(-6.6E0,-3.9E0,3.55E0));
#739=LINE('',#738,#737);
#740=DIRECTION('',(0.E0,-1.E0,0.E0));
#741=VECTOR('',#740,3.6E0);
#742=CARTESIAN_POINT('',(-6.6E0,-3.E-1,3.55E0));
#743=LINE('',#742,#741);
#744=DIRECTION('',(1.E0,0.E0,0.E0));
#745=VECTOR('',#744,3.6E0);
#746=CARTESIAN_POINT('',(-1.02E1,-3.E-1,3.55E0));
#747=LINE('',#746,#745);
#748=DIRECTION('',(0.E0,-1.E0,0.E0));
#749=VECTOR('',#748,1.4E0);
#750=CARTESIAN_POINT('',(-1.02E1,1.1E0,3.55E0));
#751=LINE('',#750,#749);
#752=DIRECTION('',(7.071067811866E-1,-7.071067811865E-1,0.E0));
#753=VECTOR('',#752,1.131370849898E0);
#754=CARTESIAN_POINT('',(-1.02E1,1.1E0,3.55E0));
#755=LINE('',#754,#753);
#756=DIRECTION('',(1.E0,0.E0,0.E0));
#757=VECTOR('',#756,2.E0);
#758=CARTESIAN_POINT('',(-9.4E0,3.E-1,3.55E0));
#759=LINE('',#758,#757);
#760=DIRECTION('',(7.071067811865E-1,7.071067811865E-1,0.E0));
#761=VECTOR('',#760,1.131370849898E0);
#762=CARTESIAN_POINT('',(-7.4E0,3.E-1,3.55E0));
#763=LINE('',#762,#761);
#764=DIRECTION('',(0.E0,1.E0,0.E0));
#765=VECTOR('',#764,2.8E0);
#766=CARTESIAN_POINT('',(-6.6E0,1.1E0,3.55E0));
#767=LINE('',#766,#765);
#768=DIRECTION('',(-1.E0,0.E0,0.E0));
#769=VECTOR('',#768,6.E-1);
#770=CARTESIAN_POINT('',(-6.E0,3.9E0,3.55E0));
#771=LINE('',#770,#769);
#772=DIRECTION('',(0.E0,-1.E0,0.E0));
#773=VECTOR('',#772,2.8E0);
#774=CARTESIAN_POINT('',(-6.E0,3.9E0,3.55E0));
#775=LINE('',#774,#773);
#776=DIRECTION('',(7.071067811865E-1,-7.071067811865E-1,0.E0));
#777=VECTOR('',#776,1.131370849898E0);
#778=CARTESIAN_POINT('',(-6.E0,1.1E0,3.55E0));
#779=LINE('',#778,#777);
#780=DIRECTION('',(1.E0,0.E0,0.E0));
#781=VECTOR('',#780,2.E0);
#782=CARTESIAN_POINT('',(-5.2E0,3.E-1,3.55E0));
#783=LINE('',#782,#781);
#784=DIRECTION('',(7.071067811865E-1,7.071067811865E-1,0.E0));
#785=VECTOR('',#784,1.131370849898E0);
#786=CARTESIAN_POINT('',(-3.2E0,3.E-1,3.55E0));
#787=LINE('',#786,#785);
#788=DIRECTION('',(0.E0,-1.E0,0.E0));
#789=VECTOR('',#788,2.8E0);
#790=CARTESIAN_POINT('',(-2.4E0,3.9E0,3.55E0));
#791=LINE('',#790,#789);
#792=DIRECTION('',(-1.E0,0.E0,0.E0));
#793=VECTOR('',#792,6.E-1);
#794=CARTESIAN_POINT('',(-1.8E0,3.9E0,3.55E0));
#795=LINE('',#794,#793);
#796=DIRECTION('',(0.E0,-1.E0,0.E0));
#797=VECTOR('',#796,3.6E0);
#798=CARTESIAN_POINT('',(-1.8E0,3.9E0,3.55E0));
#799=LINE('',#798,#797);
#800=DIRECTION('',(1.E0,0.E0,0.E0));
#801=VECTOR('',#800,3.6E0);
#802=CARTESIAN_POINT('',(-1.8E0,3.E-1,3.55E0));
#803=LINE('',#802,#801);
#804=DIRECTION('',(0.E0,-1.E0,0.E0));
#805=VECTOR('',#804,3.6E0);
#806=CARTESIAN_POINT('',(1.8E0,3.9E0,3.55E0));
#807=LINE('',#806,#805);
#808=DIRECTION('',(-1.E0,0.E0,0.E0));
#809=VECTOR('',#808,6.E-1);
#810=CARTESIAN_POINT('',(2.4E0,3.9E0,3.55E0));
#811=LINE('',#810,#809);
#812=DIRECTION('',(0.E0,0.E0,-1.E0));
#813=VECTOR('',#812,6.9E0);
#814=CARTESIAN_POINT('',(2.4E0,3.9E0,3.55E0));
#815=LINE('',#814,#813);
#816=DIRECTION('',(-1.E0,0.E0,0.E0));
#817=VECTOR('',#816,3.6E0);
#818=CARTESIAN_POINT('',(6.E0,3.9E0,-3.35E0));
#819=LINE('',#818,#817);
#820=DIRECTION('',(0.E0,1.E0,0.E0));
#821=VECTOR('',#820,3.6E0);
#822=CARTESIAN_POINT('',(6.E0,3.E-1,-3.35E0));
#823=LINE('',#822,#821);
#824=DIRECTION('',(1.E0,0.E0,0.E0));
#825=VECTOR('',#824,3.6E0);
#826=CARTESIAN_POINT('',(2.4E0,3.E-1,-3.35E0));
#827=LINE('',#826,#825);
#828=DIRECTION('',(0.E0,-1.E0,0.E0));
#829=VECTOR('',#828,3.6E0);
#830=CARTESIAN_POINT('',(2.4E0,3.9E0,-3.35E0));
#831=LINE('',#830,#829);
#832=DIRECTION('',(1.E0,0.E0,0.E0));
#833=VECTOR('',#832,2.E0);
#834=CARTESIAN_POINT('',(3.2E0,-3.9E0,-3.35E0));
#835=LINE('',#834,#833);
#836=DIRECTION('',(7.071067811865E-1,-7.071067811865E-1,0.E0));
#837=VECTOR('',#836,1.131370849898E0);
#838=CARTESIAN_POINT('',(2.4E0,-3.1E0,-3.35E0));
#839=LINE('',#838,#837);
#840=DIRECTION('',(0.E0,-1.E0,0.E0));
#841=VECTOR('',#840,2.8E0);
#842=CARTESIAN_POINT('',(2.4E0,-3.E-1,-3.35E0));
#843=LINE('',#842,#841);
#844=DIRECTION('',(-1.E0,0.E0,0.E0));
#845=VECTOR('',#844,3.6E0);
#846=CARTESIAN_POINT('',(6.E0,-3.E-1,-3.35E0));
#847=LINE('',#846,#845);
#848=DIRECTION('',(0.E0,1.E0,0.E0));
#849=VECTOR('',#848,2.8E0);
#850=CARTESIAN_POINT('',(6.E0,-3.1E0,-3.35E0));
#851=LINE('',#850,#849);
#852=DIRECTION('',(7.071067811865E-1,7.071067811865E-1,0.E0));
#853=VECTOR('',#852,1.131370849898E0);
#854=CARTESIAN_POINT('',(5.2E0,-3.9E0,-3.35E0));
#855=LINE('',#854,#853);
#856=DIRECTION('',(-1.E0,0.E0,0.E0));
#857=VECTOR('',#856,3.6E0);
#858=CARTESIAN_POINT('',(1.8E0,3.9E0,-3.35E0));
#859=LINE('',#858,#857);
#860=DIRECTION('',(0.E0,1.E0,0.E0));
#861=VECTOR('',#860,3.6E0);
#862=CARTESIAN_POINT('',(1.8E0,3.E-1,-3.35E0));
#863=LINE('',#862,#861);
#864=DIRECTION('',(1.E0,0.E0,0.E0));
#865=VECTOR('',#864,3.6E0);
#866=CARTESIAN_POINT('',(-1.8E0,3.E-1,-3.35E0));
#867=LINE('',#866,#865);
#868=DIRECTION('',(0.E0,-1.E0,0.E0));
#869=VECTOR('',#868,3.6E0);
#870=CARTESIAN_POINT('',(-1.8E0,3.9E0,-3.35E0));
#871=LINE('',#870,#869);
#872=DIRECTION('',(-1.E0,0.E0,0.E0));
#873=VECTOR('',#872,3.6E0);
#874=CARTESIAN_POINT('',(1.8E0,-3.E-1,-3.35E0));
#875=LINE('',#874,#873);
#876=DIRECTION('',(0.E0,1.E0,0.E0));
#877=VECTOR('',#876,2.8E0);
#878=CARTESIAN_POINT('',(1.8E0,-3.1E0,-3.35E0));
#879=LINE('',#878,#877);
#880=DIRECTION('',(7.071067811865E-1,7.071067811865E-1,0.E0));
#881=VECTOR('',#880,1.131370849898E0);
#882=CARTESIAN_POINT('',(1.E0,-3.9E0,-3.35E0));
#883=LINE('',#882,#881);
#884=DIRECTION('',(1.E0,0.E0,0.E0));
#885=VECTOR('',#884,2.E0);
#886=CARTESIAN_POINT('',(-1.E0,-3.9E0,-3.35E0));
#887=LINE('',#886,#885);
#888=DIRECTION('',(7.071067811865E-1,-7.071067811865E-1,0.E0));
#889=VECTOR('',#888,1.131370849898E0);
#890=CARTESIAN_POINT('',(-1.8E0,-3.1E0,-3.35E0));
#891=LINE('',#890,#889);
#892=DIRECTION('',(0.E0,-1.E0,0.E0));
#893=VECTOR('',#892,2.8E0);
#894=CARTESIAN_POINT('',(-1.8E0,-3.E-1,-3.35E0));
#895=LINE('',#894,#893);
#896=DIRECTION('',(0.E0,1.E0,0.E0));
#897=VECTOR('',#896,1.14E0);
#898=CARTESIAN_POINT('',(3.63E0,-2.47E0,-3.35E0));
#899=LINE('',#898,#897);
#900=DIRECTION('',(1.E0,0.E0,0.E0));
#901=VECTOR('',#900,1.14E0);
#902=CARTESIAN_POINT('',(3.63E0,-2.47E0,-3.35E0));
#903=LINE('',#902,#901);
#904=DIRECTION('',(0.E0,1.E0,0.E0));
#905=VECTOR('',#904,1.14E0);
#906=CARTESIAN_POINT('',(4.77E0,-2.47E0,-3.35E0));
#907=LINE('',#906,#905);
#908=DIRECTION('',(1.E0,0.E0,0.E0));
#909=VECTOR('',#908,1.14E0);
#910=CARTESIAN_POINT('',(3.63E0,-1.33E0,-3.35E0));
#911=LINE('',#910,#909);
#912=DIRECTION('',(0.E0,1.E0,0.E0));
#913=VECTOR('',#912,1.14E0);
#914=CARTESIAN_POINT('',(3.63E0,1.73E0,-3.35E0));
#915=LINE('',#914,#913);
#916=DIRECTION('',(1.E0,0.E0,0.E0));
#917=VECTOR('',#916,1.14E0);
#918=CARTESIAN_POINT('',(3.63E0,1.73E0,-3.35E0));
#919=LINE('',#918,#917);
#920=DIRECTION('',(0.E0,1.E0,0.E0));
#921=VECTOR('',#920,1.14E0);
#922=CARTESIAN_POINT('',(4.77E0,1.73E0,-3.35E0));
#923=LINE('',#922,#921);
#924=DIRECTION('',(1.E0,0.E0,0.E0));
#925=VECTOR('',#924,1.14E0);
#926=CARTESIAN_POINT('',(3.63E0,2.87E0,-3.35E0));
#927=LINE('',#926,#925);
#928=DIRECTION('',(0.E0,1.E0,0.E0));
#929=VECTOR('',#928,1.14E0);
#930=CARTESIAN_POINT('',(-5.7E-1,-2.47E0,-3.35E0));
#931=LINE('',#930,#929);
#932=DIRECTION('',(1.E0,0.E0,0.E0));
#933=VECTOR('',#932,1.14E0);
#934=CARTESIAN_POINT('',(-5.7E-1,-2.47E0,-3.35E0));
#935=LINE('',#934,#933);
#936=DIRECTION('',(0.E0,1.E0,0.E0));
#937=VECTOR('',#936,1.14E0);
#938=CARTESIAN_POINT('',(5.7E-1,-2.47E0,-3.35E0));
#939=LINE('',#938,#937);
#940=DIRECTION('',(1.E0,0.E0,0.E0));
#941=VECTOR('',#940,1.14E0);
#942=CARTESIAN_POINT('',(-5.7E-1,-1.33E0,-3.35E0));
#943=LINE('',#942,#941);
#944=DIRECTION('',(0.E0,1.E0,0.E0));
#945=VECTOR('',#944,1.14E0);
#946=CARTESIAN_POINT('',(-5.7E-1,1.73E0,-3.35E0));
#947=LINE('',#946,#945);
#948=DIRECTION('',(1.E0,0.E0,0.E0));
#949=VECTOR('',#948,1.14E0);
#950=CARTESIAN_POINT('',(-5.7E-1,1.73E0,-3.35E0));
#951=LINE('',#950,#949);
#952=DIRECTION('',(0.E0,1.E0,0.E0));
#953=VECTOR('',#952,1.14E0);
#954=CARTESIAN_POINT('',(5.7E-1,1.73E0,-3.35E0));
#955=LINE('',#954,#953);
#956=DIRECTION('',(1.E0,0.E0,0.E0));
#957=VECTOR('',#956,1.14E0);
#958=CARTESIAN_POINT('',(-5.7E-1,2.87E0,-3.35E0));
#959=LINE('',#958,#957);
#960=DIRECTION('',(0.E0,0.E0,-1.E0));
#961=VECTOR('',#960,6.9E0);
#962=CARTESIAN_POINT('',(6.E0,3.E-1,3.55E0));
#963=LINE('',#962,#961);
#964=DIRECTION('',(0.E0,0.E0,-1.E0));
#965=VECTOR('',#964,6.9E0);
#966=CARTESIAN_POINT('',(2.4E0,3.E-1,3.55E0));
#967=LINE('',#966,#965);
#968=DIRECTION('',(0.E0,0.E0,-1.E0));
#969=VECTOR('',#968,6.9E0);
#970=CARTESIAN_POINT('',(-1.E0,-3.9E0,3.55E0));
#971=LINE('',#970,#969);
#972=DIRECTION('',(0.E0,0.E0,-1.E0));
#973=VECTOR('',#972,6.9E0);
#974=CARTESIAN_POINT('',(3.2E0,-3.9E0,3.55E0));
#975=LINE('',#974,#973);
#976=DIRECTION('',(0.E0,0.E0,-1.E0));
#977=VECTOR('',#976,6.9E0);
#978=CARTESIAN_POINT('',(6.6E0,-3.9E0,3.55E0));
#979=LINE('',#978,#977);
#980=DIRECTION('',(0.E0,0.E0,1.E0));
#981=VECTOR('',#980,7.9E0);
#982=CARTESIAN_POINT('',(1.02E1,-3.9E0,-3.35E0));
#983=LINE('',#982,#981);
#984=DIRECTION('',(0.E0,0.E0,-1.E0));
#985=VECTOR('',#984,7.9E0);
#986=CARTESIAN_POINT('',(-1.02E1,-3.9E0,4.55E0));
#987=LINE('',#986,#985);
#988=DIRECTION('',(0.E0,0.E0,-1.E0));
#989=VECTOR('',#988,6.9E0);
#990=CARTESIAN_POINT('',(-6.E0,-3.9E0,3.55E0));
#991=LINE('',#990,#989);
#992=DIRECTION('',(0.E0,0.E0,-1.E0));
#993=VECTOR('',#992,6.9E0);
#994=CARTESIAN_POINT('',(-1.8E0,-3.1E0,3.55E0));
#995=LINE('',#994,#993);
#996=DIRECTION('',(0.E0,0.E0,-1.E0));
#997=VECTOR('',#996,6.9E0);
#998=CARTESIAN_POINT('',(-1.8E0,-3.E-1,3.55E0));
#999=LINE('',#998,#997);
#1000=DIRECTION('',(0.E0,0.E0,-1.E0));
#1001=VECTOR('',#1000,6.9E0);
#1002=CARTESIAN_POINT('',(1.8E0,-3.E-1,3.55E0));
#1003=LINE('',#1002,#1001);
#1004=DIRECTION('',(0.E0,0.E0,-1.E0));
#1005=VECTOR('',#1004,6.9E0);
#1006=CARTESIAN_POINT('',(1.8E0,-3.1E0,3.55E0));
#1007=LINE('',#1006,#1005);
#1008=DIRECTION('',(0.E0,0.E0,-1.E0));
#1009=VECTOR('',#1008,6.9E0);
#1010=CARTESIAN_POINT('',(1.E0,-3.9E0,3.55E0));
#1011=LINE('',#1010,#1009);
#1012=DIRECTION('',(0.E0,0.E0,-1.E0));
#1013=VECTOR('',#1012,6.9E0);
#1014=CARTESIAN_POINT('',(2.4E0,-3.1E0,3.55E0));
#1015=LINE('',#1014,#1013);
#1016=DIRECTION('',(0.E0,0.E0,-1.E0));
#1017=VECTOR('',#1016,6.9E0);
#1018=CARTESIAN_POINT('',(2.4E0,-3.E-1,3.55E0));
#1019=LINE('',#1018,#1017);
#1020=DIRECTION('',(0.E0,0.E0,-1.E0));
#1021=VECTOR('',#1020,6.9E0);
#1022=CARTESIAN_POINT('',(6.E0,-3.E-1,3.55E0));
#1023=LINE('',#1022,#1021);
#1024=DIRECTION('',(0.E0,0.E0,-1.E0));
#1025=VECTOR('',#1024,6.9E0);
#1026=CARTESIAN_POINT('',(6.E0,-3.1E0,3.55E0));
#1027=LINE('',#1026,#1025);
#1028=DIRECTION('',(0.E0,0.E0,-1.E0));
#1029=VECTOR('',#1028,6.9E0);
#1030=CARTESIAN_POINT('',(5.2E0,-3.9E0,3.55E0));
#1031=LINE('',#1030,#1029);
#1032=DIRECTION('',(0.E0,0.E0,-1.E0));
#1033=VECTOR('',#1032,6.9E0);
#1034=CARTESIAN_POINT('',(6.6E0,-3.E-1,3.55E0));
#1035=LINE('',#1034,#1033);
#1036=DIRECTION('',(0.E0,0.E0,-1.E0));
#1037=VECTOR('',#1036,6.9E0);
#1038=CARTESIAN_POINT('',(1.02E1,-3.E-1,3.55E0));
#1039=LINE('',#1038,#1037);
#1040=DIRECTION('',(0.E0,-1.E0,0.E0));
#1041=VECTOR('',#1040,3.4E0);
#1042=CARTESIAN_POINT('',(1.02E1,3.9E0,4.55E0));
#1043=LINE('',#1042,#1041);
#1044=DIRECTION('',(0.E0,0.E0,-1.E0));
#1045=VECTOR('',#1044,6.9E0);
#1046=CARTESIAN_POINT('',(1.02E1,1.1E0,3.55E0));
#1047=LINE('',#1046,#1045);
#1048=DIRECTION('',(-9.416088064749E-1,-1.086471699779E-1,-3.186983652684E-1));
#1049=VECTOR('',#1048,2.761231609264E0);
#1050=CARTESIAN_POINT('',(1.28E1,4.2E0,5.43E0));
#1051=LINE('',#1050,#1049);
#1052=DIRECTION('',(0.E0,-1.E0,0.E0));
#1053=VECTOR('',#1052,3.7E0);
#1054=CARTESIAN_POINT('',(1.28E1,4.2E0,5.43E0));
#1055=LINE('',#1054,#1053);
#1056=DIRECTION('',(0.E0,0.E0,-1.E0));
#1057=VECTOR('',#1056,1.62E0);
#1058=CARTESIAN_POINT('',(1.28E1,4.2E0,7.05E0));
#1059=LINE('',#1058,#1057);
#1060=DIRECTION('',(7.183526531942E-1,8.288684459933E-2,6.907237049944E-1));
#1061=VECTOR('',#1060,3.619392214171E0);
#1062=CARTESIAN_POINT('',(1.02E1,3.9E0,4.55E0));
#1063=LINE('',#1062,#1061);
#1064=DIRECTION('',(0.E0,-1.E0,0.E0));
#1065=VECTOR('',#1064,2.8E0);
#1066=CARTESIAN_POINT('',(6.6E0,3.9E0,-3.35E0));
#1067=LINE('',#1066,#1065);
#1068=DIRECTION('',(-1.E0,0.E0,0.E0));
#1069=VECTOR('',#1068,3.6E0);
#1070=CARTESIAN_POINT('',(1.02E1,3.9E0,-3.35E0));
#1071=LINE('',#1070,#1069);
#1072=DIRECTION('',(0.E0,1.E0,0.E0));
#1073=VECTOR('',#1072,2.8E0);
#1074=CARTESIAN_POINT('',(1.02E1,1.1E0,-3.35E0));
#1075=LINE('',#1074,#1073);
#1076=DIRECTION('',(7.071067811865E-1,7.071067811866E-1,0.E0));
#1077=VECTOR('',#1076,1.131370849898E0);
#1078=CARTESIAN_POINT('',(9.4E0,3.E-1,-3.35E0));
#1079=LINE('',#1078,#1077);
#1080=DIRECTION('',(1.E0,0.E0,0.E0));
#1081=VECTOR('',#1080,2.E0);
#1082=CARTESIAN_POINT('',(7.4E0,3.E-1,-3.35E0));
#1083=LINE('',#1082,#1081);
#1084=DIRECTION('',(7.071067811866E-1,-7.071067811865E-1,0.E0));
#1085=VECTOR('',#1084,1.131370849898E0);
#1086=CARTESIAN_POINT('',(6.6E0,1.1E0,-3.35E0));
#1087=LINE('',#1086,#1085);
#1088=DIRECTION('',(0.E0,-1.E0,0.E0));
#1089=VECTOR('',#1088,3.6E0);
#1090=CARTESIAN_POINT('',(6.6E0,-3.E-1,-3.35E0));
#1091=LINE('',#1090,#1089);
#1092=DIRECTION('',(-1.E0,0.E0,0.E0));
#1093=VECTOR('',#1092,3.6E0);
#1094=CARTESIAN_POINT('',(1.02E1,-3.E-1,-3.35E0));
#1095=LINE('',#1094,#1093);
#1096=DIRECTION('',(0.E0,1.E0,0.E0));
#1097=VECTOR('',#1096,3.6E0);
#1098=CARTESIAN_POINT('',(1.02E1,-3.9E0,-3.35E0));
#1099=LINE('',#1098,#1097);
#1100=DIRECTION('',(1.E0,0.E0,0.E0));
#1101=VECTOR('',#1100,3.6E0);
#1102=CARTESIAN_POINT('',(6.6E0,-3.9E0,-3.35E0));
#1103=LINE('',#1102,#1101);
#1104=DIRECTION('',(0.E0,1.E0,0.E0));
#1105=VECTOR('',#1104,1.14E0);
#1106=CARTESIAN_POINT('',(7.83E0,-2.47E0,-3.35E0));
#1107=LINE('',#1106,#1105);
#1108=DIRECTION('',(1.E0,0.E0,0.E0));
#1109=VECTOR('',#1108,1.14E0);
#1110=CARTESIAN_POINT('',(7.83E0,-2.47E0,-3.35E0));
#1111=LINE('',#1110,#1109);
#1112=DIRECTION('',(0.E0,1.E0,0.E0));
#1113=VECTOR('',#1112,1.14E0);
#1114=CARTESIAN_POINT('',(8.97E0,-2.47E0,-3.35E0));
#1115=LINE('',#1114,#1113);
#1116=DIRECTION('',(1.E0,0.E0,0.E0));
#1117=VECTOR('',#1116,1.14E0);
#1118=CARTESIAN_POINT('',(7.83E0,-1.33E0,-3.35E0));
#1119=LINE('',#1118,#1117);
#1120=DIRECTION('',(0.E0,1.E0,0.E0));
#1121=VECTOR('',#1120,1.14E0);
#1122=CARTESIAN_POINT('',(7.83E0,1.73E0,-3.35E0));
#1123=LINE('',#1122,#1121);
#1124=DIRECTION('',(1.E0,0.E0,0.E0));
#1125=VECTOR('',#1124,1.14E0);
#1126=CARTESIAN_POINT('',(7.83E0,1.73E0,-3.35E0));
#1127=LINE('',#1126,#1125);
#1128=DIRECTION('',(0.E0,1.E0,0.E0));
#1129=VECTOR('',#1128,1.14E0);
#1130=CARTESIAN_POINT('',(8.97E0,1.73E0,-3.35E0));
#1131=LINE('',#1130,#1129);
#1132=DIRECTION('',(1.E0,0.E0,0.E0));
#1133=VECTOR('',#1132,1.14E0);
#1134=CARTESIAN_POINT('',(7.83E0,2.87E0,-3.35E0));
#1135=LINE('',#1134,#1133);
#1136=DIRECTION('',(0.E0,0.E0,-1.E0));
#1137=VECTOR('',#1136,6.9E0);
#1138=CARTESIAN_POINT('',(6.6E0,3.9E0,3.55E0));
#1139=LINE('',#1138,#1137);
#1140=DIRECTION('',(0.E0,0.E0,-1.E0));
#1141=VECTOR('',#1140,6.9E0);
#1142=CARTESIAN_POINT('',(6.6E0,1.1E0,3.55E0));
#1143=LINE('',#1142,#1141);
#1144=DIRECTION('',(0.E0,0.E0,-1.E0));
#1145=VECTOR('',#1144,6.9E0);
#1146=CARTESIAN_POINT('',(7.4E0,3.E-1,3.55E0));
#1147=LINE('',#1146,#1145);
#1148=DIRECTION('',(0.E0,0.E0,-1.E0));
#1149=VECTOR('',#1148,6.9E0);
#1150=CARTESIAN_POINT('',(9.4E0,3.E-1,3.55E0));
#1151=LINE('',#1150,#1149);
#1152=DIRECTION('',(0.E0,0.E0,-1.E0));
#1153=VECTOR('',#1152,5.5E0);
#1154=CARTESIAN_POINT('',(7.83E0,1.73E0,2.15E0));
#1155=LINE('',#1154,#1153);
#1156=DIRECTION('',(0.E0,0.E0,1.E0));
#1157=VECTOR('',#1156,5.5E0);
#1158=CARTESIAN_POINT('',(7.83E0,2.87E0,-3.35E0));
#1159=LINE('',#1158,#1157);
#1160=DIRECTION('',(0.E0,-1.E0,0.E0));
#1161=VECTOR('',#1160,1.14E0);
#1162=CARTESIAN_POINT('',(7.83E0,2.87E0,2.15E0));
#1163=LINE('',#1162,#1161);
#1164=DIRECTION('',(0.E0,0.E0,1.E0));
#1165=VECTOR('',#1164,4.E0);
#1166=CARTESIAN_POINT('',(7.83E0,3.2E0,-1.055E1));
#1167=LINE('',#1166,#1165);
#1168=DIRECTION('',(0.E0,0.E0,-1.E0));
#1169=VECTOR('',#1168,3.E0);
#1170=CARTESIAN_POINT('',(7.83E0,2.7E0,-6.55E0));
#1171=LINE('',#1170,#1169);
#1172=DIRECTION('',(0.E0,3.420201433257E-1,-9.396926207859E-1));
#1173=VECTOR('',#1172,1.064177772476E0);
#1174=CARTESIAN_POINT('',(7.83E0,2.7E0,-9.55E0));
#1175=LINE('',#1174,#1173);
#1176=DIRECTION('',(0.E0,1.E0,0.E0));
#1177=VECTOR('',#1176,1.360297657338E-1);
#1178=CARTESIAN_POINT('',(7.83E0,3.063970234266E0,-1.055E1));
#1179=LINE('',#1178,#1177);
#1180=DIRECTION('',(0.E0,0.E0,-1.E0));
#1181=VECTOR('',#1180,5.5E0);
#1182=CARTESIAN_POINT('',(7.83E0,-2.47E0,2.15E0));
#1183=LINE('',#1182,#1181);
#1184=DIRECTION('',(0.E0,0.E0,1.E0));
#1185=VECTOR('',#1184,5.5E0);
#1186=CARTESIAN_POINT('',(7.83E0,-1.33E0,-3.35E0));
#1187=LINE('',#1186,#1185);
#1188=DIRECTION('',(0.E0,-1.E0,0.E0));
#1189=VECTOR('',#1188,1.14E0);
#1190=CARTESIAN_POINT('',(7.83E0,-1.33E0,2.15E0));
#1191=LINE('',#1190,#1189);
#1192=DIRECTION('',(0.E0,0.E0,1.E0));
#1193=VECTOR('',#1192,3.E0);
#1194=CARTESIAN_POINT('',(7.83E0,-2.3E0,-9.55E0));
#1195=LINE('',#1194,#1193);
#1196=DIRECTION('',(0.E0,0.E0,-1.E0));
#1197=VECTOR('',#1196,4.E0);
#1198=CARTESIAN_POINT('',(7.83E0,-2.8E0,-6.55E0));
#1199=LINE('',#1198,#1197);
#1200=DIRECTION('',(0.E0,1.E0,0.E0));
#1201=VECTOR('',#1200,1.360297657338E-1);
#1202=CARTESIAN_POINT('',(7.83E0,-2.8E0,-1.055E1));
#1203=LINE('',#1202,#1201);
#1204=DIRECTION('',(0.E0,3.420201433257E-1,9.396926207859E-1));
#1205=VECTOR('',#1204,1.064177772476E0);
#1206=CARTESIAN_POINT('',(7.83E0,-2.663970234266E0,-1.055E1));
#1207=LINE('',#1206,#1205);
#1208=DIRECTION('',(1.E0,0.E0,0.E0));
#1209=VECTOR('',#1208,1.14E0);
#1210=CARTESIAN_POINT('',(7.83E0,1.73E0,2.15E0));
#1211=LINE('',#1210,#1209);
#1212=DIRECTION('',(1.E0,0.E0,0.E0));
#1213=VECTOR('',#1212,1.14E0);
#1214=CARTESIAN_POINT('',(7.83E0,2.87E0,2.15E0));
#1215=LINE('',#1214,#1213);
#1216=DIRECTION('',(0.E0,0.E0,-1.E0));
#1217=VECTOR('',#1216,5.5E0);
#1218=CARTESIAN_POINT('',(8.97E0,1.73E0,2.15E0));
#1219=LINE('',#1218,#1217);
#1220=DIRECTION('',(0.E0,-1.E0,0.E0));
#1221=VECTOR('',#1220,1.14E0);
#1222=CARTESIAN_POINT('',(8.97E0,2.87E0,2.15E0));
#1223=LINE('',#1222,#1221);
#1224=DIRECTION('',(0.E0,0.E0,1.E0));
#1225=VECTOR('',#1224,5.5E0);
#1226=CARTESIAN_POINT('',(8.97E0,2.87E0,-3.35E0));
#1227=LINE('',#1226,#1225);
#1228=DIRECTION('',(0.E0,0.E0,1.E0));
#1229=VECTOR('',#1228,4.E0);
#1230=CARTESIAN_POINT('',(8.97E0,3.2E0,-1.055E1));
#1231=LINE('',#1230,#1229);
#1232=DIRECTION('',(0.E0,1.E0,0.E0));
#1233=VECTOR('',#1232,1.360297657338E-1);
#1234=CARTESIAN_POINT('',(8.97E0,3.063970234266E0,-1.055E1));
#1235=LINE('',#1234,#1233);
#1236=DIRECTION('',(0.E0,3.420201433257E-1,-9.396926207859E-1));
#1237=VECTOR('',#1236,1.064177772476E0);
#1238=CARTESIAN_POINT('',(8.97E0,2.7E0,-9.55E0));
#1239=LINE('',#1238,#1237);
#1240=DIRECTION('',(0.E0,0.E0,-1.E0));
#1241=VECTOR('',#1240,3.E0);
#1242=CARTESIAN_POINT('',(8.97E0,2.7E0,-6.55E0));
#1243=LINE('',#1242,#1241);
#1244=DIRECTION('',(0.E0,0.E0,-1.E0));
#1245=VECTOR('',#1244,5.5E0);
#1246=CARTESIAN_POINT('',(8.97E0,-2.47E0,2.15E0));
#1247=LINE('',#1246,#1245);
#1248=DIRECTION('',(0.E0,-1.E0,0.E0));
#1249=VECTOR('',#1248,1.14E0);
#1250=CARTESIAN_POINT('',(8.97E0,-1.33E0,2.15E0));
#1251=LINE('',#1250,#1249);
#1252=DIRECTION('',(0.E0,0.E0,1.E0));
#1253=VECTOR('',#1252,5.5E0);
#1254=CARTESIAN_POINT('',(8.97E0,-1.33E0,-3.35E0));
#1255=LINE('',#1254,#1253);
#1256=DIRECTION('',(0.E0,0.E0,1.E0));
#1257=VECTOR('',#1256,3.E0);
#1258=CARTESIAN_POINT('',(8.97E0,-2.3E0,-9.55E0));
#1259=LINE('',#1258,#1257);
#1260=DIRECTION('',(0.E0,3.420201433257E-1,9.396926207859E-1));
#1261=VECTOR('',#1260,1.064177772476E0);
#1262=CARTESIAN_POINT('',(8.97E0,-2.663970234266E0,-1.055E1));
#1263=LINE('',#1262,#1261);
#1264=DIRECTION('',(0.E0,1.E0,0.E0));
#1265=VECTOR('',#1264,1.360297657338E-1);
#1266=CARTESIAN_POINT('',(8.97E0,-2.8E0,-1.055E1));
#1267=LINE('',#1266,#1265);
#1268=DIRECTION('',(0.E0,0.E0,-1.E0));
#1269=VECTOR('',#1268,4.E0);
#1270=CARTESIAN_POINT('',(8.97E0,-2.8E0,-6.55E0));
#1271=LINE('',#1270,#1269);
#1272=DIRECTION('',(1.E0,0.E0,0.E0));
#1273=VECTOR('',#1272,1.14E0);
#1274=CARTESIAN_POINT('',(7.83E0,3.2E0,-1.055E1));
#1275=LINE('',#1274,#1273);
#1276=DIRECTION('',(1.E0,0.E0,0.E0));
#1277=VECTOR('',#1276,1.14E0);
#1278=CARTESIAN_POINT('',(7.83E0,3.063970234266E0,-1.055E1));
#1279=LINE('',#1278,#1277);
#1280=DIRECTION('',(1.E0,0.E0,0.E0));
#1281=VECTOR('',#1280,1.14E0);
#1282=CARTESIAN_POINT('',(7.83E0,2.7E0,-9.55E0));
#1283=LINE('',#1282,#1281);
#1284=DIRECTION('',(0.E0,1.E0,0.E0));
#1285=VECTOR('',#1284,5.E-1);
#1286=CARTESIAN_POINT('',(7.83E0,-2.8E0,-6.55E0));
#1287=LINE('',#1286,#1285);
#1288=DIRECTION('',(1.E0,0.E0,0.E0));
#1289=VECTOR('',#1288,1.14E0);
#1290=CARTESIAN_POINT('',(7.83E0,-2.3E0,-6.55E0));
#1291=LINE('',#1290,#1289);
#1292=DIRECTION('',(0.E0,1.E0,0.E0));
#1293=VECTOR('',#1292,5.E-1);
#1294=CARTESIAN_POINT('',(8.97E0,-2.8E0,-6.55E0));
#1295=LINE('',#1294,#1293);
#1296=DIRECTION('',(1.E0,0.E0,0.E0));
#1297=VECTOR('',#1296,1.14E0);
#1298=CARTESIAN_POINT('',(7.83E0,-2.8E0,-6.55E0));
#1299=LINE('',#1298,#1297);
#1300=DIRECTION('',(0.E0,1.E0,0.E0));
#1301=VECTOR('',#1300,5.E-1);
#1302=CARTESIAN_POINT('',(7.83E0,2.7E0,-6.55E0));
#1303=LINE('',#1302,#1301);
#1304=DIRECTION('',(1.E0,0.E0,0.E0));
#1305=VECTOR('',#1304,1.14E0);
#1306=CARTESIAN_POINT('',(7.83E0,3.2E0,-6.55E0));
#1307=LINE('',#1306,#1305);
#1308=DIRECTION('',(0.E0,1.E0,0.E0));
#1309=VECTOR('',#1308,5.E-1);
#1310=CARTESIAN_POINT('',(8.97E0,2.7E0,-6.55E0));
#1311=LINE('',#1310,#1309);
#1312=DIRECTION('',(1.E0,0.E0,0.E0));
#1313=VECTOR('',#1312,1.14E0);
#1314=CARTESIAN_POINT('',(7.83E0,2.7E0,-6.55E0));
#1315=LINE('',#1314,#1313);
#1316=DIRECTION('',(1.E0,0.E0,0.E0));
#1317=VECTOR('',#1316,2.E0);
#1318=CARTESIAN_POINT('',(7.4E0,3.E-1,-6.55E0));
#1319=LINE('',#1318,#1317);
#1320=DIRECTION('',(0.E0,-1.E0,0.E0));
#1321=VECTOR('',#1320,4.5E0);
#1322=CARTESIAN_POINT('',(7.4E0,4.8E0,-6.55E0));
#1323=LINE('',#1322,#1321);
#1324=DIRECTION('',(1.E0,0.E0,0.E0));
#1325=VECTOR('',#1324,2.E0);
#1326=CARTESIAN_POINT('',(7.4E0,-3.E-1,-6.55E0));
#1327=LINE('',#1326,#1325);
#1328=DIRECTION('',(0.E0,-1.E0,0.E0));
#1329=VECTOR('',#1328,4.5E0);
#1330=CARTESIAN_POINT('',(7.4E0,-3.E-1,-6.55E0));
#1331=LINE('',#1330,#1329);
#1332=DIRECTION('',(1.E0,0.E0,0.E0));
#1333=VECTOR('',#1332,1.14E0);
#1334=CARTESIAN_POINT('',(7.83E0,-2.3E0,-9.55E0));
#1335=LINE('',#1334,#1333);
#1336=DIRECTION('',(1.E0,0.E0,0.E0));
#1337=VECTOR('',#1336,1.14E0);
#1338=CARTESIAN_POINT('',(7.83E0,-2.663970234266E0,-1.055E1));
#1339=LINE('',#1338,#1337);
#1340=DIRECTION('',(1.E0,0.E0,0.E0));
#1341=VECTOR('',#1340,1.14E0);
#1342=CARTESIAN_POINT('',(7.83E0,-2.8E0,-1.055E1));
#1343=LINE('',#1342,#1341);
#1344=DIRECTION('',(0.E0,0.E0,-1.E0));
#1345=VECTOR('',#1344,3.5E-1);
#1346=CARTESIAN_POINT('',(-1.11E1,3.E-1,-6.7E0));
#1347=LINE('',#1346,#1345);
#1348=DIRECTION('',(0.E0,0.E0,-1.E0));
#1349=VECTOR('',#1348,1.5E-1);
#1350=CARTESIAN_POINT('',(9.4E0,3.E-1,-6.55E0));
#1351=LINE('',#1350,#1349);
#1352=DIRECTION('',(0.E0,-1.E0,0.E0));
#1353=VECTOR('',#1352,4.5E0);
#1354=CARTESIAN_POINT('',(9.4E0,4.8E0,-6.55E0));
#1355=LINE('',#1354,#1353);
#1356=DIRECTION('',(0.E0,0.E0,-1.E0));
#1357=VECTOR('',#1356,1.5E-1);
#1358=CARTESIAN_POINT('',(9.4E0,-3.E-1,-6.55E0));
#1359=LINE('',#1358,#1357);
#1360=DIRECTION('',(0.E0,-1.E0,0.E0));
#1361=VECTOR('',#1360,4.5E0);
#1362=CARTESIAN_POINT('',(9.4E0,-3.E-1,-6.55E0));
#1363=LINE('',#1362,#1361);
#1364=DIRECTION('',(1.E0,0.E0,0.E0));
#1365=VECTOR('',#1364,1.7E0);
#1366=CARTESIAN_POINT('',(-1.11E1,3.E-1,-6.7E0));
#1367=LINE('',#1366,#1365);
#1368=DIRECTION('',(0.E0,1.E0,0.E0));
#1369=VECTOR('',#1368,3.6E0);
#1370=CARTESIAN_POINT('',(-9.4E0,3.E-1,-6.7E0));
#1371=LINE('',#1370,#1369);
#1372=DIRECTION('',(-1.E0,0.E0,0.E0));
#1373=VECTOR('',#1372,1.7E0);
#1374=CARTESIAN_POINT('',(-9.4E0,3.9E0,-6.7E0));
#1375=LINE('',#1374,#1373);
#1376=DIRECTION('',(1.E0,0.E0,0.E0));
#1377=VECTOR('',#1376,2.2E0);
#1378=CARTESIAN_POINT('',(-7.4E0,3.E-1,-6.7E0));
#1379=LINE('',#1378,#1377);
#1380=DIRECTION('',(0.E0,1.E0,0.E0));
#1381=VECTOR('',#1380,3.6E0);
#1382=CARTESIAN_POINT('',(-5.2E0,3.E-1,-6.7E0));
#1383=LINE('',#1382,#1381);
#1384=DIRECTION('',(-1.E0,0.E0,0.E0));
#1385=VECTOR('',#1384,2.2E0);
#1386=CARTESIAN_POINT('',(-5.2E0,3.9E0,-6.7E0));
#1387=LINE('',#1386,#1385);
#1388=DIRECTION('',(0.E0,1.E0,0.E0));
#1389=VECTOR('',#1388,3.6E0);
#1390=CARTESIAN_POINT('',(-7.4E0,3.E-1,-6.7E0));
#1391=LINE('',#1390,#1389);
#1392=DIRECTION('',(1.E0,0.E0,0.E0));
#1393=VECTOR('',#1392,2.2E0);
#1394=CARTESIAN_POINT('',(1.E0,3.E-1,-6.7E0));
#1395=LINE('',#1394,#1393);
#1396=DIRECTION('',(0.E0,1.E0,0.E0));
#1397=VECTOR('',#1396,3.6E0);
#1398=CARTESIAN_POINT('',(3.2E0,3.E-1,-6.7E0));
#1399=LINE('',#1398,#1397);
#1400=DIRECTION('',(-1.E0,0.E0,0.E0));
#1401=VECTOR('',#1400,2.2E0);
#1402=CARTESIAN_POINT('',(3.2E0,3.9E0,-6.7E0));
#1403=LINE('',#1402,#1401);
#1404=DIRECTION('',(0.E0,1.E0,0.E0));
#1405=VECTOR('',#1404,3.6E0);
#1406=CARTESIAN_POINT('',(1.E0,3.E-1,-6.7E0));
#1407=LINE('',#1406,#1405);
#1408=DIRECTION('',(1.E0,0.E0,0.E0));
#1409=VECTOR('',#1408,1.7E0);
#1410=CARTESIAN_POINT('',(9.4E0,3.E-1,-6.7E0));
#1411=LINE('',#1410,#1409);
#1412=DIRECTION('',(-1.E0,0.E0,0.E0));
#1413=VECTOR('',#1412,1.7E0);
#1414=CARTESIAN_POINT('',(1.11E1,3.9E0,-6.7E0));
#1415=LINE('',#1414,#1413);
#1416=DIRECTION('',(0.E0,1.E0,0.E0));
#1417=VECTOR('',#1416,3.6E0);
#1418=CARTESIAN_POINT('',(9.4E0,3.E-1,-6.7E0));
#1419=LINE('',#1418,#1417);
#1420=DIRECTION('',(1.E0,0.E0,0.E0));
#1421=VECTOR('',#1420,1.7E0);
#1422=CARTESIAN_POINT('',(-1.11E1,-3.E-1,-6.7E0));
#1423=LINE('',#1422,#1421);
#1424=DIRECTION('',(0.E0,1.E0,0.E0));
#1425=VECTOR('',#1424,3.6E0);
#1426=CARTESIAN_POINT('',(-9.4E0,-3.9E0,-6.7E0));
#1427=LINE('',#1426,#1425);
#1428=DIRECTION('',(1.E0,0.E0,0.E0));
#1429=VECTOR('',#1428,2.2E0);
#1430=CARTESIAN_POINT('',(-7.4E0,-3.E-1,-6.7E0));
#1431=LINE('',#1430,#1429);
#1432=DIRECTION('',(0.E0,1.E0,0.E0));
#1433=VECTOR('',#1432,3.6E0);
#1434=CARTESIAN_POINT('',(-7.4E0,-3.9E0,-6.7E0));
#1435=LINE('',#1434,#1433);
#1436=DIRECTION('',(0.E0,1.E0,0.E0));
#1437=VECTOR('',#1436,3.6E0);
#1438=CARTESIAN_POINT('',(-5.2E0,-3.9E0,-6.7E0));
#1439=LINE('',#1438,#1437);
#1440=DIRECTION('',(1.E0,0.E0,0.E0));
#1441=VECTOR('',#1440,2.2E0);
#1442=CARTESIAN_POINT('',(1.E0,-3.E-1,-6.7E0));
#1443=LINE('',#1442,#1441);
#1444=DIRECTION('',(0.E0,1.E0,0.E0));
#1445=VECTOR('',#1444,3.6E0);
#1446=CARTESIAN_POINT('',(1.E0,-3.9E0,-6.7E0));
#1447=LINE('',#1446,#1445);
#1448=DIRECTION('',(0.E0,1.E0,0.E0));
#1449=VECTOR('',#1448,3.6E0);
#1450=CARTESIAN_POINT('',(3.2E0,-3.9E0,-6.7E0));
#1451=LINE('',#1450,#1449);
#1452=DIRECTION('',(1.E0,0.E0,0.E0));
#1453=VECTOR('',#1452,1.7E0);
#1454=CARTESIAN_POINT('',(9.4E0,-3.E-1,-6.7E0));
#1455=LINE('',#1454,#1453);
#1456=DIRECTION('',(0.E0,1.E0,0.E0));
#1457=VECTOR('',#1456,3.6E0);
#1458=CARTESIAN_POINT('',(9.4E0,-3.9E0,-6.7E0));
#1459=LINE('',#1458,#1457);
#1460=DIRECTION('',(0.E0,-1.E0,0.E0));
#1461=VECTOR('',#1460,1.E-1);
#1462=CARTESIAN_POINT('',(1.11E1,-3.8E0,-6.7E0));
#1463=LINE('',#1462,#1461);
#1464=DIRECTION('',(-1.E0,0.E0,0.E0));
#1465=VECTOR('',#1464,2.E-1);
#1466=CARTESIAN_POINT('',(1.13E1,-3.8E0,-6.7E0));
#1467=LINE('',#1466,#1465);
#1468=CARTESIAN_POINT('',(1.13E1,-3.4E0,-6.7E0));
#1469=DIRECTION('',(0.E0,0.E0,-1.E0));
#1470=DIRECTION('',(0.E0,1.E0,0.E0));
#1471=AXIS2_PLACEMENT_3D('',#1468,#1469,#1470);
#1473=DIRECTION('',(1.E0,0.E0,0.E0));
#1474=VECTOR('',#1473,2.E-1);
#1475=CARTESIAN_POINT('',(1.11E1,-3.E0,-6.7E0));
#1476=LINE('',#1475,#1474);
#1477=DIRECTION('',(0.E0,1.E0,0.E0));
#1478=VECTOR('',#1477,3.6E0);
#1479=CARTESIAN_POINT('',(7.4E0,-3.9E0,-6.7E0));
#1480=LINE('',#1479,#1478);
#1481=DIRECTION('',(1.E0,0.E0,0.E0));
#1482=VECTOR('',#1481,2.2E0);
#1483=CARTESIAN_POINT('',(5.2E0,-3.E-1,-6.7E0));
#1484=LINE('',#1483,#1482);
#1485=DIRECTION('',(0.E0,1.E0,0.E0));
#1486=VECTOR('',#1485,3.6E0);
#1487=CARTESIAN_POINT('',(5.2E0,-3.9E0,-6.7E0));
#1488=LINE('',#1487,#1486);
#1489=DIRECTION('',(0.E0,1.E0,0.E0));
#1490=VECTOR('',#1489,3.6E0);
#1491=CARTESIAN_POINT('',(7.4E0,3.E-1,-6.7E0));
#1492=LINE('',#1491,#1490);
#1493=DIRECTION('',(-1.E0,0.E0,0.E0));
#1494=VECTOR('',#1493,2.2E0);
#1495=CARTESIAN_POINT('',(7.4E0,3.9E0,-6.7E0));
#1496=LINE('',#1495,#1494);
#1497=DIRECTION('',(0.E0,1.E0,0.E0));
#1498=VECTOR('',#1497,3.6E0);
#1499=CARTESIAN_POINT('',(5.2E0,3.E-1,-6.7E0));
#1500=LINE('',#1499,#1498);
#1501=DIRECTION('',(1.E0,0.E0,0.E0));
#1502=VECTOR('',#1501,2.2E0);
#1503=CARTESIAN_POINT('',(5.2E0,3.E-1,-6.7E0));
#1504=LINE('',#1503,#1502);
#1505=DIRECTION('',(0.E0,1.E0,0.E0));
#1506=VECTOR('',#1505,3.6E0);
#1507=CARTESIAN_POINT('',(-1.E0,-3.9E0,-6.7E0));
#1508=LINE('',#1507,#1506);
#1509=DIRECTION('',(1.E0,0.E0,0.E0));
#1510=VECTOR('',#1509,2.2E0);
#1511=CARTESIAN_POINT('',(-3.2E0,-3.E-1,-6.7E0));
#1512=LINE('',#1511,#1510);
#1513=DIRECTION('',(0.E0,1.E0,0.E0));
#1514=VECTOR('',#1513,3.6E0);
#1515=CARTESIAN_POINT('',(-3.2E0,-3.9E0,-6.7E0));
#1516=LINE('',#1515,#1514);
#1517=DIRECTION('',(0.E0,1.E0,0.E0));
#1518=VECTOR('',#1517,3.6E0);
#1519=CARTESIAN_POINT('',(-1.E0,3.E-1,-6.7E0));
#1520=LINE('',#1519,#1518);
#1521=DIRECTION('',(-1.E0,0.E0,0.E0));
#1522=VECTOR('',#1521,2.2E0);
#1523=CARTESIAN_POINT('',(-1.E0,3.9E0,-6.7E0));
#1524=LINE('',#1523,#1522);
#1525=DIRECTION('',(0.E0,1.E0,0.E0));
#1526=VECTOR('',#1525,3.6E0);
#1527=CARTESIAN_POINT('',(-3.2E0,3.E-1,-6.7E0));
#1528=LINE('',#1527,#1526);
#1529=DIRECTION('',(1.E0,0.E0,0.E0));
#1530=VECTOR('',#1529,2.2E0);
#1531=CARTESIAN_POINT('',(-3.2E0,3.E-1,-6.7E0));
#1532=LINE('',#1531,#1530);
#1533=DIRECTION('',(0.E0,0.E0,1.E0));
#1534=VECTOR('',#1533,1.5E-1);
#1535=CARTESIAN_POINT('',(-9.4E0,3.E-1,-6.7E0));
#1536=LINE('',#1535,#1534);
#1537=DIRECTION('',(0.E0,0.E0,1.E0));
#1538=VECTOR('',#1537,1.5E-1);
#1539=CARTESIAN_POINT('',(-9.4E0,-3.E-1,-6.7E0));
#1540=LINE('',#1539,#1538);
#1541=DIRECTION('',(0.E0,1.E0,0.E0));
#1542=VECTOR('',#1541,5.E-1);
#1543=CARTESIAN_POINT('',(-8.97E0,-2.8E0,-6.55E0));
#1544=LINE('',#1543,#1542);
#1545=DIRECTION('',(1.E0,0.E0,0.E0));
#1546=VECTOR('',#1545,1.14E0);
#1547=CARTESIAN_POINT('',(-8.97E0,-2.3E0,-6.55E0));
#1548=LINE('',#1547,#1546);
#1549=DIRECTION('',(0.E0,1.E0,0.E0));
#1550=VECTOR('',#1549,5.E-1);
#1551=CARTESIAN_POINT('',(-7.83E0,-2.8E0,-6.55E0));
#1552=LINE('',#1551,#1550);
#1553=DIRECTION('',(1.E0,0.E0,0.E0));
#1554=VECTOR('',#1553,1.14E0);
#1555=CARTESIAN_POINT('',(-8.97E0,-2.8E0,-6.55E0));
#1556=LINE('',#1555,#1554);
#1557=DIRECTION('',(0.E0,1.E0,0.E0));
#1558=VECTOR('',#1557,5.E-1);
#1559=CARTESIAN_POINT('',(-8.97E0,2.7E0,-6.55E0));
#1560=LINE('',#1559,#1558);
#1561=DIRECTION('',(1.E0,0.E0,0.E0));
#1562=VECTOR('',#1561,1.14E0);
#1563=CARTESIAN_POINT('',(-8.97E0,3.2E0,-6.55E0));
#1564=LINE('',#1563,#1562);
#1565=DIRECTION('',(0.E0,1.E0,0.E0));
#1566=VECTOR('',#1565,5.E-1);
#1567=CARTESIAN_POINT('',(-7.83E0,2.7E0,-6.55E0));
#1568=LINE('',#1567,#1566);
#1569=DIRECTION('',(1.E0,0.E0,0.E0));
#1570=VECTOR('',#1569,1.14E0);
#1571=CARTESIAN_POINT('',(-8.97E0,2.7E0,-6.55E0));
#1572=LINE('',#1571,#1570);
#1573=DIRECTION('',(1.E0,0.E0,0.E0));
#1574=VECTOR('',#1573,2.E0);
#1575=CARTESIAN_POINT('',(-9.4E0,3.E-1,-6.55E0));
#1576=LINE('',#1575,#1574);
#1577=DIRECTION('',(0.E0,-1.E0,0.E0));
#1578=VECTOR('',#1577,4.5E0);
#1579=CARTESIAN_POINT('',(-9.4E0,4.8E0,-6.55E0));
#1580=LINE('',#1579,#1578);
#1581=DIRECTION('',(1.E0,0.E0,0.E0));
#1582=VECTOR('',#1581,2.E0);
#1583=CARTESIAN_POINT('',(-9.4E0,-3.E-1,-6.55E0));
#1584=LINE('',#1583,#1582);
#1585=DIRECTION('',(0.E0,-1.E0,0.E0));
#1586=VECTOR('',#1585,4.5E0);
#1587=CARTESIAN_POINT('',(-9.4E0,-3.E-1,-6.55E0));
#1588=LINE('',#1587,#1586);
#1589=DIRECTION('',(0.E0,0.E0,-1.E0));
#1590=VECTOR('',#1589,3.E0);
#1591=CARTESIAN_POINT('',(-8.97E0,2.7E0,-6.55E0));
#1592=LINE('',#1591,#1590);
#1593=DIRECTION('',(0.E0,3.420201433257E-1,-9.396926207859E-1));
#1594=VECTOR('',#1593,1.064177772476E0);
#1595=CARTESIAN_POINT('',(-8.97E0,2.7E0,-9.55E0));
#1596=LINE('',#1595,#1594);
#1597=DIRECTION('',(0.E0,1.E0,0.E0));
#1598=VECTOR('',#1597,1.360297657338E-1);
#1599=CARTESIAN_POINT('',(-8.97E0,3.063970234266E0,-1.055E1));
#1600=LINE('',#1599,#1598);
#1601=DIRECTION('',(0.E0,0.E0,1.E0));
#1602=VECTOR('',#1601,4.E0);
#1603=CARTESIAN_POINT('',(-8.97E0,3.2E0,-1.055E1));
#1604=LINE('',#1603,#1602);
#1605=DIRECTION('',(0.E0,0.E0,-1.E0));
#1606=VECTOR('',#1605,4.E0);
#1607=CARTESIAN_POINT('',(-8.97E0,-2.8E0,-6.55E0));
#1608=LINE('',#1607,#1606);
#1609=DIRECTION('',(0.E0,1.E0,0.E0));
#1610=VECTOR('',#1609,1.360297657338E-1);
#1611=CARTESIAN_POINT('',(-8.97E0,-2.8E0,-1.055E1));
#1612=LINE('',#1611,#1610);
#1613=DIRECTION('',(0.E0,3.420201433257E-1,9.396926207859E-1));
#1614=VECTOR('',#1613,1.064177772476E0);
#1615=CARTESIAN_POINT('',(-8.97E0,-2.663970234266E0,-1.055E1));
#1616=LINE('',#1615,#1614);
#1617=DIRECTION('',(0.E0,0.E0,1.E0));
#1618=VECTOR('',#1617,3.E0);
#1619=CARTESIAN_POINT('',(-8.97E0,-2.3E0,-9.55E0));
#1620=LINE('',#1619,#1618);
#1621=DIRECTION('',(0.E0,0.E0,1.E0));
#1622=VECTOR('',#1621,5.5E0);
#1623=CARTESIAN_POINT('',(-8.97E0,2.87E0,-3.35E0));
#1624=LINE('',#1623,#1622);
#1625=DIRECTION('',(0.E0,-1.E0,0.E0));
#1626=VECTOR('',#1625,1.14E0);
#1627=CARTESIAN_POINT('',(-8.97E0,2.87E0,2.15E0));
#1628=LINE('',#1627,#1626);
#1629=DIRECTION('',(0.E0,0.E0,-1.E0));
#1630=VECTOR('',#1629,5.5E0);
#1631=CARTESIAN_POINT('',(-8.97E0,1.73E0,2.15E0));
#1632=LINE('',#1631,#1630);
#1633=DIRECTION('',(0.E0,0.E0,1.E0));
#1634=VECTOR('',#1633,5.5E0);
#1635=CARTESIAN_POINT('',(-8.97E0,-1.33E0,-3.35E0));
#1636=LINE('',#1635,#1634);
#1637=DIRECTION('',(0.E0,-1.E0,0.E0));
#1638=VECTOR('',#1637,1.14E0);
#1639=CARTESIAN_POINT('',(-8.97E0,-1.33E0,2.15E0));
#1640=LINE('',#1639,#1638);
#1641=DIRECTION('',(0.E0,0.E0,-1.E0));
#1642=VECTOR('',#1641,5.5E0);
#1643=CARTESIAN_POINT('',(-8.97E0,-2.47E0,2.15E0));
#1644=LINE('',#1643,#1642);
#1645=DIRECTION('',(0.E0,0.E0,-1.E0));
#1646=VECTOR('',#1645,3.E0);
#1647=CARTESIAN_POINT('',(-7.83E0,2.7E0,-6.55E0));
#1648=LINE('',#1647,#1646);
#1649=DIRECTION('',(0.E0,0.E0,1.E0));
#1650=VECTOR('',#1649,4.E0);
#1651=CARTESIAN_POINT('',(-7.83E0,3.2E0,-1.055E1));
#1652=LINE('',#1651,#1650);
#1653=DIRECTION('',(0.E0,1.E0,0.E0));
#1654=VECTOR('',#1653,1.360297657338E-1);
#1655=CARTESIAN_POINT('',(-7.83E0,3.063970234266E0,-1.055E1));
#1656=LINE('',#1655,#1654);
#1657=DIRECTION('',(0.E0,3.420201433257E-1,-9.396926207859E-1));
#1658=VECTOR('',#1657,1.064177772476E0);
#1659=CARTESIAN_POINT('',(-7.83E0,2.7E0,-9.55E0));
#1660=LINE('',#1659,#1658);
#1661=DIRECTION('',(0.E0,0.E0,-1.E0));
#1662=VECTOR('',#1661,4.E0);
#1663=CARTESIAN_POINT('',(-7.83E0,-2.8E0,-6.55E0));
#1664=LINE('',#1663,#1662);
#1665=DIRECTION('',(0.E0,0.E0,1.E0));
#1666=VECTOR('',#1665,3.E0);
#1667=CARTESIAN_POINT('',(-7.83E0,-2.3E0,-9.55E0));
#1668=LINE('',#1667,#1666);
#1669=DIRECTION('',(0.E0,3.420201433257E-1,9.396926207859E-1));
#1670=VECTOR('',#1669,1.064177772476E0);
#1671=CARTESIAN_POINT('',(-7.83E0,-2.663970234266E0,-1.055E1));
#1672=LINE('',#1671,#1670);
#1673=DIRECTION('',(0.E0,1.E0,0.E0));
#1674=VECTOR('',#1673,1.360297657338E-1);
#1675=CARTESIAN_POINT('',(-7.83E0,-2.8E0,-1.055E1));
#1676=LINE('',#1675,#1674);
#1677=DIRECTION('',(0.E0,0.E0,1.E0));
#1678=VECTOR('',#1677,5.5E0);
#1679=CARTESIAN_POINT('',(-7.83E0,2.87E0,-3.35E0));
#1680=LINE('',#1679,#1678);
#1681=DIRECTION('',(0.E0,0.E0,-1.E0));
#1682=VECTOR('',#1681,5.5E0);
#1683=CARTESIAN_POINT('',(-7.83E0,1.73E0,2.15E0));
#1684=LINE('',#1683,#1682);
#1685=DIRECTION('',(0.E0,-1.E0,0.E0));
#1686=VECTOR('',#1685,1.14E0);
#1687=CARTESIAN_POINT('',(-7.83E0,2.87E0,2.15E0));
#1688=LINE('',#1687,#1686);
#1689=DIRECTION('',(0.E0,0.E0,1.E0));
#1690=VECTOR('',#1689,5.5E0);
#1691=CARTESIAN_POINT('',(-7.83E0,-1.33E0,-3.35E0));
#1692=LINE('',#1691,#1690);
#1693=DIRECTION('',(0.E0,0.E0,-1.E0));
#1694=VECTOR('',#1693,5.5E0);
#1695=CARTESIAN_POINT('',(-7.83E0,-2.47E0,2.15E0));
#1696=LINE('',#1695,#1694);
#1697=DIRECTION('',(0.E0,-1.E0,0.E0));
#1698=VECTOR('',#1697,1.14E0);
#1699=CARTESIAN_POINT('',(-7.83E0,-1.33E0,2.15E0));
#1700=LINE('',#1699,#1698);
#1701=DIRECTION('',(1.E0,0.E0,0.E0));
#1702=VECTOR('',#1701,1.14E0);
#1703=CARTESIAN_POINT('',(-8.97E0,3.2E0,-1.055E1));
#1704=LINE('',#1703,#1702);
#1705=DIRECTION('',(1.E0,0.E0,0.E0));
#1706=VECTOR('',#1705,1.14E0);
#1707=CARTESIAN_POINT('',(-8.97E0,3.063970234266E0,-1.055E1));
#1708=LINE('',#1707,#1706);
#1709=DIRECTION('',(1.E0,0.E0,0.E0));
#1710=VECTOR('',#1709,1.14E0);
#1711=CARTESIAN_POINT('',(-8.97E0,2.7E0,-9.55E0));
#1712=LINE('',#1711,#1710);
#1713=DIRECTION('',(1.E0,0.E0,0.E0));
#1714=VECTOR('',#1713,1.14E0);
#1715=CARTESIAN_POINT('',(-8.97E0,-2.8E0,-1.055E1));
#1716=LINE('',#1715,#1714);
#1717=DIRECTION('',(1.E0,0.E0,0.E0));
#1718=VECTOR('',#1717,1.14E0);
#1719=CARTESIAN_POINT('',(-8.97E0,-2.663970234266E0,-1.055E1));
#1720=LINE('',#1719,#1718);
#1721=DIRECTION('',(1.E0,0.E0,0.E0));
#1722=VECTOR('',#1721,1.14E0);
#1723=CARTESIAN_POINT('',(-8.97E0,-2.3E0,-9.55E0));
#1724=LINE('',#1723,#1722);
#1725=DIRECTION('',(-1.E0,0.E0,0.E0));
#1726=VECTOR('',#1725,3.6E0);
#1727=CARTESIAN_POINT('',(-6.6E0,-3.E-1,-3.35E0));
#1728=LINE('',#1727,#1726);
#1729=DIRECTION('',(0.E0,1.E0,0.E0));
#1730=VECTOR('',#1729,3.6E0);
#1731=CARTESIAN_POINT('',(-6.6E0,-3.9E0,-3.35E0));
#1732=LINE('',#1731,#1730);
#1733=DIRECTION('',(1.E0,0.E0,0.E0));
#1734=VECTOR('',#1733,3.6E0);
#1735=CARTESIAN_POINT('',(-1.02E1,-3.9E0,-3.35E0));
#1736=LINE('',#1735,#1734);
#1737=DIRECTION('',(0.E0,-1.E0,0.E0));
#1738=VECTOR('',#1737,3.6E0);
#1739=CARTESIAN_POINT('',(-1.02E1,-3.E-1,-3.35E0));
#1740=LINE('',#1739,#1738);
#1741=DIRECTION('',(1.E0,0.E0,0.E0));
#1742=VECTOR('',#1741,2.E0);
#1743=CARTESIAN_POINT('',(-9.4E0,3.E-1,-3.35E0));
#1744=LINE('',#1743,#1742);
#1745=DIRECTION('',(7.071067811866E-1,-7.071067811865E-1,0.E0));
#1746=VECTOR('',#1745,1.131370849898E0);
#1747=CARTESIAN_POINT('',(-1.02E1,1.1E0,-3.35E0));
#1748=LINE('',#1747,#1746);
#1749=DIRECTION('',(0.E0,-1.E0,0.E0));
#1750=VECTOR('',#1749,2.8E0);
#1751=CARTESIAN_POINT('',(-1.02E1,3.9E0,-3.35E0));
#1752=LINE('',#1751,#1750);
#1753=DIRECTION('',(-1.E0,0.E0,0.E0));
#1754=VECTOR('',#1753,3.6E0);
#1755=CARTESIAN_POINT('',(-6.6E0,3.9E0,-3.35E0));
#1756=LINE('',#1755,#1754);
#1757=DIRECTION('',(0.E0,1.E0,0.E0));
#1758=VECTOR('',#1757,2.8E0);
#1759=CARTESIAN_POINT('',(-6.6E0,1.1E0,-3.35E0));
#1760=LINE('',#1759,#1758);
#1761=DIRECTION('',(7.071067811865E-1,7.071067811865E-1,0.E0));
#1762=VECTOR('',#1761,1.131370849898E0);
#1763=CARTESIAN_POINT('',(-7.4E0,3.E-1,-3.35E0));
#1764=LINE('',#1763,#1762);
#1765=DIRECTION('',(0.E0,1.E0,0.E0));
#1766=VECTOR('',#1765,1.14E0);
#1767=CARTESIAN_POINT('',(-8.97E0,-2.47E0,-3.35E0));
#1768=LINE('',#1767,#1766);
#1769=DIRECTION('',(1.E0,0.E0,0.E0));
#1770=VECTOR('',#1769,1.14E0);
#1771=CARTESIAN_POINT('',(-8.97E0,-2.47E0,-3.35E0));
#1772=LINE('',#1771,#1770);
#1773=DIRECTION('',(0.E0,1.E0,0.E0));
#1774=VECTOR('',#1773,1.14E0);
#1775=CARTESIAN_POINT('',(-7.83E0,-2.47E0,-3.35E0));
#1776=LINE('',#1775,#1774);
#1777=DIRECTION('',(1.E0,0.E0,0.E0));
#1778=VECTOR('',#1777,1.14E0);
#1779=CARTESIAN_POINT('',(-8.97E0,-1.33E0,-3.35E0));
#1780=LINE('',#1779,#1778);
#1781=DIRECTION('',(0.E0,1.E0,0.E0));
#1782=VECTOR('',#1781,1.14E0);
#1783=CARTESIAN_POINT('',(-8.97E0,1.73E0,-3.35E0));
#1784=LINE('',#1783,#1782);
#1785=DIRECTION('',(1.E0,0.E0,0.E0));
#1786=VECTOR('',#1785,1.14E0);
#1787=CARTESIAN_POINT('',(-8.97E0,1.73E0,-3.35E0));
#1788=LINE('',#1787,#1786);
#1789=DIRECTION('',(0.E0,1.E0,0.E0));
#1790=VECTOR('',#1789,1.14E0);
#1791=CARTESIAN_POINT('',(-7.83E0,1.73E0,-3.35E0));
#1792=LINE('',#1791,#1790);
#1793=DIRECTION('',(1.E0,0.E0,0.E0));
#1794=VECTOR('',#1793,1.14E0);
#1795=CARTESIAN_POINT('',(-8.97E0,2.87E0,-3.35E0));
#1796=LINE('',#1795,#1794);
#1797=DIRECTION('',(0.E0,0.E0,-1.E0));
#1798=VECTOR('',#1797,6.9E0);
#1799=CARTESIAN_POINT('',(-6.6E0,-3.E-1,3.55E0));
#1800=LINE('',#1799,#1798);
#1801=DIRECTION('',(0.E0,0.E0,-1.E0));
#1802=VECTOR('',#1801,6.9E0);
#1803=CARTESIAN_POINT('',(-6.6E0,-3.9E0,3.55E0));
#1804=LINE('',#1803,#1802);
#1805=DIRECTION('',(0.E0,0.E0,-1.E0));
#1806=VECTOR('',#1805,6.9E0);
#1807=CARTESIAN_POINT('',(-9.4E0,3.E-1,3.55E0));
#1808=LINE('',#1807,#1806);
#1809=DIRECTION('',(0.E0,0.E0,-1.E0));
#1810=VECTOR('',#1809,6.9E0);
#1811=CARTESIAN_POINT('',(-1.02E1,1.1E0,3.55E0));
#1812=LINE('',#1811,#1810);
#1813=DIRECTION('',(0.E0,0.E0,-1.E0));
#1814=VECTOR('',#1813,6.9E0);
#1815=CARTESIAN_POINT('',(-7.4E0,3.E-1,3.55E0));
#1816=LINE('',#1815,#1814);
#1817=DIRECTION('',(0.E0,0.E0,-1.E0));
#1818=VECTOR('',#1817,6.9E0);
#1819=CARTESIAN_POINT('',(-6.6E0,1.1E0,3.55E0));
#1820=LINE('',#1819,#1818);
#1821=DIRECTION('',(1.E0,0.E0,0.E0));
#1822=VECTOR('',#1821,1.14E0);
#1823=CARTESIAN_POINT('',(-8.97E0,-2.47E0,2.15E0));
#1824=LINE('',#1823,#1822);
#1825=DIRECTION('',(1.E0,0.E0,0.E0));
#1826=VECTOR('',#1825,1.14E0);
#1827=CARTESIAN_POINT('',(-8.97E0,-1.33E0,2.15E0));
#1828=LINE('',#1827,#1826);
#1829=DIRECTION('',(1.E0,0.E0,0.E0));
#1830=VECTOR('',#1829,1.14E0);
#1831=CARTESIAN_POINT('',(-8.97E0,1.73E0,2.15E0));
#1832=LINE('',#1831,#1830);
#1833=DIRECTION('',(1.E0,0.E0,0.E0));
#1834=VECTOR('',#1833,1.14E0);
#1835=CARTESIAN_POINT('',(-8.97E0,2.87E0,2.15E0));
#1836=LINE('',#1835,#1834);
#1837=DIRECTION('',(0.E0,0.E0,-1.E0));
#1838=VECTOR('',#1837,1.5E-1);
#1839=CARTESIAN_POINT('',(-7.4E0,3.E-1,-6.55E0));
#1840=LINE('',#1839,#1838);
#1841=DIRECTION('',(0.E0,-1.E0,0.E0));
#1842=VECTOR('',#1841,4.5E0);
#1843=CARTESIAN_POINT('',(-7.4E0,4.8E0,-6.55E0));
#1844=LINE('',#1843,#1842);
#1845=DIRECTION('',(0.E0,0.E0,-1.E0));
#1846=VECTOR('',#1845,1.5E-1);
#1847=CARTESIAN_POINT('',(-7.4E0,-3.E-1,-6.55E0));
#1848=LINE('',#1847,#1846);
#1849=DIRECTION('',(0.E0,-1.E0,0.E0));
#1850=VECTOR('',#1849,4.5E0);
#1851=CARTESIAN_POINT('',(-7.4E0,-3.E-1,-6.55E0));
#1852=LINE('',#1851,#1850);
#1853=DIRECTION('',(0.E0,0.E0,-1.E0));
#1854=VECTOR('',#1853,3.5E-1);
#1855=CARTESIAN_POINT('',(9.4E0,3.9E0,-6.7E0));
#1856=LINE('',#1855,#1854);
#1857=DIRECTION('',(0.E0,0.E0,1.E0));
#1858=VECTOR('',#1857,3.5E-1);
#1859=CARTESIAN_POINT('',(1.11E1,3.9E0,-7.05E0));
#1860=LINE('',#1859,#1858);
#1861=DIRECTION('',(0.E0,0.E0,-1.E0));
#1862=VECTOR('',#1861,3.5E-1);
#1863=CARTESIAN_POINT('',(5.2E0,3.9E0,-6.7E0));
#1864=LINE('',#1863,#1862);
#1865=DIRECTION('',(0.E0,0.E0,-1.E0));
#1866=VECTOR('',#1865,3.5E-1);
#1867=CARTESIAN_POINT('',(7.4E0,3.9E0,-6.7E0));
#1868=LINE('',#1867,#1866);
#1869=DIRECTION('',(0.E0,0.E0,-1.E0));
#1870=VECTOR('',#1869,3.5E-1);
#1871=CARTESIAN_POINT('',(1.E0,3.9E0,-6.7E0));
#1872=LINE('',#1871,#1870);
#1873=DIRECTION('',(0.E0,0.E0,-1.E0));
#1874=VECTOR('',#1873,3.5E-1);
#1875=CARTESIAN_POINT('',(3.2E0,3.9E0,-6.7E0));
#1876=LINE('',#1875,#1874);
#1877=DIRECTION('',(0.E0,0.E0,-1.E0));
#1878=VECTOR('',#1877,3.5E-1);
#1879=CARTESIAN_POINT('',(-3.2E0,3.9E0,-6.7E0));
#1880=LINE('',#1879,#1878);
#1881=DIRECTION('',(0.E0,0.E0,-1.E0));
#1882=VECTOR('',#1881,3.5E-1);
#1883=CARTESIAN_POINT('',(-1.E0,3.9E0,-6.7E0));
#1884=LINE('',#1883,#1882);
#1885=DIRECTION('',(0.E0,0.E0,-1.E0));
#1886=VECTOR('',#1885,3.5E-1);
#1887=CARTESIAN_POINT('',(-7.4E0,3.9E0,-6.7E0));
#1888=LINE('',#1887,#1886);
#1889=DIRECTION('',(0.E0,0.E0,-1.E0));
#1890=VECTOR('',#1889,3.5E-1);
#1891=CARTESIAN_POINT('',(-5.2E0,3.9E0,-6.7E0));
#1892=LINE('',#1891,#1890);
#1893=DIRECTION('',(0.E0,0.E0,-1.E0));
#1894=VECTOR('',#1893,3.5E-1);
#1895=CARTESIAN_POINT('',(-9.4E0,3.9E0,-6.7E0));
#1896=LINE('',#1895,#1894);
#1897=DIRECTION('',(0.E0,0.E0,1.E0));
#1898=VECTOR('',#1897,3.5E-1);
#1899=CARTESIAN_POINT('',(-1.11E1,3.9E0,-7.05E0));
#1900=LINE('',#1899,#1898);
#1901=DIRECTION('',(0.E0,0.E0,-1.E0));
#1902=VECTOR('',#1901,9.732265299996E0);
#1903=CARTESIAN_POINT('',(1.11E1,-3.8E0,3.032265299996E0));
#1904=LINE('',#1903,#1902);
#1905=DIRECTION('',(0.E0,1.E0,0.E0));
#1906=VECTOR('',#1905,1.2E0);
#1907=CARTESIAN_POINT('',(1.11E1,-3.E0,3.032265299996E0));
#1908=LINE('',#1907,#1906);
#1909=DIRECTION('',(0.E0,-1.E0,0.E0));
#1910=VECTOR('',#1909,1.5E0);
#1911=CARTESIAN_POINT('',(1.11E1,-3.E-1,-9.5E-1));
#1912=LINE('',#1911,#1910);
#1913=DIRECTION('',(0.E0,0.E0,-1.E0));
#1914=VECTOR('',#1913,3.982265299996E0);
#1915=CARTESIAN_POINT('',(1.11E1,-3.E-1,3.032265299996E0));
#1916=LINE('',#1915,#1914);
#1917=DIRECTION('',(0.E0,1.E0,0.E0));
#1918=VECTOR('',#1917,2.425E0);
#1919=CARTESIAN_POINT('',(1.11E1,-3.E-1,3.032265299996E0));
#1920=LINE('',#1919,#1918);
#1921=DIRECTION('',(0.E0,0.E0,1.E0));
#1922=VECTOR('',#1921,8.932265299996E0);
#1923=CARTESIAN_POINT('',(1.11E1,2.125E0,-5.9E0));
#1924=LINE('',#1923,#1922);
#1925=DIRECTION('',(0.E0,1.E0,0.E0));
#1926=VECTOR('',#1925,7.5E-1);
#1927=CARTESIAN_POINT('',(1.11E1,2.125E0,-5.9E0));
#1928=LINE('',#1927,#1926);
#1929=DIRECTION('',(0.E0,0.E0,1.E0));
#1930=VECTOR('',#1929,8.932265299996E0);
#1931=CARTESIAN_POINT('',(1.11E1,2.875E0,-5.9E0));
#1932=LINE('',#1931,#1930);
#1933=DIRECTION('',(0.E0,1.E0,0.E0));
#1934=VECTOR('',#1933,1.925E0);
#1935=CARTESIAN_POINT('',(1.11E1,2.875E0,3.032265299996E0));
#1936=LINE('',#1935,#1934);
#1937=DIRECTION('',(0.E0,-1.E0,0.E0));
#1938=VECTOR('',#1937,3.6E0);
#1939=CARTESIAN_POINT('',(1.11E1,3.9E0,-6.7E0));
#1940=LINE('',#1939,#1938);
#1941=DIRECTION('',(0.E0,0.E0,-1.E0));
#1942=VECTOR('',#1941,3.5E-1);
#1943=CARTESIAN_POINT('',(1.11E1,3.E-1,-6.7E0));
#1944=LINE('',#1943,#1942);
#1945=DIRECTION('',(0.E0,-1.E0,0.E0));
#1946=VECTOR('',#1945,2.7E0);
#1947=CARTESIAN_POINT('',(1.11E1,-3.E-1,-6.7E0));
#1948=LINE('',#1947,#1946);
#1949=DIRECTION('',(0.E0,0.E0,-1.E0));
#1950=VECTOR('',#1949,9.732265299996E0);
#1951=CARTESIAN_POINT('',(1.11E1,-3.E0,3.032265299996E0));
#1952=LINE('',#1951,#1950);
#1953=DIRECTION('',(0.E0,0.E0,1.E0));
#1954=VECTOR('',#1953,9.970616018514E0);
#1955=CARTESIAN_POINT('',(1.13E1,-3.8E0,-6.7E0));
#1956=LINE('',#1955,#1954);
#1957=DIRECTION('',(0.E0,0.E0,1.E0));
#1958=VECTOR('',#1957,9.970616018514E0);
#1959=CARTESIAN_POINT('',(1.13E1,-3.E0,-6.7E0));
#1960=LINE('',#1959,#1958);
#1961=CARTESIAN_POINT('',(1.13E1,-3.4E0,3.3E0));
#1962=DIRECTION('',(0.E0,0.E0,-1.E0));
#1963=DIRECTION('',(6.164022006757E-2,9.980984336577E-1,0.E0));
#1964=AXIS2_PLACEMENT_3D('',#1961,#1962,#1963);
#1966=DIRECTION('',(0.E0,0.E0,1.E0));
#1967=VECTOR('',#1966,3.5E-1);
#1968=CARTESIAN_POINT('',(9.4E0,-3.9E0,-7.05E0));
#1969=LINE('',#1968,#1967);
#1970=DIRECTION('',(0.E0,0.E0,-1.E0));
#1971=VECTOR('',#1970,3.5E-1);
#1972=CARTESIAN_POINT('',(1.11E1,-3.9E0,-6.7E0));
#1973=LINE('',#1972,#1971);
#1974=DIRECTION('',(-1.E0,0.E0,0.E0));
#1975=VECTOR('',#1974,1.7E0);
#1976=CARTESIAN_POINT('',(1.11E1,-3.9E0,-6.7E0));
#1977=LINE('',#1976,#1975);
#1978=DIRECTION('',(0.E0,0.E0,1.E0));
#1979=VECTOR('',#1978,3.5E-1);
#1980=CARTESIAN_POINT('',(5.2E0,-3.9E0,-7.05E0));
#1981=LINE('',#1980,#1979);
#1982=DIRECTION('',(0.E0,0.E0,1.E0));
#1983=VECTOR('',#1982,3.5E-1);
#1984=CARTESIAN_POINT('',(7.4E0,-3.9E0,-7.05E0));
#1985=LINE('',#1984,#1983);
#1986=DIRECTION('',(-1.E0,0.E0,0.E0));
#1987=VECTOR('',#1986,2.2E0);
#1988=CARTESIAN_POINT('',(7.4E0,-3.9E0,-6.7E0));
#1989=LINE('',#1988,#1987);
#1990=DIRECTION('',(0.E0,0.E0,1.E0));
#1991=VECTOR('',#1990,3.5E-1);
#1992=CARTESIAN_POINT('',(1.E0,-3.9E0,-7.05E0));
#1993=LINE('',#1992,#1991);
#1994=DIRECTION('',(0.E0,0.E0,1.E0));
#1995=VECTOR('',#1994,3.5E-1);
#1996=CARTESIAN_POINT('',(3.2E0,-3.9E0,-7.05E0));
#1997=LINE('',#1996,#1995);
#1998=DIRECTION('',(-1.E0,0.E0,0.E0));
#1999=VECTOR('',#1998,2.2E0);
#2000=CARTESIAN_POINT('',(3.2E0,-3.9E0,-6.7E0));
#2001=LINE('',#2000,#1999);
#2002=DIRECTION('',(0.E0,0.E0,1.E0));
#2003=VECTOR('',#2002,3.5E-1);
#2004=CARTESIAN_POINT('',(-3.2E0,-3.9E0,-7.05E0));
#2005=LINE('',#2004,#2003);
#2006=DIRECTION('',(0.E0,0.E0,1.E0));
#2007=VECTOR('',#2006,3.5E-1);
#2008=CARTESIAN_POINT('',(-1.E0,-3.9E0,-7.05E0));
#2009=LINE('',#2008,#2007);
#2010=DIRECTION('',(-1.E0,0.E0,0.E0));
#2011=VECTOR('',#2010,2.2E0);
#2012=CARTESIAN_POINT('',(-1.E0,-3.9E0,-6.7E0));
#2013=LINE('',#2012,#2011);
#2014=DIRECTION('',(0.E0,0.E0,1.E0));
#2015=VECTOR('',#2014,3.5E-1);
#2016=CARTESIAN_POINT('',(-7.4E0,-3.9E0,-7.05E0));
#2017=LINE('',#2016,#2015);
#2018=DIRECTION('',(0.E0,0.E0,1.E0));
#2019=VECTOR('',#2018,3.5E-1);
#2020=CARTESIAN_POINT('',(-5.2E0,-3.9E0,-7.05E0));
#2021=LINE('',#2020,#2019);
#2022=DIRECTION('',(-1.E0,0.E0,0.E0));
#2023=VECTOR('',#2022,2.2E0);
#2024=CARTESIAN_POINT('',(-5.2E0,-3.9E0,-6.7E0));
#2025=LINE('',#2024,#2023);
#2026=DIRECTION('',(0.E0,0.E0,1.E0));
#2027=VECTOR('',#2026,3.5E-1);
#2028=CARTESIAN_POINT('',(-9.4E0,-3.9E0,-7.05E0));
#2029=LINE('',#2028,#2027);
#2030=DIRECTION('',(-1.E0,0.E0,0.E0));
#2031=VECTOR('',#2030,1.7E0);
#2032=CARTESIAN_POINT('',(-9.4E0,-3.9E0,-6.7E0));
#2033=LINE('',#2032,#2031);
#2034=DIRECTION('',(0.E0,0.E0,-1.E0));
#2035=VECTOR('',#2034,3.5E-1);
#2036=CARTESIAN_POINT('',(-1.11E1,-3.9E0,-6.7E0));
#2037=LINE('',#2036,#2035);
#2038=DIRECTION('',(0.E0,-1.E0,0.E0));
#2039=VECTOR('',#2038,9.E-1);
#2040=CARTESIAN_POINT('',(9.4E0,-3.9E0,-7.05E0));
#2041=LINE('',#2040,#2039);
#2042=DIRECTION('',(1.E0,0.E0,0.E0));
#2043=VECTOR('',#2042,1.7E0);
#2044=CARTESIAN_POINT('',(9.4E0,-4.8E0,-7.05E0));
#2045=LINE('',#2044,#2043);
#2046=DIRECTION('',(0.E0,1.E0,0.E0));
#2047=VECTOR('',#2046,9.E-1);
#2048=CARTESIAN_POINT('',(1.11E1,-4.8E0,-7.05E0));
#2049=LINE('',#2048,#2047);
#2050=DIRECTION('',(1.E0,0.E0,0.E0));
#2051=VECTOR('',#2050,1.7E0);
#2052=CARTESIAN_POINT('',(9.4E0,-3.9E0,-7.05E0));
#2053=LINE('',#2052,#2051);
#2054=DIRECTION('',(0.E0,-1.E0,0.E0));
#2055=VECTOR('',#2054,9.E-1);
#2056=CARTESIAN_POINT('',(9.4E0,4.8E0,-7.05E0));
#2057=LINE('',#2056,#2055);
#2058=DIRECTION('',(1.E0,0.E0,0.E0));
#2059=VECTOR('',#2058,1.7E0);
#2060=CARTESIAN_POINT('',(9.4E0,3.9E0,-7.05E0));
#2061=LINE('',#2060,#2059);
#2062=DIRECTION('',(0.E0,1.E0,0.E0));
#2063=VECTOR('',#2062,9.E-1);
#2064=CARTESIAN_POINT('',(1.11E1,3.9E0,-7.05E0));
#2065=LINE('',#2064,#2063);
#2066=DIRECTION('',(0.E0,-1.E0,0.E0));
#2067=VECTOR('',#2066,9.E-1);
#2068=CARTESIAN_POINT('',(5.2E0,-3.9E0,-7.05E0));
#2069=LINE('',#2068,#2067);
#2070=DIRECTION('',(1.E0,0.E0,0.E0));
#2071=VECTOR('',#2070,2.2E0);
#2072=CARTESIAN_POINT('',(5.2E0,-4.8E0,-7.05E0));
#2073=LINE('',#2072,#2071);
#2074=DIRECTION('',(0.E0,-1.E0,0.E0));
#2075=VECTOR('',#2074,9.E-1);
#2076=CARTESIAN_POINT('',(7.4E0,-3.9E0,-7.05E0));
#2077=LINE('',#2076,#2075);
#2078=DIRECTION('',(1.E0,0.E0,0.E0));
#2079=VECTOR('',#2078,2.2E0);
#2080=CARTESIAN_POINT('',(5.2E0,-3.9E0,-7.05E0));
#2081=LINE('',#2080,#2079);
#2082=DIRECTION('',(0.E0,-1.E0,0.E0));
#2083=VECTOR('',#2082,9.E-1);
#2084=CARTESIAN_POINT('',(5.2E0,4.8E0,-7.05E0));
#2085=LINE('',#2084,#2083);
#2086=DIRECTION('',(1.E0,0.E0,0.E0));
#2087=VECTOR('',#2086,2.2E0);
#2088=CARTESIAN_POINT('',(5.2E0,3.9E0,-7.05E0));
#2089=LINE('',#2088,#2087);
#2090=DIRECTION('',(0.E0,-1.E0,0.E0));
#2091=VECTOR('',#2090,9.E-1);
#2092=CARTESIAN_POINT('',(7.4E0,4.8E0,-7.05E0));
#2093=LINE('',#2092,#2091);
#2094=DIRECTION('',(0.E0,-1.E0,0.E0));
#2095=VECTOR('',#2094,9.E-1);
#2096=CARTESIAN_POINT('',(1.E0,-3.9E0,-7.05E0));
#2097=LINE('',#2096,#2095);
#2098=DIRECTION('',(1.E0,0.E0,0.E0));
#2099=VECTOR('',#2098,2.2E0);
#2100=CARTESIAN_POINT('',(1.E0,-4.8E0,-7.05E0));
#2101=LINE('',#2100,#2099);
#2102=DIRECTION('',(0.E0,-1.E0,0.E0));
#2103=VECTOR('',#2102,9.E-1);
#2104=CARTESIAN_POINT('',(3.2E0,-3.9E0,-7.05E0));
#2105=LINE('',#2104,#2103);
#2106=DIRECTION('',(1.E0,0.E0,0.E0));
#2107=VECTOR('',#2106,2.2E0);
#2108=CARTESIAN_POINT('',(1.E0,-3.9E0,-7.05E0));
#2109=LINE('',#2108,#2107);
#2110=DIRECTION('',(0.E0,-1.E0,0.E0));
#2111=VECTOR('',#2110,9.E-1);
#2112=CARTESIAN_POINT('',(1.E0,4.8E0,-7.05E0));
#2113=LINE('',#2112,#2111);
#2114=DIRECTION('',(1.E0,0.E0,0.E0));
#2115=VECTOR('',#2114,2.2E0);
#2116=CARTESIAN_POINT('',(1.E0,3.9E0,-7.05E0));
#2117=LINE('',#2116,#2115);
#2118=DIRECTION('',(0.E0,-1.E0,0.E0));
#2119=VECTOR('',#2118,9.E-1);
#2120=CARTESIAN_POINT('',(3.2E0,4.8E0,-7.05E0));
#2121=LINE('',#2120,#2119);
#2122=DIRECTION('',(0.E0,-1.E0,0.E0));
#2123=VECTOR('',#2122,9.E-1);
#2124=CARTESIAN_POINT('',(-3.2E0,-3.9E0,-7.05E0));
#2125=LINE('',#2124,#2123);
#2126=DIRECTION('',(1.E0,0.E0,0.E0));
#2127=VECTOR('',#2126,2.2E0);
#2128=CARTESIAN_POINT('',(-3.2E0,-4.8E0,-7.05E0));
#2129=LINE('',#2128,#2127);
#2130=DIRECTION('',(0.E0,-1.E0,0.E0));
#2131=VECTOR('',#2130,9.E-1);
#2132=CARTESIAN_POINT('',(-1.E0,-3.9E0,-7.05E0));
#2133=LINE('',#2132,#2131);
#2134=DIRECTION('',(1.E0,0.E0,0.E0));
#2135=VECTOR('',#2134,2.2E0);
#2136=CARTESIAN_POINT('',(-3.2E0,-3.9E0,-7.05E0));
#2137=LINE('',#2136,#2135);
#2138=DIRECTION('',(0.E0,-1.E0,0.E0));
#2139=VECTOR('',#2138,9.E-1);
#2140=CARTESIAN_POINT('',(-3.2E0,4.8E0,-7.05E0));
#2141=LINE('',#2140,#2139);
#2142=DIRECTION('',(1.E0,0.E0,0.E0));
#2143=VECTOR('',#2142,2.2E0);
#2144=CARTESIAN_POINT('',(-3.2E0,3.9E0,-7.05E0));
#2145=LINE('',#2144,#2143);
#2146=DIRECTION('',(0.E0,-1.E0,0.E0));
#2147=VECTOR('',#2146,9.E-1);
#2148=CARTESIAN_POINT('',(-1.E0,4.8E0,-7.05E0));
#2149=LINE('',#2148,#2147);
#2150=DIRECTION('',(0.E0,-1.E0,0.E0));
#2151=VECTOR('',#2150,9.E-1);
#2152=CARTESIAN_POINT('',(-7.4E0,-3.9E0,-7.05E0));
#2153=LINE('',#2152,#2151);
#2154=DIRECTION('',(1.E0,0.E0,0.E0));
#2155=VECTOR('',#2154,2.2E0);
#2156=CARTESIAN_POINT('',(-7.4E0,-4.8E0,-7.05E0));
#2157=LINE('',#2156,#2155);
#2158=DIRECTION('',(0.E0,-1.E0,0.E0));
#2159=VECTOR('',#2158,9.E-1);
#2160=CARTESIAN_POINT('',(-5.2E0,-3.9E0,-7.05E0));
#2161=LINE('',#2160,#2159);
#2162=DIRECTION('',(1.E0,0.E0,0.E0));
#2163=VECTOR('',#2162,2.2E0);
#2164=CARTESIAN_POINT('',(-7.4E0,-3.9E0,-7.05E0));
#2165=LINE('',#2164,#2163);
#2166=DIRECTION('',(0.E0,-1.E0,0.E0));
#2167=VECTOR('',#2166,9.E-1);
#2168=CARTESIAN_POINT('',(-7.4E0,4.8E0,-7.05E0));
#2169=LINE('',#2168,#2167);
#2170=DIRECTION('',(1.E0,0.E0,0.E0));
#2171=VECTOR('',#2170,2.2E0);
#2172=CARTESIAN_POINT('',(-7.4E0,3.9E0,-7.05E0));
#2173=LINE('',#2172,#2171);
#2174=DIRECTION('',(0.E0,-1.E0,0.E0));
#2175=VECTOR('',#2174,9.E-1);
#2176=CARTESIAN_POINT('',(-5.2E0,4.8E0,-7.05E0));
#2177=LINE('',#2176,#2175);
#2178=DIRECTION('',(0.E0,-1.E0,0.E0));
#2179=VECTOR('',#2178,9.E-1);
#2180=CARTESIAN_POINT('',(-9.4E0,-3.9E0,-7.05E0));
#2181=LINE('',#2180,#2179);
#2182=DIRECTION('',(1.E0,0.E0,0.E0));
#2183=VECTOR('',#2182,1.7E0);
#2184=CARTESIAN_POINT('',(-1.11E1,-3.9E0,-7.05E0));
#2185=LINE('',#2184,#2183);
#2186=DIRECTION('',(0.E0,1.E0,0.E0));
#2187=VECTOR('',#2186,9.E-1);
#2188=CARTESIAN_POINT('',(-1.11E1,-4.8E0,-7.05E0));
#2189=LINE('',#2188,#2187);
#2190=DIRECTION('',(1.E0,0.E0,0.E0));
#2191=VECTOR('',#2190,1.7E0);
#2192=CARTESIAN_POINT('',(-1.11E1,-4.8E0,-7.05E0));
#2193=LINE('',#2192,#2191);
#2194=DIRECTION('',(0.E0,-1.E0,0.E0));
#2195=VECTOR('',#2194,9.E-1);
#2196=CARTESIAN_POINT('',(-9.4E0,4.8E0,-7.05E0));
#2197=LINE('',#2196,#2195);
#2198=DIRECTION('',(0.E0,1.E0,0.E0));
#2199=VECTOR('',#2198,9.E-1);
#2200=CARTESIAN_POINT('',(-1.11E1,3.9E0,-7.05E0));
#2201=LINE('',#2200,#2199);
#2202=DIRECTION('',(1.E0,0.E0,0.E0));
#2203=VECTOR('',#2202,1.7E0);
#2204=CARTESIAN_POINT('',(-1.11E1,3.9E0,-7.05E0));
#2205=LINE('',#2204,#2203);
#2206=DIRECTION('',(1.E0,0.E0,0.E0));
#2207=VECTOR('',#2206,7.1E0);
#2208=CARTESIAN_POINT('',(5.E-1,-4.8E0,3.032265299996E0));
#2209=LINE('',#2208,#2207);
#2210=CARTESIAN_POINT('',(8.4E0,-4.8E0,3.032265299996E0));
#2211=DIRECTION('',(0.E0,-1.E0,0.E0));
#2212=DIRECTION('',(1.E0,0.E0,0.E0));
#2213=AXIS2_PLACEMENT_3D('',#2210,#2211,#2212);
#2215=DIRECTION('',(1.E0,0.E0,0.E0));
#2216=VECTOR('',#2215,1.9E0);
#2217=CARTESIAN_POINT('',(9.2E0,-4.8E0,3.032265299996E0));
#2218=LINE('',#2217,#2216);
#2219=DIRECTION('',(0.E0,0.E0,-1.E0));
#2220=VECTOR('',#2219,1.00822653E1);
#2221=CARTESIAN_POINT('',(1.11E1,-4.8E0,3.032265299996E0));
#2222=LINE('',#2221,#2220);
#2223=DIRECTION('',(0.E0,0.E0,-1.E0));
#2224=VECTOR('',#2223,5.E-1);
#2225=CARTESIAN_POINT('',(9.4E0,-4.8E0,-6.55E0));
#2226=LINE('',#2225,#2224);
#2227=DIRECTION('',(1.E0,0.E0,0.E0));
#2228=VECTOR('',#2227,2.E0);
#2229=CARTESIAN_POINT('',(7.4E0,-4.8E0,-6.55E0));
#2230=LINE('',#2229,#2228);
#2231=DIRECTION('',(0.E0,0.E0,-1.E0));
#2232=VECTOR('',#2231,5.E-1);
#2233=CARTESIAN_POINT('',(7.4E0,-4.8E0,-6.55E0));
#2234=LINE('',#2233,#2232);
#2235=DIRECTION('',(0.E0,0.E0,-1.E0));
#2236=VECTOR('',#2235,5.E-1);
#2237=CARTESIAN_POINT('',(5.2E0,-4.8E0,-6.55E0));
#2238=LINE('',#2237,#2236);
#2239=DIRECTION('',(1.E0,0.E0,0.E0));
#2240=VECTOR('',#2239,2.E0);
#2241=CARTESIAN_POINT('',(3.2E0,-4.8E0,-6.55E0));
#2242=LINE('',#2241,#2240);
#2243=DIRECTION('',(0.E0,0.E0,-1.E0));
#2244=VECTOR('',#2243,5.E-1);
#2245=CARTESIAN_POINT('',(3.2E0,-4.8E0,-6.55E0));
#2246=LINE('',#2245,#2244);
#2247=DIRECTION('',(0.E0,0.E0,-1.E0));
#2248=VECTOR('',#2247,5.E-1);
#2249=CARTESIAN_POINT('',(1.E0,-4.8E0,-6.55E0));
#2250=LINE('',#2249,#2248);
#2251=DIRECTION('',(1.E0,0.E0,0.E0));
#2252=VECTOR('',#2251,2.E0);
#2253=CARTESIAN_POINT('',(-1.E0,-4.8E0,-6.55E0));
#2254=LINE('',#2253,#2252);
#2255=DIRECTION('',(0.E0,0.E0,-1.E0));
#2256=VECTOR('',#2255,5.E-1);
#2257=CARTESIAN_POINT('',(-1.E0,-4.8E0,-6.55E0));
#2258=LINE('',#2257,#2256);
#2259=DIRECTION('',(0.E0,0.E0,-1.E0));
#2260=VECTOR('',#2259,5.E-1);
#2261=CARTESIAN_POINT('',(-3.2E0,-4.8E0,-6.55E0));
#2262=LINE('',#2261,#2260);
#2263=DIRECTION('',(1.E0,0.E0,0.E0));
#2264=VECTOR('',#2263,2.E0);
#2265=CARTESIAN_POINT('',(-5.2E0,-4.8E0,-6.55E0));
#2266=LINE('',#2265,#2264);
#2267=DIRECTION('',(0.E0,0.E0,-1.E0));
#2268=VECTOR('',#2267,5.E-1);
#2269=CARTESIAN_POINT('',(-5.2E0,-4.8E0,-6.55E0));
#2270=LINE('',#2269,#2268);
#2271=DIRECTION('',(0.E0,0.E0,-1.E0));
#2272=VECTOR('',#2271,5.E-1);
#2273=CARTESIAN_POINT('',(-7.4E0,-4.8E0,-6.55E0));
#2274=LINE('',#2273,#2272);
#2275=DIRECTION('',(1.E0,0.E0,0.E0));
#2276=VECTOR('',#2275,2.E0);
#2277=CARTESIAN_POINT('',(-9.4E0,-4.8E0,-6.55E0));
#2278=LINE('',#2277,#2276);
#2279=DIRECTION('',(0.E0,0.E0,-1.E0));
#2280=VECTOR('',#2279,5.E-1);
#2281=CARTESIAN_POINT('',(-9.4E0,-4.8E0,-6.55E0));
#2282=LINE('',#2281,#2280);
#2283=DIRECTION('',(0.E0,0.E0,-1.E0));
#2284=VECTOR('',#2283,1.00822653E1);
#2285=CARTESIAN_POINT('',(-1.11E1,-4.8E0,3.032265299996E0));
#2286=LINE('',#2285,#2284);
#2287=DIRECTION('',(1.E0,0.E0,0.E0));
#2288=VECTOR('',#2287,1.9E0);
#2289=CARTESIAN_POINT('',(-1.11E1,-4.8E0,3.032265299996E0));
#2290=LINE('',#2289,#2288);
#2291=CARTESIAN_POINT('',(-8.4E0,-4.8E0,3.032265299996E0));
#2292=DIRECTION('',(0.E0,-1.E0,0.E0));
#2293=DIRECTION('',(1.E0,0.E0,0.E0));
#2294=AXIS2_PLACEMENT_3D('',#2291,#2292,#2293);
#2296=DIRECTION('',(1.E0,0.E0,0.E0));
#2297=VECTOR('',#2296,7.1E0);
#2298=CARTESIAN_POINT('',(-7.6E0,-4.8E0,3.032265299996E0));
#2299=LINE('',#2298,#2297);
#2300=DIRECTION('',(0.E0,0.E0,-1.E0));
#2301=VECTOR('',#2300,2.572433985371E0);
#2302=CARTESIAN_POINT('',(-5.E-1,-4.8E0,3.032265299996E0));
#2303=LINE('',#2302,#2301);
#2304=DIRECTION('',(1.E0,0.E0,0.E0));
#2305=VECTOR('',#2304,1.E0);
#2306=CARTESIAN_POINT('',(-5.E-1,-4.8E0,4.598313146242E-1));
#2307=LINE('',#2306,#2305);
#2308=DIRECTION('',(0.E0,0.E0,-1.E0));
#2309=VECTOR('',#2308,2.572433985371E0);
#2310=CARTESIAN_POINT('',(5.E-1,-4.8E0,3.032265299996E0));
#2311=LINE('',#2310,#2309);
#2312=CARTESIAN_POINT('',(-1.35E1,-7.5E0,6.25E0));
#2313=CARTESIAN_POINT('',(-1.354779449928E1,-7.5E0,6.25E0));
#2314=CARTESIAN_POINT('',(-1.362603058732E1,-7.479570365980E0,
6.225652910262E0));
#2315=CARTESIAN_POINT('',(-1.368628877418E1,-7.437975294532E0,
6.176081834429E0));
#2316=CARTESIAN_POINT('',(-1.371213203436E1,-7.412132034356E0,
6.145283036270E0));
#2318=DIRECTION('',(1.E0,0.E0,0.E0));
#2319=VECTOR('',#2318,1.3E1);
#2320=CARTESIAN_POINT('',(-1.35E1,-7.5E0,6.25E0));
#2321=LINE('',#2320,#2319);
#2322=DIRECTION('',(0.E0,6.427876096865E-1,-7.660444431190E-1));
#2323=VECTOR('',#2322,4.200454332523E0);
#2324=CARTESIAN_POINT('',(-5.E-1,-7.5E0,6.25E0));
#2325=LINE('',#2324,#2323);
#2326=CARTESIAN_POINT('',(-7.6E0,-4.8E0,3.032265299996E0));
#2327=CARTESIAN_POINT('',(-7.6E0,-4.879111071906E0,3.126546204154E0));
#2328=CARTESIAN_POINT('',(-7.634165308477E0,-5.050093418395E0,
3.330315029852E0));
#2329=CARTESIAN_POINT('',(-7.786892197438E0,-5.248826799657E0,
3.567156250940E0));
#2330=CARTESIAN_POINT('',(-7.959704708069E0,-5.366092371249E0,
3.706907917172E0));
#2331=CARTESIAN_POINT('',(-8.104479026381E0,-5.428635921298E0,
3.781444417636E0));
#2332=CARTESIAN_POINT('',(-8.255524580510E0,-5.464252041931E0,
3.823890057355E0));
#2333=CARTESIAN_POINT('',(-8.4E0,-5.474793536447E0,3.836452921316E0));
#2334=CARTESIAN_POINT('',(-8.544475419490E0,-5.464252041931E0,
3.823890057355E0));
#2335=CARTESIAN_POINT('',(-8.695520973619E0,-5.428635921298E0,
3.781444417636E0));
#2336=CARTESIAN_POINT('',(-8.840295291931E0,-5.366092371249E0,
3.706907917172E0));
#2337=CARTESIAN_POINT('',(-9.013107802562E0,-5.248826799657E0,
3.567156250940E0));
#2338=CARTESIAN_POINT('',(-9.165834691523E0,-5.050093418395E0,
3.330315029852E0));
#2339=CARTESIAN_POINT('',(-9.2E0,-4.879111071906E0,3.126546204154E0));
#2340=CARTESIAN_POINT('',(-9.2E0,-4.8E0,3.032265299996E0));
#2342=DIRECTION('',(5.407162030609E-1,5.407162030609E-1,-6.444004775718E-1));
#2343=VECTOR('',#2342,4.830874346966E0);
#2344=CARTESIAN_POINT('',(-1.371213203436E1,-7.412132034356E0,
6.145283036270E0));
#2345=LINE('',#2344,#2343);
#2346=CARTESIAN_POINT('',(1.371213203436E1,-7.412132034356E0,6.145283036270E0));
#2347=CARTESIAN_POINT('',(1.368628877418E1,-7.437975294532E0,6.176081834429E0));
#2348=CARTESIAN_POINT('',(1.362603058732E1,-7.479570365980E0,6.225652910262E0));
#2349=CARTESIAN_POINT('',(1.354779449928E1,-7.5E0,6.25E0));
#2350=CARTESIAN_POINT('',(1.35E1,-7.5E0,6.25E0));
#2352=DIRECTION('',(-5.407162030609E-1,5.407162030609E-1,-6.444004775718E-1));
#2353=VECTOR('',#2352,4.830874346966E0);
#2354=CARTESIAN_POINT('',(1.371213203436E1,-7.412132034356E0,6.145283036270E0));
#2355=LINE('',#2354,#2353);
#2356=CARTESIAN_POINT('',(9.2E0,-4.8E0,3.032265299996E0));
#2357=CARTESIAN_POINT('',(9.2E0,-4.879111071906E0,3.126546204154E0));
#2358=CARTESIAN_POINT('',(9.165834691523E0,-5.050093418395E0,3.330315029852E0));
#2359=CARTESIAN_POINT('',(9.013107802562E0,-5.248826799657E0,3.567156250940E0));
#2360=CARTESIAN_POINT('',(8.840295291931E0,-5.366092371249E0,3.706907917172E0));
#2361=CARTESIAN_POINT('',(8.695520973619E0,-5.428635921298E0,3.781444417636E0));
#2362=CARTESIAN_POINT('',(8.544475419490E0,-5.464252041931E0,3.823890057355E0));
#2363=CARTESIAN_POINT('',(8.4E0,-5.474793536447E0,3.836452921316E0));
#2364=CARTESIAN_POINT('',(8.255524580510E0,-5.464252041931E0,3.823890057355E0));
#2365=CARTESIAN_POINT('',(8.104479026381E0,-5.428635921298E0,3.781444417636E0));
#2366=CARTESIAN_POINT('',(7.959704708069E0,-5.366092371249E0,3.706907917172E0));
#2367=CARTESIAN_POINT('',(7.786892197438E0,-5.248826799657E0,3.567156250940E0));
#2368=CARTESIAN_POINT('',(7.634165308477E0,-5.050093418395E0,3.330315029852E0));
#2369=CARTESIAN_POINT('',(7.6E0,-4.879111071906E0,3.126546204154E0));
#2370=CARTESIAN_POINT('',(7.6E0,-4.8E0,3.032265299996E0));
#2372=DIRECTION('',(0.E0,6.427876096865E-1,-7.660444431190E-1));
#2373=VECTOR('',#2372,4.200454332523E0);
#2374=CARTESIAN_POINT('',(5.E-1,-7.5E0,6.25E0));
#2375=LINE('',#2374,#2373);
#2376=DIRECTION('',(1.E0,0.E0,0.E0));
#2377=VECTOR('',#2376,1.3E1);
#2378=CARTESIAN_POINT('',(5.E-1,-7.5E0,6.25E0));
#2379=LINE('',#2378,#2377);
#2380=DIRECTION('',(0.E0,0.E0,1.E0));
#2381=VECTOR('',#2380,8.E-1);
#2382=CARTESIAN_POINT('',(-1.35E1,-7.5E0,6.25E0));
#2383=LINE('',#2382,#2381);
#2384=DIRECTION('',(1.E0,0.E0,0.E0));
#2385=VECTOR('',#2384,2.7E1);
#2386=CARTESIAN_POINT('',(-1.35E1,-7.5E0,7.05E0));
#2387=LINE('',#2386,#2385);
#2388=DIRECTION('',(0.E0,0.E0,-1.E0));
#2389=VECTOR('',#2388,8.E-1);
#2390=CARTESIAN_POINT('',(1.35E1,-7.5E0,7.05E0));
#2391=LINE('',#2390,#2389);
#2392=DIRECTION('',(1.E0,0.E0,0.E0));
#2393=VECTOR('',#2392,1.E0);
#2394=CARTESIAN_POINT('',(-5.E-1,-7.5E0,6.25E0));
#2395=LINE('',#2394,#2393);
#2396=DIRECTION('',(0.E0,4.226182617407E-1,-9.063077870367E-1));
#2397=VECTOR('',#2396,6.388744274512E0);
#2398=CARTESIAN_POINT('',(5.E-1,-7.5E0,6.25E0));
#2399=LINE('',#2398,#2397);
#2400=DIRECTION('',(0.E0,4.226182617407E-1,-9.063077870367E-1));
#2401=VECTOR('',#2400,6.388744274512E0);
#2402=CARTESIAN_POINT('',(-5.E-1,-7.5E0,6.25E0));
#2403=LINE('',#2402,#2401);
#2404=DIRECTION('',(0.E0,0.E0,1.E0));
#2405=VECTOR('',#2404,1.5E-1);
#2406=CARTESIAN_POINT('',(7.4E0,3.E-1,-6.7E0));
#2407=LINE('',#2406,#2405);
#2408=DIRECTION('',(0.E0,0.E0,1.E0));
#2409=VECTOR('',#2408,1.5E-1);
#2410=CARTESIAN_POINT('',(7.4E0,-3.E-1,-6.7E0));
#2411=LINE('',#2410,#2409);
#2412=DIRECTION('',(0.E0,0.E0,-1.E0));
#2413=VECTOR('',#2412,3.5E-1);
#2414=CARTESIAN_POINT('',(1.11E1,-3.E-1,-6.7E0));
#2415=LINE('',#2414,#2413);
#2416=DIRECTION('',(0.E0,1.E0,0.E0));
#2417=VECTOR('',#2416,6.E-1);
#2418=CARTESIAN_POINT('',(-1.11E1,-3.E-1,-7.05E0));
#2419=LINE('',#2418,#2417);
#2420=DIRECTION('',(-1.E0,0.E0,0.E0));
#2421=VECTOR('',#2420,2.22E1);
#2422=CARTESIAN_POINT('',(1.11E1,-3.E-1,-7.05E0));
#2423=LINE('',#2422,#2421);
#2424=DIRECTION('',(0.E0,-1.E0,0.E0));
#2425=VECTOR('',#2424,6.E-1);
#2426=CARTESIAN_POINT('',(1.11E1,3.E-1,-7.05E0));
#2427=LINE('',#2426,#2425);
#2428=DIRECTION('',(1.E0,0.E0,0.E0));
#2429=VECTOR('',#2428,2.22E1);
#2430=CARTESIAN_POINT('',(-1.11E1,3.E-1,-7.05E0));
#2431=LINE('',#2430,#2429);
#2432=DIRECTION('',(0.E0,-1.E0,0.E0));
#2433=VECTOR('',#2432,1.5E0);
#2434=CARTESIAN_POINT('',(-1.11E1,-3.E-1,-9.5E-1));
#2435=LINE('',#2434,#2433);
#2436=DIRECTION('',(0.E0,1.E0,0.E0));
#2437=VECTOR('',#2436,3.6E0);
#2438=CARTESIAN_POINT('',(-1.11E1,-3.9E0,-6.7E0));
#2439=LINE('',#2438,#2437);
#2440=DIRECTION('',(0.E0,0.E0,-1.E0));
#2441=VECTOR('',#2440,3.5E-1);
#2442=CARTESIAN_POINT('',(-1.11E1,-3.E-1,-6.7E0));
#2443=LINE('',#2442,#2441);
#2444=DIRECTION('',(0.E0,1.E0,0.E0));
#2445=VECTOR('',#2444,3.6E0);
#2446=CARTESIAN_POINT('',(-1.11E1,3.E-1,-6.7E0));
#2447=LINE('',#2446,#2445);
#2448=DIRECTION('',(0.E0,1.E0,0.E0));
#2449=VECTOR('',#2448,1.925E0);
#2450=CARTESIAN_POINT('',(-1.11E1,2.875E0,3.032265299996E0));
#2451=LINE('',#2450,#2449);
#2452=DIRECTION('',(0.E0,0.E0,-1.E0));
#2453=VECTOR('',#2452,8.932265299996E0);
#2454=CARTESIAN_POINT('',(-1.11E1,2.875E0,3.032265299996E0));
#2455=LINE('',#2454,#2453);
#2456=DIRECTION('',(0.E0,0.E0,-1.E0));
#2457=VECTOR('',#2456,8.932265299996E0);
#2458=CARTESIAN_POINT('',(-1.11E1,2.125E0,3.032265299996E0));
#2459=LINE('',#2458,#2457);
#2460=DIRECTION('',(0.E0,1.E0,0.E0));
#2461=VECTOR('',#2460,2.425E0);
#2462=CARTESIAN_POINT('',(-1.11E1,-3.E-1,3.032265299996E0));
#2463=LINE('',#2462,#2461);
#2464=DIRECTION('',(0.E0,0.E0,-1.E0));
#2465=VECTOR('',#2464,3.982265299996E0);
#2466=CARTESIAN_POINT('',(-1.11E1,-3.E-1,3.032265299996E0));
#2467=LINE('',#2466,#2465);
#2468=DIRECTION('',(1.E0,0.E0,0.E0));
#2469=VECTOR('',#2468,3.9E0);
#2470=CARTESIAN_POINT('',(-1.5E1,-1.8E0,-9.5E-1));
#2471=LINE('',#2470,#2469);
#2472=DIRECTION('',(0.E0,1.E0,0.E0));
#2473=VECTOR('',#2472,1.5E0);
#2474=CARTESIAN_POINT('',(-1.5E1,-1.8E0,-9.5E-1));
#2475=LINE('',#2474,#2473);
#2476=DIRECTION('',(0.E0,0.E0,1.E0));
#2477=VECTOR('',#2476,8.E-1);
#2478=CARTESIAN_POINT('',(-1.38E1,-1.8E0,6.25E0));
#2479=LINE('',#2478,#2477);
#2480=DIRECTION('',(-6.427876096865E-1,0.E0,7.660444431190E-1));
#2481=VECTOR('',#2480,4.200454332523E0);
#2482=CARTESIAN_POINT('',(-1.11E1,-1.8E0,3.032265299996E0));
#2483=LINE('',#2482,#2481);
#2484=DIRECTION('',(0.E0,0.E0,1.E0));
#2485=VECTOR('',#2484,3.982265299996E0);
#2486=CARTESIAN_POINT('',(-1.11E1,-1.8E0,-9.5E-1));
#2487=LINE('',#2486,#2485);
#2488=DIRECTION('',(0.E0,0.E0,-1.E0));
#2489=VECTOR('',#2488,3.982265299996E0);
#2490=CARTESIAN_POINT('',(1.11E1,-1.8E0,3.032265299996E0));
#2491=LINE('',#2490,#2489);
#2492=DIRECTION('',(-6.427876096865E-1,0.E0,-7.660444431190E-1));
#2493=VECTOR('',#2492,4.200454332523E0);
#2494=CARTESIAN_POINT('',(1.38E1,-1.8E0,6.25E0));
#2495=LINE('',#2494,#2493);
#2496=DIRECTION('',(0.E0,0.E0,-1.E0));
#2497=VECTOR('',#2496,8.E-1);
#2498=CARTESIAN_POINT('',(1.38E1,-1.8E0,7.05E0));
#2499=LINE('',#2498,#2497);
#2500=DIRECTION('',(0.E0,0.E0,-1.E0));
#2501=VECTOR('',#2500,8.E0);
#2502=CARTESIAN_POINT('',(-1.5E1,-1.8E0,7.05E0));
#2503=LINE('',#2502,#2501);
#2504=DIRECTION('',(0.E0,1.E0,0.E0));
#2505=VECTOR('',#2504,1.5E0);
#2506=CARTESIAN_POINT('',(-1.5E1,-1.8E0,7.05E0));
#2507=LINE('',#2506,#2505);
#2508=DIRECTION('',(0.E0,0.E0,1.E0));
#2509=VECTOR('',#2508,8.E0);
#2510=CARTESIAN_POINT('',(1.5E1,-1.8E0,-9.5E-1));
#2511=LINE('',#2510,#2509);
#2512=DIRECTION('',(0.E0,1.E0,0.E0));
#2513=VECTOR('',#2512,1.5E0);
#2514=CARTESIAN_POINT('',(1.5E1,-1.8E0,-9.5E-1));
#2515=LINE('',#2514,#2513);
#2516=DIRECTION('',(1.E0,0.E0,0.E0));
#2517=VECTOR('',#2516,3.9E0);
#2518=CARTESIAN_POINT('',(1.11E1,-1.8E0,-9.5E-1));
#2519=LINE('',#2518,#2517);
#2520=DIRECTION('',(-1.736481776669E-1,0.E0,9.848077530122E-1));
#2521=VECTOR('',#2520,4.403726590869E0);
#2522=CARTESIAN_POINT('',(1.29E1,2.875E0,-1.065E1));
#2523=LINE('',#2522,#2521);
#2524=DIRECTION('',(0.E0,0.E0,1.E0));
#2525=VECTOR('',#2524,1.15E0);
#2526=CARTESIAN_POINT('',(1.29E1,2.875E0,-1.065E1));
#2527=LINE('',#2526,#2525);
#2528=DIRECTION('',(-1.E0,0.E0,0.E0));
#2529=VECTOR('',#2528,2.E-1);
#2530=CARTESIAN_POINT('',(1.31E1,2.875E0,-9.5E0));
#2531=LINE('',#2530,#2529);
#2532=DIRECTION('',(0.E0,0.E0,1.E0));
#2533=VECTOR('',#2532,1.371577248518E1);
#2534=CARTESIAN_POINT('',(1.31E1,2.875E0,-9.5E0));
#2535=LINE('',#2534,#2533);
#2536=DIRECTION('',(-8.606080434601E-1,0.E0,-5.092679015330E-1));
#2537=VECTOR('',#2536,2.323938307570E0);
#2538=CARTESIAN_POINT('',(1.31E1,2.875E0,4.215772485184E0));
#2539=LINE('',#2538,#2537);
#2540=DIRECTION('',(-1.E0,0.E0,0.E0));
#2541=VECTOR('',#2540,5.428970260462E-1);
#2542=CARTESIAN_POINT('',(1.164289702605E1,2.875E0,-5.9E0));
#2543=LINE('',#2542,#2541);
#2544=CARTESIAN_POINT('',(1.164289702605E1,2.875E0,-6.4E0));
#2545=DIRECTION('',(0.E0,-1.E0,0.E0));
#2546=DIRECTION('',(9.848077530122E-1,0.E0,1.736481776669E-1));
#2547=AXIS2_PLACEMENT_3D('',#2544,#2545,#2546);
#2549=DIRECTION('',(-1.E0,0.E0,0.E0));
#2550=VECTOR('',#2549,5.428970260462E-1);
#2551=CARTESIAN_POINT('',(-1.11E1,2.875E0,-5.9E0));
#2552=LINE('',#2551,#2550);
#2553=DIRECTION('',(8.606080434601E-1,0.E0,-5.092679015330E-1));
#2554=VECTOR('',#2553,2.323938307570E0);
#2555=CARTESIAN_POINT('',(-1.31E1,2.875E0,4.215772485184E0));
#2556=LINE('',#2555,#2554);
#2557=DIRECTION('',(0.E0,0.E0,-1.E0));
#2558=VECTOR('',#2557,1.371577248518E1);
#2559=CARTESIAN_POINT('',(-1.31E1,2.875E0,4.215772485184E0));
#2560=LINE('',#2559,#2558);
#2561=DIRECTION('',(1.E0,0.E0,0.E0));
#2562=VECTOR('',#2561,2.E-1);
#2563=CARTESIAN_POINT('',(-1.31E1,2.875E0,-9.5E0));
#2564=LINE('',#2563,#2562);
#2565=DIRECTION('',(0.E0,0.E0,1.E0));
#2566=VECTOR('',#2565,1.15E0);
#2567=CARTESIAN_POINT('',(-1.29E1,2.875E0,-1.065E1));
#2568=LINE('',#2567,#2566);
#2569=DIRECTION('',(-1.736481776669E-1,0.E0,-9.848077530122E-1));
#2570=VECTOR('',#2569,4.403726590869E0);
#2571=CARTESIAN_POINT('',(-1.213530090255E1,2.875E0,-6.313175911167E0));
#2572=LINE('',#2571,#2570);
#2573=CARTESIAN_POINT('',(-1.164289702605E1,2.875E0,-6.4E0));
#2574=DIRECTION('',(0.E0,-1.E0,0.E0));
#2575=DIRECTION('',(0.E0,0.E0,1.E0));
#2576=AXIS2_PLACEMENT_3D('',#2573,#2574,#2575);
#2578=DIRECTION('',(0.E0,1.E0,0.E0));
#2579=VECTOR('',#2578,7.5E-1);
#2580=CARTESIAN_POINT('',(1.213530090255E1,2.125E0,-6.313175911167E0));
#2581=LINE('',#2580,#2579);
#2582=DIRECTION('',(0.E0,1.E0,0.E0));
#2583=VECTOR('',#2582,7.5E-1);
#2584=CARTESIAN_POINT('',(1.164289702605E1,2.125E0,-5.9E0));
#2585=LINE('',#2584,#2583);
#2586=DIRECTION('',(-1.736481776669E-1,0.E0,9.848077530122E-1));
#2587=VECTOR('',#2586,4.403726590869E0);
#2588=CARTESIAN_POINT('',(1.29E1,2.125E0,-1.065E1));
#2589=LINE('',#2588,#2587);
#2590=CARTESIAN_POINT('',(1.164289702605E1,2.125E0,-6.4E0));
#2591=DIRECTION('',(0.E0,-1.E0,0.E0));
#2592=DIRECTION('',(9.848077530122E-1,0.E0,1.736481776669E-1));
#2593=AXIS2_PLACEMENT_3D('',#2590,#2591,#2592);
#2595=DIRECTION('',(-1.E0,0.E0,0.E0));
#2596=VECTOR('',#2595,5.428970260462E-1);
#2597=CARTESIAN_POINT('',(1.164289702605E1,2.125E0,-5.9E0));
#2598=LINE('',#2597,#2596);
#2599=DIRECTION('',(-8.606080434601E-1,0.E0,-5.092679015330E-1));
#2600=VECTOR('',#2599,2.323938307570E0);
#2601=CARTESIAN_POINT('',(1.31E1,2.125E0,4.215772485184E0));
#2602=LINE('',#2601,#2600);
#2603=DIRECTION('',(0.E0,0.E0,1.E0));
#2604=VECTOR('',#2603,1.371577248518E1);
#2605=CARTESIAN_POINT('',(1.31E1,2.125E0,-9.5E0));
#2606=LINE('',#2605,#2604);
#2607=DIRECTION('',(-1.E0,0.E0,0.E0));
#2608=VECTOR('',#2607,2.E-1);
#2609=CARTESIAN_POINT('',(1.31E1,2.125E0,-9.5E0));
#2610=LINE('',#2609,#2608);
#2611=DIRECTION('',(0.E0,0.E0,1.E0));
#2612=VECTOR('',#2611,1.15E0);
#2613=CARTESIAN_POINT('',(1.29E1,2.125E0,-1.065E1));
#2614=LINE('',#2613,#2612);
#2615=DIRECTION('',(-1.E0,0.E0,0.E0));
#2616=VECTOR('',#2615,5.428970260462E-1);
#2617=CARTESIAN_POINT('',(-1.11E1,2.125E0,-5.9E0));
#2618=LINE('',#2617,#2616);
#2619=CARTESIAN_POINT('',(-1.164289702605E1,2.125E0,-6.4E0));
#2620=DIRECTION('',(0.E0,-1.E0,0.E0));
#2621=DIRECTION('',(0.E0,0.E0,1.E0));
#2622=AXIS2_PLACEMENT_3D('',#2619,#2620,#2621);
#2624=DIRECTION('',(-1.736481776669E-1,0.E0,-9.848077530122E-1));
#2625=VECTOR('',#2624,4.403726590869E0);
#2626=CARTESIAN_POINT('',(-1.213530090255E1,2.125E0,-6.313175911167E0));
#2627=LINE('',#2626,#2625);
#2628=DIRECTION('',(0.E0,0.E0,1.E0));
#2629=VECTOR('',#2628,1.15E0);
#2630=CARTESIAN_POINT('',(-1.29E1,2.125E0,-1.065E1));
#2631=LINE('',#2630,#2629);
#2632=DIRECTION('',(1.E0,0.E0,0.E0));
#2633=VECTOR('',#2632,2.E-1);
#2634=CARTESIAN_POINT('',(-1.31E1,2.125E0,-9.5E0));
#2635=LINE('',#2634,#2633);
#2636=DIRECTION('',(0.E0,0.E0,-1.E0));
#2637=VECTOR('',#2636,1.371577248518E1);
#2638=CARTESIAN_POINT('',(-1.31E1,2.125E0,4.215772485184E0));
#2639=LINE('',#2638,#2637);
#2640=DIRECTION('',(8.606080434601E-1,0.E0,-5.092679015330E-1));
#2641=VECTOR('',#2640,2.323938307570E0);
#2642=CARTESIAN_POINT('',(-1.31E1,2.125E0,4.215772485184E0));
#2643=LINE('',#2642,#2641);
#2644=DIRECTION('',(0.E0,-1.E0,0.E0));
#2645=VECTOR('',#2644,7.5E-1);
#2646=CARTESIAN_POINT('',(1.31E1,2.875E0,4.215772485184E0));
#2647=LINE('',#2646,#2645);
#2648=DIRECTION('',(0.E0,-1.E0,0.E0));
#2649=VECTOR('',#2648,7.5E-1);
#2650=CARTESIAN_POINT('',(1.31E1,2.875E0,-9.5E0));
#2651=LINE('',#2650,#2649);
#2652=DIRECTION('',(0.E0,1.E0,0.E0));
#2653=VECTOR('',#2652,2.5E-1);
#2654=CARTESIAN_POINT('',(1.29E1,1.875E0,-9.5E0));
#2655=LINE('',#2654,#2653);
#2656=DIRECTION('',(0.E0,1.E0,0.E0));
#2657=VECTOR('',#2656,2.5E-1);
#2658=CARTESIAN_POINT('',(1.29E1,2.875E0,-9.5E0));
#2659=LINE('',#2658,#2657);
#2660=CARTESIAN_POINT('',(1.29E1,2.5E0,-9.5E0));
#2661=DIRECTION('',(0.E0,0.E0,-1.E0));
#2662=DIRECTION('',(0.E0,1.E0,0.E0));
#2663=AXIS2_PLACEMENT_3D('',#2660,#2661,#2662);
#2665=DIRECTION('',(0.E0,0.E0,-1.E0));
#2666=VECTOR('',#2665,1.359742176667E1);
#2667=CARTESIAN_POINT('',(1.29E1,1.875E0,4.097421766665E0));
#2668=LINE('',#2667,#2666);
#2669=DIRECTION('',(0.E0,-1.E0,0.E0));
#2670=VECTOR('',#2669,4.75E-1);
#2671=CARTESIAN_POINT('',(1.29E1,1.875E0,4.097421766665E0));
#2672=LINE('',#2671,#2670);
#2673=DIRECTION('',(0.E0,0.E0,1.E0));
#2674=VECTOR('',#2673,1.359742176667E1);
#2675=CARTESIAN_POINT('',(1.29E1,1.4E0,-9.5E0));
#2676=LINE('',#2675,#2674);
#2677=DIRECTION('',(0.E0,4.625660066950E-1,-8.865848461655E-1));
#2678=VECTOR('',#2677,1.297112177107E0);
#2679=CARTESIAN_POINT('',(1.29E1,1.4E0,-9.5E0));
#2680=LINE('',#2679,#2678);
#2681=DIRECTION('',(0.E0,0.E0,-1.E0));
#2682=VECTOR('',#2681,1.359742176667E1);
#2683=CARTESIAN_POINT('',(1.29E1,3.6E0,4.097421766665E0));
#2684=LINE('',#2683,#2682);
#2685=DIRECTION('',(0.E0,-1.E0,0.E0));
#2686=VECTOR('',#2685,4.75E-1);
#2687=CARTESIAN_POINT('',(1.29E1,3.6E0,4.097421766665E0));
#2688=LINE('',#2687,#2686);
#2689=DIRECTION('',(0.E0,0.E0,-1.E0));
#2690=VECTOR('',#2689,1.359742176667E1);
#2691=CARTESIAN_POINT('',(1.29E1,3.125E0,4.097421766665E0));
#2692=LINE('',#2691,#2690);
#2693=DIRECTION('',(0.E0,-1.E0,0.E0));
#2694=VECTOR('',#2693,7.5E-1);
#2695=CARTESIAN_POINT('',(1.29E1,2.875E0,-1.065E1));
#2696=LINE('',#2695,#2694);
#2697=DIRECTION('',(1.421085471520E-14,1.E0,-1.421085471520E-14));
#2698=VECTOR('',#2697,1.25E-1);
#2699=CARTESIAN_POINT('',(1.29E1,2.E0,-1.065E1));
#2700=LINE('',#2699,#2698);
#2701=DIRECTION('',(-1.E0,0.E0,0.E0));
#2702=VECTOR('',#2701,7.653311931459E-1);
#2703=CARTESIAN_POINT('',(1.366533119315E1,2.E0,-1.065E1));
#2704=LINE('',#2703,#2702);
#2705=CARTESIAN_POINT('',(1.325E1,2.5E0,-1.065E1));
#2706=DIRECTION('',(0.E0,0.E0,-1.E0));
#2707=DIRECTION('',(6.389710663783E-1,7.692307692308E-1,0.E0));
#2708=AXIS2_PLACEMENT_3D('',#2705,#2706,#2707);
#2710=DIRECTION('',(1.E0,0.E0,0.E0));
#2711=VECTOR('',#2710,7.653311931459E-1);
#2712=CARTESIAN_POINT('',(1.29E1,3.E0,-1.065E1));
#2713=LINE('',#2712,#2711);
#2714=DIRECTION('',(-1.421085471520E-14,1.E0,-1.421085471520E-14));
#2715=VECTOR('',#2714,1.25E-1);
#2716=CARTESIAN_POINT('',(1.29E1,2.875E0,-1.065E1));
#2717=LINE('',#2716,#2715);
#2718=DIRECTION('',(-6.082985655911E-1,3.671424757843E-1,-7.036897452533E-1));
#2719=VECTOR('',#2718,1.634242942656E0);
#2720=CARTESIAN_POINT('',(1.465943883099E1,1.4E0,-9.5E0));
#2721=LINE('',#2720,#2719);
#2722=DIRECTION('',(8.606080434601E-1,0.E0,5.092679015330E-1));
#2723=VECTOR('',#2722,1.045772238407E0);
#2724=CARTESIAN_POINT('',(1.29E1,1.4E0,4.097421766665E0));
#2725=LINE('',#2724,#2723);
#2726=DIRECTION('',(0.E0,0.E0,-1.E0));
#2727=VECTOR('',#2726,1.428E1);
#2728=CARTESIAN_POINT('',(1.416318050967E1,1.4E0,5.43E0));
#2729=LINE('',#2728,#2727);
#2730=DIRECTION('',(0.E0,0.E0,-1.E0));
#2731=VECTOR('',#2730,6.5E-1);
#2732=CARTESIAN_POINT('',(1.465943883099E1,1.4E0,-8.85E0));
#2733=LINE('',#2732,#2731);
#2734=DIRECTION('',(1.E0,0.E0,0.E0));
#2735=VECTOR('',#2734,1.759438830991E0);
#2736=CARTESIAN_POINT('',(1.29E1,1.4E0,-9.5E0));
#2737=LINE('',#2736,#2735);
#2738=CARTESIAN_POINT('',(1.29E1,2.5E0,-8.85E0));
#2739=DIRECTION('',(0.E0,0.E0,-1.E0));
#2740=DIRECTION('',(7.541376177110E-1,6.567164179104E-1,0.E0));
#2741=AXIS2_PLACEMENT_3D('',#2738,#2739,#2740);
#2743=DIRECTION('',(8.606080434601E-1,0.E0,5.092679015330E-1));
#2744=VECTOR('',#2743,1.045772238407E0);
#2745=CARTESIAN_POINT('',(1.29E1,3.6E0,4.097421766665E0));
#2746=LINE('',#2745,#2744);
#2747=DIRECTION('',(1.E0,0.E0,0.E0));
#2748=VECTOR('',#2747,1.759438830991E0);
#2749=CARTESIAN_POINT('',(1.29E1,3.6E0,-9.5E0));
#2750=LINE('',#2749,#2748);
#2751=DIRECTION('',(0.E0,0.E0,-1.E0));
#2752=VECTOR('',#2751,6.5E-1);
#2753=CARTESIAN_POINT('',(1.465943883099E1,3.6E0,-8.85E0));
#2754=LINE('',#2753,#2752);
#2755=DIRECTION('',(0.E0,0.E0,-1.E0));
#2756=VECTOR('',#2755,1.428E1);
#2757=CARTESIAN_POINT('',(1.416318050967E1,3.6E0,5.43E0));
#2758=LINE('',#2757,#2756);
#2759=DIRECTION('',(0.E0,0.E0,-1.E0));
#2760=VECTOR('',#2759,8.E-1);
#2761=CARTESIAN_POINT('',(1.38E1,3.6E0,5.43E0));
#2762=LINE('',#2761,#2760);
#2763=DIRECTION('',(0.E0,-4.625660066950E-1,-8.865848461655E-1));
#2764=VECTOR('',#2763,1.297112177107E0);
#2765=CARTESIAN_POINT('',(1.29E1,3.6E0,-9.5E0));
#2766=LINE('',#2765,#2764);
#2767=DIRECTION('',(-6.082985655911E-1,-3.671424757843E-1,-7.036897452533E-1));
#2768=VECTOR('',#2767,1.634242942656E0);
#2769=CARTESIAN_POINT('',(1.465943883099E1,3.6E0,-9.5E0));
#2770=LINE('',#2769,#2768);
#2771=CARTESIAN_POINT('',(1.29E1,2.5E0,-9.5E0));
#2772=DIRECTION('',(0.E0,0.E0,-1.E0));
#2773=DIRECTION('',(8.479223281886E-1,5.301204819277E-1,0.E0));
#2774=AXIS2_PLACEMENT_3D('',#2771,#2772,#2773);
#2776=DIRECTION('',(1.E0,0.E0,0.E0));
#2777=VECTOR('',#2776,4.962583213253E-1);
#2778=CARTESIAN_POINT('',(1.416318050967E1,3.6E0,-8.85E0));
#2779=LINE('',#2778,#2777);
#2780=CARTESIAN_POINT('',(1.29E1,2.5E0,-8.85E0));
#2781=DIRECTION('',(0.E0,0.E0,-1.E0));
#2782=DIRECTION('',(8.479223281886E-1,5.301204819277E-1,0.E0));
#2783=AXIS2_PLACEMENT_3D('',#2780,#2781,#2782);
#2785=DIRECTION('',(1.E0,0.E0,0.E0));
#2786=VECTOR('',#2785,4.962583213253E-1);
#2787=CARTESIAN_POINT('',(1.416318050967E1,1.4E0,-8.85E0));
#2788=LINE('',#2787,#2786);
#2789=CARTESIAN_POINT('',(1.29E1,3.125E0,4.097421766665E0));
#2790=CARTESIAN_POINT('',(1.297365695637E1,3.125E0,4.141008535219E0));
#2791=CARTESIAN_POINT('',(1.313285135145E1,3.098308352752E0,4.235212390426E0));
#2792=CARTESIAN_POINT('',(1.331788355543E1,2.978990470752E0,4.344705861874E0));
#2793=CARTESIAN_POINT('',(1.342706454467E1,2.843980696821E0,4.409314104502E0));
#2794=CARTESIAN_POINT('',(1.348529618566E1,2.730875760640E0,4.443772887259E0));
#2795=CARTESIAN_POINT('',(1.351845684169E1,2.612871421476E0,4.463395824598E0));
#2796=CARTESIAN_POINT('',(1.352827157916E1,2.5E0,4.469203730756E0));
#2797=CARTESIAN_POINT('',(1.351845684169E1,2.387128578524E0,4.463395824598E0));
#2798=CARTESIAN_POINT('',(1.348529618566E1,2.269124239360E0,4.443772887259E0));
#2799=CARTESIAN_POINT('',(1.342706454467E1,2.156019303179E0,4.409314104502E0));
#2800=CARTESIAN_POINT('',(1.331788355543E1,2.021009529248E0,4.344705861874E0));
#2801=CARTESIAN_POINT('',(1.313285135145E1,1.901691647248E0,4.235212390426E0));
#2802=CARTESIAN_POINT('',(1.297365695637E1,1.875E0,4.141008535219E0));
#2803=CARTESIAN_POINT('',(1.29E1,1.875E0,4.097421766665E0));
#2805=DIRECTION('',(0.E0,1.E0,0.E0));
#2806=VECTOR('',#2805,7.5E-1);
#2807=CARTESIAN_POINT('',(-1.11E1,2.125E0,-5.9E0));
#2808=LINE('',#2807,#2806);
#2809=DIRECTION('',(0.E0,1.E0,0.E0));
#2810=VECTOR('',#2809,7.5E-1);
#2811=CARTESIAN_POINT('',(-1.164289702605E1,2.125E0,-5.9E0));
#2812=LINE('',#2811,#2810);
#2813=DIRECTION('',(0.E0,1.E0,0.E0));
#2814=VECTOR('',#2813,7.5E-1);
#2815=CARTESIAN_POINT('',(-1.213530090255E1,2.125E0,-6.313175911167E0));
#2816=LINE('',#2815,#2814);
#2817=DIRECTION('',(0.E0,-1.E0,0.E0));
#2818=VECTOR('',#2817,7.5E-1);
#2819=CARTESIAN_POINT('',(-1.29E1,2.875E0,-1.065E1));
#2820=LINE('',#2819,#2818);
#2821=DIRECTION('',(1.421085471520E-14,-1.E0,-2.842170943040E-14));
#2822=VECTOR('',#2821,1.25E-1);
#2823=CARTESIAN_POINT('',(-1.29E1,3.E0,-1.065E1));
#2824=LINE('',#2823,#2822);
#2825=DIRECTION('',(1.E0,0.E0,0.E0));
#2826=VECTOR('',#2825,7.653311931459E-1);
#2827=CARTESIAN_POINT('',(-1.366533119315E1,3.E0,-1.065E1));
#2828=LINE('',#2827,#2826);
#2829=CARTESIAN_POINT('',(-1.325E1,2.5E0,-1.065E1));
#2830=DIRECTION('',(0.E0,0.E0,-1.E0));
#2831=DIRECTION('',(-6.389710663783E-1,-7.692307692308E-1,0.E0));
#2832=AXIS2_PLACEMENT_3D('',#2829,#2830,#2831);
#2834=DIRECTION('',(-1.E0,0.E0,0.E0));
#2835=VECTOR('',#2834,7.653311931459E-1);
#2836=CARTESIAN_POINT('',(-1.29E1,2.E0,-1.065E1));
#2837=LINE('',#2836,#2835);
#2838=DIRECTION('',(1.421085471520E-14,-1.E0,4.263256414561E-14));
#2839=VECTOR('',#2838,1.25E-1);
#2840=CARTESIAN_POINT('',(-1.29E1,2.125E0,-1.065E1));
#2841=LINE('',#2840,#2839);
#2842=DIRECTION('',(0.E0,0.E0,1.E0));
#2843=VECTOR('',#2842,1.359742176667E1);
#2844=CARTESIAN_POINT('',(-1.29E1,3.125E0,-9.5E0));
#2845=LINE('',#2844,#2843);
#2846=DIRECTION('',(0.E0,-1.E0,0.E0));
#2847=VECTOR('',#2846,4.75E-1);
#2848=CARTESIAN_POINT('',(-1.29E1,3.6E0,4.097421766665E0));
#2849=LINE('',#2848,#2847);
#2850=DIRECTION('',(0.E0,0.E0,1.E0));
#2851=VECTOR('',#2850,1.359742176667E1);
#2852=CARTESIAN_POINT('',(-1.29E1,3.6E0,-9.5E0));
#2853=LINE('',#2852,#2851);
#2854=DIRECTION('',(0.E0,-4.625660066950E-1,-8.865848461655E-1));
#2855=VECTOR('',#2854,1.297112177107E0);
#2856=CARTESIAN_POINT('',(-1.29E1,3.6E0,-9.5E0));
#2857=LINE('',#2856,#2855);
#2858=DIRECTION('',(0.E0,0.E0,1.E0));
#2859=VECTOR('',#2858,1.359742176667E1);
#2860=CARTESIAN_POINT('',(-1.29E1,1.4E0,-9.5E0));
#2861=LINE('',#2860,#2859);
#2862=DIRECTION('',(0.E0,-1.E0,0.E0));
#2863=VECTOR('',#2862,4.75E-1);
#2864=CARTESIAN_POINT('',(-1.29E1,1.875E0,4.097421766665E0));
#2865=LINE('',#2864,#2863);
#2866=DIRECTION('',(0.E0,0.E0,1.E0));
#2867=VECTOR('',#2866,1.359742176667E1);
#2868=CARTESIAN_POINT('',(-1.29E1,1.875E0,-9.5E0));
#2869=LINE('',#2868,#2867);
#2870=DIRECTION('',(-2.131628207280E-14,-1.E0,0.E0));
#2871=VECTOR('',#2870,2.5E-1);
#2872=CARTESIAN_POINT('',(-1.29E1,2.125E0,-9.5E0));
#2873=LINE('',#2872,#2871);
#2874=CARTESIAN_POINT('',(-1.29E1,2.5E0,-9.5E0));
#2875=DIRECTION('',(0.E0,0.E0,1.E0));
#2876=DIRECTION('',(0.E0,1.E0,0.E0));
#2877=AXIS2_PLACEMENT_3D('',#2874,#2875,#2876);
#2879=DIRECTION('',(0.E0,-1.E0,0.E0));
#2880=VECTOR('',#2879,2.5E-1);
#2881=CARTESIAN_POINT('',(-1.29E1,3.125E0,-9.5E0));
#2882=LINE('',#2881,#2880);
#2883=DIRECTION('',(0.E0,-1.E0,0.E0));
#2884=VECTOR('',#2883,7.5E-1);
#2885=CARTESIAN_POINT('',(-1.31E1,2.875E0,4.215772485184E0));
#2886=LINE('',#2885,#2884);
#2887=DIRECTION('',(0.E0,-1.E0,0.E0));
#2888=VECTOR('',#2887,7.5E-1);
#2889=CARTESIAN_POINT('',(-1.31E1,2.875E0,-9.5E0));
#2890=LINE('',#2889,#2888);
#2891=CARTESIAN_POINT('',(-1.29E1,3.125E0,4.097421766665E0));
#2892=CARTESIAN_POINT('',(-1.297365695637E1,3.125E0,4.141008535219E0));
#2893=CARTESIAN_POINT('',(-1.313285135145E1,3.098308352752E0,4.235212390426E0));
#2894=CARTESIAN_POINT('',(-1.331788355543E1,2.978990470752E0,4.344705861874E0));
#2895=CARTESIAN_POINT('',(-1.342706454467E1,2.843980696821E0,4.409314104502E0));
#2896=CARTESIAN_POINT('',(-1.348529618566E1,2.730875760640E0,4.443772887259E0));
#2897=CARTESIAN_POINT('',(-1.351845684169E1,2.612871421476E0,4.463395824598E0));
#2898=CARTESIAN_POINT('',(-1.352827157916E1,2.5E0,4.469203730756E0));
#2899=CARTESIAN_POINT('',(-1.351845684169E1,2.387128578524E0,4.463395824598E0));
#2900=CARTESIAN_POINT('',(-1.348529618566E1,2.269124239360E0,4.443772887259E0));
#2901=CARTESIAN_POINT('',(-1.342706454467E1,2.156019303179E0,4.409314104502E0));
#2902=CARTESIAN_POINT('',(-1.331788355543E1,2.021009529248E0,4.344705861874E0));
#2903=CARTESIAN_POINT('',(-1.313285135145E1,1.901691647248E0,4.235212390426E0));
#2904=CARTESIAN_POINT('',(-1.297365695637E1,1.875E0,4.141008535219E0));
#2905=CARTESIAN_POINT('',(-1.29E1,1.875E0,4.097421766665E0));
#2907=DIRECTION('',(0.E0,0.E0,1.E0));
#2908=VECTOR('',#2907,1.428E1);
#2909=CARTESIAN_POINT('',(-1.416318050967E1,3.6E0,-8.85E0));
#2910=LINE('',#2909,#2908);
#2911=DIRECTION('',(0.E0,0.E0,1.E0));
#2912=VECTOR('',#2911,6.5E-1);
#2913=CARTESIAN_POINT('',(-1.465943883099E1,3.6E0,-9.5E0));
#2914=LINE('',#2913,#2912);
#2915=DIRECTION('',(-1.E0,0.E0,0.E0));
#2916=VECTOR('',#2915,1.759438830991E0);
#2917=CARTESIAN_POINT('',(-1.29E1,3.6E0,-9.5E0));
#2918=LINE('',#2917,#2916);
#2919=DIRECTION('',(-8.606080434601E-1,0.E0,5.092679015330E-1));
#2920=VECTOR('',#2919,1.045772238407E0);
#2921=CARTESIAN_POINT('',(-1.29E1,3.6E0,4.097421766665E0));
#2922=LINE('',#2921,#2920);
#2923=CARTESIAN_POINT('',(-1.29E1,2.5E0,5.43E0));
#2924=DIRECTION('',(0.E0,0.E0,1.E0));
#2925=DIRECTION('',(-7.541376177110E-1,6.567164179104E-1,0.E0));
#2926=AXIS2_PLACEMENT_3D('',#2923,#2924,#2925);
#2928=DIRECTION('',(1.E0,0.E0,0.E0));
#2929=VECTOR('',#2928,4.962583213253E-1);
#2930=CARTESIAN_POINT('',(-1.465943883099E1,3.6E0,-8.85E0));
#2931=LINE('',#2930,#2929);
#2932=CARTESIAN_POINT('',(-1.29E1,2.5E0,-8.85E0));
#2933=DIRECTION('',(0.E0,0.E0,1.E0));
#2934=DIRECTION('',(-7.541376177110E-1,6.567164179104E-1,0.E0));
#2935=AXIS2_PLACEMENT_3D('',#2932,#2933,#2934);
#2937=DIRECTION('',(-1.E0,0.E0,0.E0));
#2938=VECTOR('',#2937,4.962583213253E-1);
#2939=CARTESIAN_POINT('',(-1.416318050967E1,1.4E0,-8.85E0));
#2940=LINE('',#2939,#2938);
#2941=CARTESIAN_POINT('',(-1.29E1,2.5E0,-8.85E0));
#2942=DIRECTION('',(0.E0,0.E0,1.E0));
#2943=DIRECTION('',(-8.479223281886E-1,5.301204819277E-1,0.E0));
#2944=AXIS2_PLACEMENT_3D('',#2941,#2942,#2943);
#2946=CARTESIAN_POINT('',(-1.29E1,2.5E0,-9.5E0));
#2947=DIRECTION('',(0.E0,0.E0,1.E0));
#2948=DIRECTION('',(-8.479223281886E-1,5.301204819277E-1,0.E0));
#2949=AXIS2_PLACEMENT_3D('',#2946,#2947,#2948);
#2951=DIRECTION('',(6.082985655911E-1,3.671424757843E-1,-7.036897452533E-1));
#2952=VECTOR('',#2951,1.634242942656E0);
#2953=CARTESIAN_POINT('',(-1.465943883099E1,1.4E0,-9.5E0));
#2954=LINE('',#2953,#2952);
#2955=DIRECTION('',(0.E0,4.625660066950E-1,-8.865848461655E-1));
#2956=VECTOR('',#2955,1.297112177107E0);
#2957=CARTESIAN_POINT('',(-1.29E1,1.4E0,-9.5E0));
#2958=LINE('',#2957,#2956);
#2959=DIRECTION('',(6.082985655911E-1,-3.671424757843E-1,-7.036897452533E-1));
#2960=VECTOR('',#2959,1.634242942656E0);
#2961=CARTESIAN_POINT('',(-1.465943883099E1,3.6E0,-9.5E0));
#2962=LINE('',#2961,#2960);
#2963=DIRECTION('',(0.E0,0.E0,1.E0));
#2964=VECTOR('',#2963,1.5E-1);
#2965=CARTESIAN_POINT('',(-5.2E0,3.E-1,-6.7E0));
#2966=LINE('',#2965,#2964);
#2967=DIRECTION('',(0.E0,0.E0,1.E0));
#2968=VECTOR('',#2967,1.5E-1);
#2969=CARTESIAN_POINT('',(-5.2E0,-3.E-1,-6.7E0));
#2970=LINE('',#2969,#2968);
#2971=DIRECTION('',(0.E0,1.E0,0.E0));
#2972=VECTOR('',#2971,5.E-1);
#2973=CARTESIAN_POINT('',(-4.77E0,-2.8E0,-6.55E0));
#2974=LINE('',#2973,#2972);
#2975=DIRECTION('',(1.E0,0.E0,0.E0));
#2976=VECTOR('',#2975,1.14E0);
#2977=CARTESIAN_POINT('',(-4.77E0,-2.3E0,-6.55E0));
#2978=LINE('',#2977,#2976);
#2979=DIRECTION('',(0.E0,1.E0,0.E0));
#2980=VECTOR('',#2979,5.E-1);
#2981=CARTESIAN_POINT('',(-3.63E0,-2.8E0,-6.55E0));
#2982=LINE('',#2981,#2980);
#2983=DIRECTION('',(1.E0,0.E0,0.E0));
#2984=VECTOR('',#2983,1.14E0);
#2985=CARTESIAN_POINT('',(-4.77E0,-2.8E0,-6.55E0));
#2986=LINE('',#2985,#2984);
#2987=DIRECTION('',(0.E0,1.E0,0.E0));
#2988=VECTOR('',#2987,5.E-1);
#2989=CARTESIAN_POINT('',(-4.77E0,2.7E0,-6.55E0));
#2990=LINE('',#2989,#2988);
#2991=DIRECTION('',(1.E0,0.E0,0.E0));
#2992=VECTOR('',#2991,1.14E0);
#2993=CARTESIAN_POINT('',(-4.77E0,3.2E0,-6.55E0));
#2994=LINE('',#2993,#2992);
#2995=DIRECTION('',(0.E0,1.E0,0.E0));
#2996=VECTOR('',#2995,5.E-1);
#2997=CARTESIAN_POINT('',(-3.63E0,2.7E0,-6.55E0));
#2998=LINE('',#2997,#2996);
#2999=DIRECTION('',(1.E0,0.E0,0.E0));
#3000=VECTOR('',#2999,1.14E0);
#3001=CARTESIAN_POINT('',(-4.77E0,2.7E0,-6.55E0));
#3002=LINE('',#3001,#3000);
#3003=DIRECTION('',(1.E0,0.E0,0.E0));
#3004=VECTOR('',#3003,2.E0);
#3005=CARTESIAN_POINT('',(-5.2E0,3.E-1,-6.55E0));
#3006=LINE('',#3005,#3004);
#3007=DIRECTION('',(0.E0,-1.E0,0.E0));
#3008=VECTOR('',#3007,4.5E0);
#3009=CARTESIAN_POINT('',(-5.2E0,4.8E0,-6.55E0));
#3010=LINE('',#3009,#3008);
#3011=DIRECTION('',(1.E0,0.E0,0.E0));
#3012=VECTOR('',#3011,2.E0);
#3013=CARTESIAN_POINT('',(-5.2E0,-3.E-1,-6.55E0));
#3014=LINE('',#3013,#3012);
#3015=DIRECTION('',(0.E0,-1.E0,0.E0));
#3016=VECTOR('',#3015,4.5E0);
#3017=CARTESIAN_POINT('',(-5.2E0,-3.E-1,-6.55E0));
#3018=LINE('',#3017,#3016);
#3019=DIRECTION('',(0.E0,0.E0,-1.E0));
#3020=VECTOR('',#3019,3.E0);
#3021=CARTESIAN_POINT('',(-4.77E0,2.7E0,-6.55E0));
#3022=LINE('',#3021,#3020);
#3023=DIRECTION('',(0.E0,3.420201433257E-1,-9.396926207859E-1));
#3024=VECTOR('',#3023,1.064177772476E0);
#3025=CARTESIAN_POINT('',(-4.77E0,2.7E0,-9.55E0));
#3026=LINE('',#3025,#3024);
#3027=DIRECTION('',(0.E0,1.E0,0.E0));
#3028=VECTOR('',#3027,1.360297657338E-1);
#3029=CARTESIAN_POINT('',(-4.77E0,3.063970234266E0,-1.055E1));
#3030=LINE('',#3029,#3028);
#3031=DIRECTION('',(0.E0,0.E0,1.E0));
#3032=VECTOR('',#3031,4.E0);
#3033=CARTESIAN_POINT('',(-4.77E0,3.2E0,-1.055E1));
#3034=LINE('',#3033,#3032);
#3035=DIRECTION('',(0.E0,0.E0,-1.E0));
#3036=VECTOR('',#3035,4.E0);
#3037=CARTESIAN_POINT('',(-4.77E0,-2.8E0,-6.55E0));
#3038=LINE('',#3037,#3036);
#3039=DIRECTION('',(0.E0,1.E0,0.E0));
#3040=VECTOR('',#3039,1.360297657338E-1);
#3041=CARTESIAN_POINT('',(-4.77E0,-2.8E0,-1.055E1));
#3042=LINE('',#3041,#3040);
#3043=DIRECTION('',(0.E0,3.420201433257E-1,9.396926207859E-1));
#3044=VECTOR('',#3043,1.064177772476E0);
#3045=CARTESIAN_POINT('',(-4.77E0,-2.663970234266E0,-1.055E1));
#3046=LINE('',#3045,#3044);
#3047=DIRECTION('',(0.E0,0.E0,1.E0));
#3048=VECTOR('',#3047,3.E0);
#3049=CARTESIAN_POINT('',(-4.77E0,-2.3E0,-9.55E0));
#3050=LINE('',#3049,#3048);
#3051=DIRECTION('',(0.E0,0.E0,1.E0));
#3052=VECTOR('',#3051,5.5E0);
#3053=CARTESIAN_POINT('',(-4.77E0,2.87E0,-3.35E0));
#3054=LINE('',#3053,#3052);
#3055=DIRECTION('',(0.E0,-1.E0,0.E0));
#3056=VECTOR('',#3055,1.14E0);
#3057=CARTESIAN_POINT('',(-4.77E0,2.87E0,2.15E0));
#3058=LINE('',#3057,#3056);
#3059=DIRECTION('',(0.E0,0.E0,-1.E0));
#3060=VECTOR('',#3059,5.5E0);
#3061=CARTESIAN_POINT('',(-4.77E0,1.73E0,2.15E0));
#3062=LINE('',#3061,#3060);
#3063=DIRECTION('',(0.E0,0.E0,1.E0));
#3064=VECTOR('',#3063,5.5E0);
#3065=CARTESIAN_POINT('',(-4.77E0,-1.33E0,-3.35E0));
#3066=LINE('',#3065,#3064);
#3067=DIRECTION('',(0.E0,-1.E0,0.E0));
#3068=VECTOR('',#3067,1.14E0);
#3069=CARTESIAN_POINT('',(-4.77E0,-1.33E0,2.15E0));
#3070=LINE('',#3069,#3068);
#3071=DIRECTION('',(0.E0,0.E0,-1.E0));
#3072=VECTOR('',#3071,5.5E0);
#3073=CARTESIAN_POINT('',(-4.77E0,-2.47E0,2.15E0));
#3074=LINE('',#3073,#3072);
#3075=DIRECTION('',(0.E0,0.E0,-1.E0));
#3076=VECTOR('',#3075,3.E0);
#3077=CARTESIAN_POINT('',(-3.63E0,2.7E0,-6.55E0));
#3078=LINE('',#3077,#3076);
#3079=DIRECTION('',(0.E0,0.E0,1.E0));
#3080=VECTOR('',#3079,4.E0);
#3081=CARTESIAN_POINT('',(-3.63E0,3.2E0,-1.055E1));
#3082=LINE('',#3081,#3080);
#3083=DIRECTION('',(0.E0,1.E0,0.E0));
#3084=VECTOR('',#3083,1.360297657338E-1);
#3085=CARTESIAN_POINT('',(-3.63E0,3.063970234266E0,-1.055E1));
#3086=LINE('',#3085,#3084);
#3087=DIRECTION('',(0.E0,3.420201433257E-1,-9.396926207859E-1));
#3088=VECTOR('',#3087,1.064177772476E0);
#3089=CARTESIAN_POINT('',(-3.63E0,2.7E0,-9.55E0));
#3090=LINE('',#3089,#3088);
#3091=DIRECTION('',(0.E0,0.E0,-1.E0));
#3092=VECTOR('',#3091,4.E0);
#3093=CARTESIAN_POINT('',(-3.63E0,-2.8E0,-6.55E0));
#3094=LINE('',#3093,#3092);
#3095=DIRECTION('',(0.E0,0.E0,1.E0));
#3096=VECTOR('',#3095,3.E0);
#3097=CARTESIAN_POINT('',(-3.63E0,-2.3E0,-9.55E0));
#3098=LINE('',#3097,#3096);
#3099=DIRECTION('',(0.E0,3.420201433257E-1,9.396926207859E-1));
#3100=VECTOR('',#3099,1.064177772476E0);
#3101=CARTESIAN_POINT('',(-3.63E0,-2.663970234266E0,-1.055E1));
#3102=LINE('',#3101,#3100);
#3103=DIRECTION('',(0.E0,1.E0,0.E0));
#3104=VECTOR('',#3103,1.360297657338E-1);
#3105=CARTESIAN_POINT('',(-3.63E0,-2.8E0,-1.055E1));
#3106=LINE('',#3105,#3104);
#3107=DIRECTION('',(0.E0,0.E0,1.E0));
#3108=VECTOR('',#3107,5.5E0);
#3109=CARTESIAN_POINT('',(-3.63E0,2.87E0,-3.35E0));
#3110=LINE('',#3109,#3108);
#3111=DIRECTION('',(0.E0,0.E0,-1.E0));
#3112=VECTOR('',#3111,5.5E0);
#3113=CARTESIAN_POINT('',(-3.63E0,1.73E0,2.15E0));
#3114=LINE('',#3113,#3112);
#3115=DIRECTION('',(0.E0,-1.E0,0.E0));
#3116=VECTOR('',#3115,1.14E0);
#3117=CARTESIAN_POINT('',(-3.63E0,2.87E0,2.15E0));
#3118=LINE('',#3117,#3116);
#3119=DIRECTION('',(0.E0,0.E0,1.E0));
#3120=VECTOR('',#3119,5.5E0);
#3121=CARTESIAN_POINT('',(-3.63E0,-1.33E0,-3.35E0));
#3122=LINE('',#3121,#3120);
#3123=DIRECTION('',(0.E0,0.E0,-1.E0));
#3124=VECTOR('',#3123,5.5E0);
#3125=CARTESIAN_POINT('',(-3.63E0,-2.47E0,2.15E0));
#3126=LINE('',#3125,#3124);
#3127=DIRECTION('',(0.E0,-1.E0,0.E0));
#3128=VECTOR('',#3127,1.14E0);
#3129=CARTESIAN_POINT('',(-3.63E0,-1.33E0,2.15E0));
#3130=LINE('',#3129,#3128);
#3131=DIRECTION('',(1.E0,0.E0,0.E0));
#3132=VECTOR('',#3131,1.14E0);
#3133=CARTESIAN_POINT('',(-4.77E0,3.2E0,-1.055E1));
#3134=LINE('',#3133,#3132);
#3135=DIRECTION('',(1.E0,0.E0,0.E0));
#3136=VECTOR('',#3135,1.14E0);
#3137=CARTESIAN_POINT('',(-4.77E0,3.063970234266E0,-1.055E1));
#3138=LINE('',#3137,#3136);
#3139=DIRECTION('',(1.E0,0.E0,0.E0));
#3140=VECTOR('',#3139,1.14E0);
#3141=CARTESIAN_POINT('',(-4.77E0,2.7E0,-9.55E0));
#3142=LINE('',#3141,#3140);
#3143=DIRECTION('',(1.E0,0.E0,0.E0));
#3144=VECTOR('',#3143,1.14E0);
#3145=CARTESIAN_POINT('',(-4.77E0,-2.8E0,-1.055E1));
#3146=LINE('',#3145,#3144);
#3147=DIRECTION('',(1.E0,0.E0,0.E0));
#3148=VECTOR('',#3147,1.14E0);
#3149=CARTESIAN_POINT('',(-4.77E0,-2.663970234266E0,-1.055E1));
#3150=LINE('',#3149,#3148);
#3151=DIRECTION('',(1.E0,0.E0,0.E0));
#3152=VECTOR('',#3151,1.14E0);
#3153=CARTESIAN_POINT('',(-4.77E0,-2.3E0,-9.55E0));
#3154=LINE('',#3153,#3152);
#3155=DIRECTION('',(1.E0,0.E0,0.E0));
#3156=VECTOR('',#3155,3.6E0);
#3157=CARTESIAN_POINT('',(-6.E0,-3.9E0,-3.35E0));
#3158=LINE('',#3157,#3156);
#3159=DIRECTION('',(0.E0,-1.E0,0.E0));
#3160=VECTOR('',#3159,3.6E0);
#3161=CARTESIAN_POINT('',(-6.E0,-3.E-1,-3.35E0));
#3162=LINE('',#3161,#3160);
#3163=DIRECTION('',(-1.E0,0.E0,0.E0));
#3164=VECTOR('',#3163,3.6E0);
#3165=CARTESIAN_POINT('',(-2.4E0,-3.E-1,-3.35E0));
#3166=LINE('',#3165,#3164);
#3167=DIRECTION('',(0.E0,1.E0,0.E0));
#3168=VECTOR('',#3167,3.6E0);
#3169=CARTESIAN_POINT('',(-2.4E0,-3.9E0,-3.35E0));
#3170=LINE('',#3169,#3168);
#3171=DIRECTION('',(1.E0,0.E0,0.E0));
#3172=VECTOR('',#3171,2.E0);
#3173=CARTESIAN_POINT('',(-5.2E0,3.E-1,-3.35E0));
#3174=LINE('',#3173,#3172);
#3175=DIRECTION('',(7.071067811865E-1,-7.071067811865E-1,0.E0));
#3176=VECTOR('',#3175,1.131370849898E0);
#3177=CARTESIAN_POINT('',(-6.E0,1.1E0,-3.35E0));
#3178=LINE('',#3177,#3176);
#3179=DIRECTION('',(0.E0,-1.E0,0.E0));
#3180=VECTOR('',#3179,2.8E0);
#3181=CARTESIAN_POINT('',(-6.E0,3.9E0,-3.35E0));
#3182=LINE('',#3181,#3180);
#3183=DIRECTION('',(-1.E0,0.E0,0.E0));
#3184=VECTOR('',#3183,3.6E0);
#3185=CARTESIAN_POINT('',(-2.4E0,3.9E0,-3.35E0));
#3186=LINE('',#3185,#3184);
#3187=DIRECTION('',(0.E0,1.E0,0.E0));
#3188=VECTOR('',#3187,2.8E0);
#3189=CARTESIAN_POINT('',(-2.4E0,1.1E0,-3.35E0));
#3190=LINE('',#3189,#3188);
#3191=DIRECTION('',(7.071067811865E-1,7.071067811865E-1,0.E0));
#3192=VECTOR('',#3191,1.131370849898E0);
#3193=CARTESIAN_POINT('',(-3.2E0,3.E-1,-3.35E0));
#3194=LINE('',#3193,#3192);
#3195=DIRECTION('',(0.E0,1.E0,0.E0));
#3196=VECTOR('',#3195,1.14E0);
#3197=CARTESIAN_POINT('',(-4.77E0,-2.47E0,-3.35E0));
#3198=LINE('',#3197,#3196);
#3199=DIRECTION('',(1.E0,0.E0,0.E0));
#3200=VECTOR('',#3199,1.14E0);
#3201=CARTESIAN_POINT('',(-4.77E0,-2.47E0,-3.35E0));
#3202=LINE('',#3201,#3200);
#3203=DIRECTION('',(0.E0,1.E0,0.E0));
#3204=VECTOR('',#3203,1.14E0);
#3205=CARTESIAN_POINT('',(-3.63E0,-2.47E0,-3.35E0));
#3206=LINE('',#3205,#3204);
#3207=DIRECTION('',(1.E0,0.E0,0.E0));
#3208=VECTOR('',#3207,1.14E0);
#3209=CARTESIAN_POINT('',(-4.77E0,-1.33E0,-3.35E0));
#3210=LINE('',#3209,#3208);
#3211=DIRECTION('',(0.E0,1.E0,0.E0));
#3212=VECTOR('',#3211,1.14E0);
#3213=CARTESIAN_POINT('',(-4.77E0,1.73E0,-3.35E0));
#3214=LINE('',#3213,#3212);
#3215=DIRECTION('',(1.E0,0.E0,0.E0));
#3216=VECTOR('',#3215,1.14E0);
#3217=CARTESIAN_POINT('',(-4.77E0,1.73E0,-3.35E0));
#3218=LINE('',#3217,#3216);
#3219=DIRECTION('',(0.E0,1.E0,0.E0));
#3220=VECTOR('',#3219,1.14E0);
#3221=CARTESIAN_POINT('',(-3.63E0,1.73E0,-3.35E0));
#3222=LINE('',#3221,#3220);
#3223=DIRECTION('',(1.E0,0.E0,0.E0));
#3224=VECTOR('',#3223,1.14E0);
#3225=CARTESIAN_POINT('',(-4.77E0,2.87E0,-3.35E0));
#3226=LINE('',#3225,#3224);
#3227=DIRECTION('',(0.E0,0.E0,-1.E0));
#3228=VECTOR('',#3227,6.9E0);
#3229=CARTESIAN_POINT('',(-6.E0,-3.E-1,3.55E0));
#3230=LINE('',#3229,#3228);
#3231=DIRECTION('',(0.E0,0.E0,-1.E0));
#3232=VECTOR('',#3231,6.9E0);
#3233=CARTESIAN_POINT('',(-2.4E0,-3.E-1,3.55E0));
#3234=LINE('',#3233,#3232);
#3235=DIRECTION('',(0.E0,0.E0,-1.E0));
#3236=VECTOR('',#3235,6.9E0);
#3237=CARTESIAN_POINT('',(-2.4E0,-3.9E0,3.55E0));
#3238=LINE('',#3237,#3236);
#3239=DIRECTION('',(0.E0,0.E0,-1.E0));
#3240=VECTOR('',#3239,6.9E0);
#3241=CARTESIAN_POINT('',(-5.2E0,3.E-1,3.55E0));
#3242=LINE('',#3241,#3240);
#3243=DIRECTION('',(0.E0,0.E0,-1.E0));
#3244=VECTOR('',#3243,6.9E0);
#3245=CARTESIAN_POINT('',(-6.E0,1.1E0,3.55E0));
#3246=LINE('',#3245,#3244);
#3247=DIRECTION('',(0.E0,0.E0,-1.E0));
#3248=VECTOR('',#3247,6.9E0);
#3249=CARTESIAN_POINT('',(-6.E0,3.9E0,3.55E0));
#3250=LINE('',#3249,#3248);
#3251=DIRECTION('',(0.E0,0.E0,-1.E0));
#3252=VECTOR('',#3251,6.9E0);
#3253=CARTESIAN_POINT('',(-3.2E0,3.E-1,3.55E0));
#3254=LINE('',#3253,#3252);
#3255=DIRECTION('',(0.E0,0.E0,-1.E0));
#3256=VECTOR('',#3255,6.9E0);
#3257=CARTESIAN_POINT('',(-2.4E0,1.1E0,3.55E0));
#3258=LINE('',#3257,#3256);
#3259=DIRECTION('',(1.E0,0.E0,0.E0));
#3260=VECTOR('',#3259,1.14E0);
#3261=CARTESIAN_POINT('',(-4.77E0,-2.47E0,2.15E0));
#3262=LINE('',#3261,#3260);
#3263=DIRECTION('',(1.E0,0.E0,0.E0));
#3264=VECTOR('',#3263,1.14E0);
#3265=CARTESIAN_POINT('',(-4.77E0,-1.33E0,2.15E0));
#3266=LINE('',#3265,#3264);
#3267=DIRECTION('',(1.E0,0.E0,0.E0));
#3268=VECTOR('',#3267,1.14E0);
#3269=CARTESIAN_POINT('',(-4.77E0,1.73E0,2.15E0));
#3270=LINE('',#3269,#3268);
#3271=DIRECTION('',(1.E0,0.E0,0.E0));
#3272=VECTOR('',#3271,1.14E0);
#3273=CARTESIAN_POINT('',(-4.77E0,2.87E0,2.15E0));
#3274=LINE('',#3273,#3272);
#3275=DIRECTION('',(0.E0,0.E0,-1.E0));
#3276=VECTOR('',#3275,1.5E-1);
#3277=CARTESIAN_POINT('',(-3.2E0,3.E-1,-6.55E0));
#3278=LINE('',#3277,#3276);
#3279=DIRECTION('',(0.E0,-1.E0,0.E0));
#3280=VECTOR('',#3279,4.5E0);
#3281=CARTESIAN_POINT('',(-3.2E0,4.8E0,-6.55E0));
#3282=LINE('',#3281,#3280);
#3283=DIRECTION('',(0.E0,0.E0,-1.E0));
#3284=VECTOR('',#3283,1.5E-1);
#3285=CARTESIAN_POINT('',(-3.2E0,-3.E-1,-6.55E0));
#3286=LINE('',#3285,#3284);
#3287=DIRECTION('',(0.E0,-1.E0,0.E0));
#3288=VECTOR('',#3287,4.5E0);
#3289=CARTESIAN_POINT('',(-3.2E0,-3.E-1,-6.55E0));
#3290=LINE('',#3289,#3288);
#3291=DIRECTION('',(0.E0,0.E0,1.E0));
#3292=VECTOR('',#3291,1.5E-1);
#3293=CARTESIAN_POINT('',(-1.E0,3.E-1,-6.7E0));
#3294=LINE('',#3293,#3292);
#3295=DIRECTION('',(0.E0,0.E0,1.E0));
#3296=VECTOR('',#3295,1.5E-1);
#3297=CARTESIAN_POINT('',(-1.E0,-3.E-1,-6.7E0));
#3298=LINE('',#3297,#3296);
#3299=DIRECTION('',(0.E0,1.E0,0.E0));
#3300=VECTOR('',#3299,5.E-1);
#3301=CARTESIAN_POINT('',(-5.7E-1,-2.8E0,-6.55E0));
#3302=LINE('',#3301,#3300);
#3303=DIRECTION('',(1.E0,0.E0,0.E0));
#3304=VECTOR('',#3303,1.14E0);
#3305=CARTESIAN_POINT('',(-5.7E-1,-2.3E0,-6.55E0));
#3306=LINE('',#3305,#3304);
#3307=DIRECTION('',(0.E0,1.E0,0.E0));
#3308=VECTOR('',#3307,5.E-1);
#3309=CARTESIAN_POINT('',(5.7E-1,-2.8E0,-6.55E0));
#3310=LINE('',#3309,#3308);
#3311=DIRECTION('',(1.E0,0.E0,0.E0));
#3312=VECTOR('',#3311,1.14E0);
#3313=CARTESIAN_POINT('',(-5.7E-1,-2.8E0,-6.55E0));
#3314=LINE('',#3313,#3312);
#3315=DIRECTION('',(0.E0,1.E0,0.E0));
#3316=VECTOR('',#3315,5.E-1);
#3317=CARTESIAN_POINT('',(-5.7E-1,2.7E0,-6.55E0));
#3318=LINE('',#3317,#3316);
#3319=DIRECTION('',(1.E0,0.E0,0.E0));
#3320=VECTOR('',#3319,1.14E0);
#3321=CARTESIAN_POINT('',(-5.7E-1,3.2E0,-6.55E0));
#3322=LINE('',#3321,#3320);
#3323=DIRECTION('',(0.E0,1.E0,0.E0));
#3324=VECTOR('',#3323,5.E-1);
#3325=CARTESIAN_POINT('',(5.7E-1,2.7E0,-6.55E0));
#3326=LINE('',#3325,#3324);
#3327=DIRECTION('',(1.E0,0.E0,0.E0));
#3328=VECTOR('',#3327,1.14E0);
#3329=CARTESIAN_POINT('',(-5.7E-1,2.7E0,-6.55E0));
#3330=LINE('',#3329,#3328);
#3331=DIRECTION('',(1.E0,0.E0,0.E0));
#3332=VECTOR('',#3331,2.E0);
#3333=CARTESIAN_POINT('',(-1.E0,3.E-1,-6.55E0));
#3334=LINE('',#3333,#3332);
#3335=DIRECTION('',(0.E0,-1.E0,0.E0));
#3336=VECTOR('',#3335,4.5E0);
#3337=CARTESIAN_POINT('',(-1.E0,4.8E0,-6.55E0));
#3338=LINE('',#3337,#3336);
#3339=DIRECTION('',(1.E0,0.E0,0.E0));
#3340=VECTOR('',#3339,2.E0);
#3341=CARTESIAN_POINT('',(-1.E0,-3.E-1,-6.55E0));
#3342=LINE('',#3341,#3340);
#3343=DIRECTION('',(0.E0,-1.E0,0.E0));
#3344=VECTOR('',#3343,4.5E0);
#3345=CARTESIAN_POINT('',(-1.E0,-3.E-1,-6.55E0));
#3346=LINE('',#3345,#3344);
#3347=DIRECTION('',(0.E0,0.E0,1.E0));
#3348=VECTOR('',#3347,5.5E0);
#3349=CARTESIAN_POINT('',(-5.7E-1,-1.33E0,-3.35E0));
#3350=LINE('',#3349,#3348);
#3351=DIRECTION('',(0.E0,-1.E0,0.E0));
#3352=VECTOR('',#3351,1.14E0);
#3353=CARTESIAN_POINT('',(-5.7E-1,-1.33E0,2.15E0));
#3354=LINE('',#3353,#3352);
#3355=DIRECTION('',(0.E0,0.E0,-1.E0));
#3356=VECTOR('',#3355,5.5E0);
#3357=CARTESIAN_POINT('',(-5.7E-1,-2.47E0,2.15E0));
#3358=LINE('',#3357,#3356);
#3359=DIRECTION('',(0.E0,0.E0,1.E0));
#3360=VECTOR('',#3359,5.5E0);
#3361=CARTESIAN_POINT('',(-5.7E-1,2.87E0,-3.35E0));
#3362=LINE('',#3361,#3360);
#3363=DIRECTION('',(0.E0,-1.E0,0.E0));
#3364=VECTOR('',#3363,1.14E0);
#3365=CARTESIAN_POINT('',(-5.7E-1,2.87E0,2.15E0));
#3366=LINE('',#3365,#3364);
#3367=DIRECTION('',(0.E0,0.E0,-1.E0));
#3368=VECTOR('',#3367,5.5E0);
#3369=CARTESIAN_POINT('',(-5.7E-1,1.73E0,2.15E0));
#3370=LINE('',#3369,#3368);
#3371=DIRECTION('',(0.E0,0.E0,-1.E0));
#3372=VECTOR('',#3371,3.E0);
#3373=CARTESIAN_POINT('',(-5.7E-1,2.7E0,-6.55E0));
#3374=LINE('',#3373,#3372);
#3375=DIRECTION('',(0.E0,3.420201433257E-1,-9.396926207859E-1));
#3376=VECTOR('',#3375,1.064177772476E0);
#3377=CARTESIAN_POINT('',(-5.7E-1,2.7E0,-9.55E0));
#3378=LINE('',#3377,#3376);
#3379=DIRECTION('',(0.E0,1.E0,0.E0));
#3380=VECTOR('',#3379,1.360297657338E-1);
#3381=CARTESIAN_POINT('',(-5.7E-1,3.063970234266E0,-1.055E1));
#3382=LINE('',#3381,#3380);
#3383=DIRECTION('',(0.E0,0.E0,1.E0));
#3384=VECTOR('',#3383,4.E0);
#3385=CARTESIAN_POINT('',(-5.7E-1,3.2E0,-1.055E1));
#3386=LINE('',#3385,#3384);
#3387=DIRECTION('',(0.E0,0.E0,-1.E0));
#3388=VECTOR('',#3387,4.E0);
#3389=CARTESIAN_POINT('',(-5.7E-1,-2.8E0,-6.55E0));
#3390=LINE('',#3389,#3388);
#3391=DIRECTION('',(0.E0,1.E0,0.E0));
#3392=VECTOR('',#3391,1.360297657338E-1);
#3393=CARTESIAN_POINT('',(-5.7E-1,-2.8E0,-1.055E1));
#3394=LINE('',#3393,#3392);
#3395=DIRECTION('',(0.E0,3.420201433257E-1,9.396926207859E-1));
#3396=VECTOR('',#3395,1.064177772476E0);
#3397=CARTESIAN_POINT('',(-5.7E-1,-2.663970234266E0,-1.055E1));
#3398=LINE('',#3397,#3396);
#3399=DIRECTION('',(0.E0,0.E0,1.E0));
#3400=VECTOR('',#3399,3.E0);
#3401=CARTESIAN_POINT('',(-5.7E-1,-2.3E0,-9.55E0));
#3402=LINE('',#3401,#3400);
#3403=DIRECTION('',(0.E0,0.E0,-1.E0));
#3404=VECTOR('',#3403,5.5E0);
#3405=CARTESIAN_POINT('',(5.7E-1,-2.47E0,2.15E0));
#3406=LINE('',#3405,#3404);
#3407=DIRECTION('',(0.E0,-1.E0,0.E0));
#3408=VECTOR('',#3407,1.14E0);
#3409=CARTESIAN_POINT('',(5.7E-1,-1.33E0,2.15E0));
#3410=LINE('',#3409,#3408);
#3411=DIRECTION('',(0.E0,0.E0,1.E0));
#3412=VECTOR('',#3411,5.5E0);
#3413=CARTESIAN_POINT('',(5.7E-1,-1.33E0,-3.35E0));
#3414=LINE('',#3413,#3412);
#3415=DIRECTION('',(0.E0,0.E0,-1.E0));
#3416=VECTOR('',#3415,5.5E0);
#3417=CARTESIAN_POINT('',(5.7E-1,1.73E0,2.15E0));
#3418=LINE('',#3417,#3416);
#3419=DIRECTION('',(0.E0,-1.E0,0.E0));
#3420=VECTOR('',#3419,1.14E0);
#3421=CARTESIAN_POINT('',(5.7E-1,2.87E0,2.15E0));
#3422=LINE('',#3421,#3420);
#3423=DIRECTION('',(0.E0,0.E0,1.E0));
#3424=VECTOR('',#3423,5.5E0);
#3425=CARTESIAN_POINT('',(5.7E-1,2.87E0,-3.35E0));
#3426=LINE('',#3425,#3424);
#3427=DIRECTION('',(0.E0,0.E0,-1.E0));
#3428=VECTOR('',#3427,3.E0);
#3429=CARTESIAN_POINT('',(5.7E-1,2.7E0,-6.55E0));
#3430=LINE('',#3429,#3428);
#3431=DIRECTION('',(0.E0,0.E0,1.E0));
#3432=VECTOR('',#3431,4.E0);
#3433=CARTESIAN_POINT('',(5.7E-1,3.2E0,-1.055E1));
#3434=LINE('',#3433,#3432);
#3435=DIRECTION('',(0.E0,1.E0,0.E0));
#3436=VECTOR('',#3435,1.360297657338E-1);
#3437=CARTESIAN_POINT('',(5.7E-1,3.063970234266E0,-1.055E1));
#3438=LINE('',#3437,#3436);
#3439=DIRECTION('',(0.E0,3.420201433257E-1,-9.396926207859E-1));
#3440=VECTOR('',#3439,1.064177772476E0);
#3441=CARTESIAN_POINT('',(5.7E-1,2.7E0,-9.55E0));
#3442=LINE('',#3441,#3440);
#3443=DIRECTION('',(0.E0,0.E0,-1.E0));
#3444=VECTOR('',#3443,4.E0);
#3445=CARTESIAN_POINT('',(5.7E-1,-2.8E0,-6.55E0));
#3446=LINE('',#3445,#3444);
#3447=DIRECTION('',(0.E0,0.E0,1.E0));
#3448=VECTOR('',#3447,3.E0);
#3449=CARTESIAN_POINT('',(5.7E-1,-2.3E0,-9.55E0));
#3450=LINE('',#3449,#3448);
#3451=DIRECTION('',(0.E0,3.420201433257E-1,9.396926207859E-1));
#3452=VECTOR('',#3451,1.064177772476E0);
#3453=CARTESIAN_POINT('',(5.7E-1,-2.663970234266E0,-1.055E1));
#3454=LINE('',#3453,#3452);
#3455=DIRECTION('',(0.E0,1.E0,0.E0));
#3456=VECTOR('',#3455,1.360297657338E-1);
#3457=CARTESIAN_POINT('',(5.7E-1,-2.8E0,-1.055E1));
#3458=LINE('',#3457,#3456);
#3459=DIRECTION('',(1.E0,0.E0,0.E0));
#3460=VECTOR('',#3459,1.14E0);
#3461=CARTESIAN_POINT('',(-5.7E-1,-2.47E0,2.15E0));
#3462=LINE('',#3461,#3460);
#3463=DIRECTION('',(1.E0,0.E0,0.E0));
#3464=VECTOR('',#3463,1.14E0);
#3465=CARTESIAN_POINT('',(-5.7E-1,-1.33E0,2.15E0));
#3466=LINE('',#3465,#3464);
#3467=DIRECTION('',(1.E0,0.E0,0.E0));
#3468=VECTOR('',#3467,1.14E0);
#3469=CARTESIAN_POINT('',(-5.7E-1,1.73E0,2.15E0));
#3470=LINE('',#3469,#3468);
#3471=DIRECTION('',(1.E0,0.E0,0.E0));
#3472=VECTOR('',#3471,1.14E0);
#3473=CARTESIAN_POINT('',(-5.7E-1,2.87E0,2.15E0));
#3474=LINE('',#3473,#3472);
#3475=DIRECTION('',(1.E0,0.E0,0.E0));
#3476=VECTOR('',#3475,1.14E0);
#3477=CARTESIAN_POINT('',(-5.7E-1,2.7E0,-9.55E0));
#3478=LINE('',#3477,#3476);
#3479=DIRECTION('',(1.E0,0.E0,0.E0));
#3480=VECTOR('',#3479,1.14E0);
#3481=CARTESIAN_POINT('',(-5.7E-1,3.063970234266E0,-1.055E1));
#3482=LINE('',#3481,#3480);
#3483=DIRECTION('',(1.E0,0.E0,0.E0));
#3484=VECTOR('',#3483,1.14E0);
#3485=CARTESIAN_POINT('',(-5.7E-1,3.2E0,-1.055E1));
#3486=LINE('',#3485,#3484);
#3487=DIRECTION('',(1.E0,0.E0,0.E0));
#3488=VECTOR('',#3487,1.14E0);
#3489=CARTESIAN_POINT('',(-5.7E-1,-2.8E0,-1.055E1));
#3490=LINE('',#3489,#3488);
#3491=DIRECTION('',(1.E0,0.E0,0.E0));
#3492=VECTOR('',#3491,1.14E0);
#3493=CARTESIAN_POINT('',(-5.7E-1,-2.663970234266E0,-1.055E1));
#3494=LINE('',#3493,#3492);
#3495=DIRECTION('',(1.E0,0.E0,0.E0));
#3496=VECTOR('',#3495,1.14E0);
#3497=CARTESIAN_POINT('',(-5.7E-1,-2.3E0,-9.55E0));
#3498=LINE('',#3497,#3496);
#3499=DIRECTION('',(0.E0,0.E0,-1.E0));
#3500=VECTOR('',#3499,1.5E-1);
#3501=CARTESIAN_POINT('',(1.E0,3.E-1,-6.55E0));
#3502=LINE('',#3501,#3500);
#3503=DIRECTION('',(0.E0,-1.E0,0.E0));
#3504=VECTOR('',#3503,4.5E0);
#3505=CARTESIAN_POINT('',(1.E0,4.8E0,-6.55E0));
#3506=LINE('',#3505,#3504);
#3507=DIRECTION('',(0.E0,0.E0,-1.E0));
#3508=VECTOR('',#3507,1.5E-1);
#3509=CARTESIAN_POINT('',(1.E0,-3.E-1,-6.55E0));
#3510=LINE('',#3509,#3508);
#3511=DIRECTION('',(0.E0,-1.E0,0.E0));
#3512=VECTOR('',#3511,4.5E0);
#3513=CARTESIAN_POINT('',(1.E0,-3.E-1,-6.55E0));
#3514=LINE('',#3513,#3512);
#3515=DIRECTION('',(0.E0,0.E0,1.E0));
#3516=VECTOR('',#3515,1.5E-1);
#3517=CARTESIAN_POINT('',(3.2E0,3.E-1,-6.7E0));
#3518=LINE('',#3517,#3516);
#3519=DIRECTION('',(0.E0,0.E0,1.E0));
#3520=VECTOR('',#3519,1.5E-1);
#3521=CARTESIAN_POINT('',(3.2E0,-3.E-1,-6.7E0));
#3522=LINE('',#3521,#3520);
#3523=DIRECTION('',(0.E0,1.E0,0.E0));
#3524=VECTOR('',#3523,5.E-1);
#3525=CARTESIAN_POINT('',(3.63E0,-2.8E0,-6.55E0));
#3526=LINE('',#3525,#3524);
#3527=DIRECTION('',(1.E0,0.E0,0.E0));
#3528=VECTOR('',#3527,1.14E0);
#3529=CARTESIAN_POINT('',(3.63E0,-2.3E0,-6.55E0));
#3530=LINE('',#3529,#3528);
#3531=DIRECTION('',(0.E0,1.E0,0.E0));
#3532=VECTOR('',#3531,5.E-1);
#3533=CARTESIAN_POINT('',(4.77E0,-2.8E0,-6.55E0));
#3534=LINE('',#3533,#3532);
#3535=DIRECTION('',(1.E0,0.E0,0.E0));
#3536=VECTOR('',#3535,1.14E0);
#3537=CARTESIAN_POINT('',(3.63E0,-2.8E0,-6.55E0));
#3538=LINE('',#3537,#3536);
#3539=DIRECTION('',(0.E0,1.E0,0.E0));
#3540=VECTOR('',#3539,5.E-1);
#3541=CARTESIAN_POINT('',(3.63E0,2.7E0,-6.55E0));
#3542=LINE('',#3541,#3540);
#3543=DIRECTION('',(1.E0,0.E0,0.E0));
#3544=VECTOR('',#3543,1.14E0);
#3545=CARTESIAN_POINT('',(3.63E0,3.2E0,-6.55E0));
#3546=LINE('',#3545,#3544);
#3547=DIRECTION('',(0.E0,1.E0,0.E0));
#3548=VECTOR('',#3547,5.E-1);
#3549=CARTESIAN_POINT('',(4.77E0,2.7E0,-6.55E0));
#3550=LINE('',#3549,#3548);
#3551=DIRECTION('',(1.E0,0.E0,0.E0));
#3552=VECTOR('',#3551,1.14E0);
#3553=CARTESIAN_POINT('',(3.63E0,2.7E0,-6.55E0));
#3554=LINE('',#3553,#3552);
#3555=DIRECTION('',(1.E0,0.E0,0.E0));
#3556=VECTOR('',#3555,2.E0);
#3557=CARTESIAN_POINT('',(3.2E0,3.E-1,-6.55E0));
#3558=LINE('',#3557,#3556);
#3559=DIRECTION('',(0.E0,-1.E0,0.E0));
#3560=VECTOR('',#3559,4.5E0);
#3561=CARTESIAN_POINT('',(3.2E0,4.8E0,-6.55E0));
#3562=LINE('',#3561,#3560);
#3563=DIRECTION('',(1.E0,0.E0,0.E0));
#3564=VECTOR('',#3563,2.E0);
#3565=CARTESIAN_POINT('',(3.2E0,-3.E-1,-6.55E0));
#3566=LINE('',#3565,#3564);
#3567=DIRECTION('',(0.E0,-1.E0,0.E0));
#3568=VECTOR('',#3567,4.5E0);
#3569=CARTESIAN_POINT('',(3.2E0,-3.E-1,-6.55E0));
#3570=LINE('',#3569,#3568);
#3571=DIRECTION('',(0.E0,0.E0,1.E0));
#3572=VECTOR('',#3571,5.5E0);
#3573=CARTESIAN_POINT('',(3.63E0,-1.33E0,-3.35E0));
#3574=LINE('',#3573,#3572);
#3575=DIRECTION('',(0.E0,-1.E0,0.E0));
#3576=VECTOR('',#3575,1.14E0);
#3577=CARTESIAN_POINT('',(3.63E0,-1.33E0,2.15E0));
#3578=LINE('',#3577,#3576);
#3579=DIRECTION('',(0.E0,0.E0,-1.E0));
#3580=VECTOR('',#3579,5.5E0);
#3581=CARTESIAN_POINT('',(3.63E0,-2.47E0,2.15E0));
#3582=LINE('',#3581,#3580);
#3583=DIRECTION('',(0.E0,0.E0,1.E0));
#3584=VECTOR('',#3583,5.5E0);
#3585=CARTESIAN_POINT('',(3.63E0,2.87E0,-3.35E0));
#3586=LINE('',#3585,#3584);
#3587=DIRECTION('',(0.E0,-1.E0,0.E0));
#3588=VECTOR('',#3587,1.14E0);
#3589=CARTESIAN_POINT('',(3.63E0,2.87E0,2.15E0));
#3590=LINE('',#3589,#3588);
#3591=DIRECTION('',(0.E0,0.E0,-1.E0));
#3592=VECTOR('',#3591,5.5E0);
#3593=CARTESIAN_POINT('',(3.63E0,1.73E0,2.15E0));
#3594=LINE('',#3593,#3592);
#3595=DIRECTION('',(0.E0,0.E0,-1.E0));
#3596=VECTOR('',#3595,3.E0);
#3597=CARTESIAN_POINT('',(3.63E0,2.7E0,-6.55E0));
#3598=LINE('',#3597,#3596);
#3599=DIRECTION('',(0.E0,3.420201433257E-1,-9.396926207859E-1));
#3600=VECTOR('',#3599,1.064177772476E0);
#3601=CARTESIAN_POINT('',(3.63E0,2.7E0,-9.55E0));
#3602=LINE('',#3601,#3600);
#3603=DIRECTION('',(0.E0,1.E0,0.E0));
#3604=VECTOR('',#3603,1.360297657338E-1);
#3605=CARTESIAN_POINT('',(3.63E0,3.063970234266E0,-1.055E1));
#3606=LINE('',#3605,#3604);
#3607=DIRECTION('',(0.E0,0.E0,1.E0));
#3608=VECTOR('',#3607,4.E0);
#3609=CARTESIAN_POINT('',(3.63E0,3.2E0,-1.055E1));
#3610=LINE('',#3609,#3608);
#3611=DIRECTION('',(0.E0,0.E0,-1.E0));
#3612=VECTOR('',#3611,4.E0);
#3613=CARTESIAN_POINT('',(3.63E0,-2.8E0,-6.55E0));
#3614=LINE('',#3613,#3612);
#3615=DIRECTION('',(0.E0,1.E0,0.E0));
#3616=VECTOR('',#3615,1.360297657338E-1);
#3617=CARTESIAN_POINT('',(3.63E0,-2.8E0,-1.055E1));
#3618=LINE('',#3617,#3616);
#3619=DIRECTION('',(0.E0,3.420201433257E-1,9.396926207859E-1));
#3620=VECTOR('',#3619,1.064177772476E0);
#3621=CARTESIAN_POINT('',(3.63E0,-2.663970234266E0,-1.055E1));
#3622=LINE('',#3621,#3620);
#3623=DIRECTION('',(0.E0,0.E0,1.E0));
#3624=VECTOR('',#3623,3.E0);
#3625=CARTESIAN_POINT('',(3.63E0,-2.3E0,-9.55E0));
#3626=LINE('',#3625,#3624);
#3627=DIRECTION('',(0.E0,0.E0,-1.E0));
#3628=VECTOR('',#3627,5.5E0);
#3629=CARTESIAN_POINT('',(4.77E0,-2.47E0,2.15E0));
#3630=LINE('',#3629,#3628);
#3631=DIRECTION('',(0.E0,-1.E0,0.E0));
#3632=VECTOR('',#3631,1.14E0);
#3633=CARTESIAN_POINT('',(4.77E0,-1.33E0,2.15E0));
#3634=LINE('',#3633,#3632);
#3635=DIRECTION('',(0.E0,0.E0,1.E0));
#3636=VECTOR('',#3635,5.5E0);
#3637=CARTESIAN_POINT('',(4.77E0,-1.33E0,-3.35E0));
#3638=LINE('',#3637,#3636);
#3639=DIRECTION('',(0.E0,0.E0,-1.E0));
#3640=VECTOR('',#3639,5.5E0);
#3641=CARTESIAN_POINT('',(4.77E0,1.73E0,2.15E0));
#3642=LINE('',#3641,#3640);
#3643=DIRECTION('',(0.E0,-1.E0,0.E0));
#3644=VECTOR('',#3643,1.14E0);
#3645=CARTESIAN_POINT('',(4.77E0,2.87E0,2.15E0));
#3646=LINE('',#3645,#3644);
#3647=DIRECTION('',(0.E0,0.E0,1.E0));
#3648=VECTOR('',#3647,5.5E0);
#3649=CARTESIAN_POINT('',(4.77E0,2.87E0,-3.35E0));
#3650=LINE('',#3649,#3648);
#3651=DIRECTION('',(0.E0,0.E0,-1.E0));
#3652=VECTOR('',#3651,3.E0);
#3653=CARTESIAN_POINT('',(4.77E0,2.7E0,-6.55E0));
#3654=LINE('',#3653,#3652);
#3655=DIRECTION('',(0.E0,0.E0,1.E0));
#3656=VECTOR('',#3655,4.E0);
#3657=CARTESIAN_POINT('',(4.77E0,3.2E0,-1.055E1));
#3658=LINE('',#3657,#3656);
#3659=DIRECTION('',(0.E0,1.E0,0.E0));
#3660=VECTOR('',#3659,1.360297657338E-1);
#3661=CARTESIAN_POINT('',(4.77E0,3.063970234266E0,-1.055E1));
#3662=LINE('',#3661,#3660);
#3663=DIRECTION('',(0.E0,3.420201433257E-1,-9.396926207859E-1));
#3664=VECTOR('',#3663,1.064177772476E0);
#3665=CARTESIAN_POINT('',(4.77E0,2.7E0,-9.55E0));
#3666=LINE('',#3665,#3664);
#3667=DIRECTION('',(0.E0,0.E0,-1.E0));
#3668=VECTOR('',#3667,4.E0);
#3669=CARTESIAN_POINT('',(4.77E0,-2.8E0,-6.55E0));
#3670=LINE('',#3669,#3668);
#3671=DIRECTION('',(0.E0,0.E0,1.E0));
#3672=VECTOR('',#3671,3.E0);
#3673=CARTESIAN_POINT('',(4.77E0,-2.3E0,-9.55E0));
#3674=LINE('',#3673,#3672);
#3675=DIRECTION('',(0.E0,3.420201433257E-1,9.396926207859E-1));
#3676=VECTOR('',#3675,1.064177772476E0);
#3677=CARTESIAN_POINT('',(4.77E0,-2.663970234266E0,-1.055E1));
#3678=LINE('',#3677,#3676);
#3679=DIRECTION('',(0.E0,1.E0,0.E0));
#3680=VECTOR('',#3679,1.360297657338E-1);
#3681=CARTESIAN_POINT('',(4.77E0,-2.8E0,-1.055E1));
#3682=LINE('',#3681,#3680);
#3683=DIRECTION('',(1.E0,0.E0,0.E0));
#3684=VECTOR('',#3683,1.14E0);
#3685=CARTESIAN_POINT('',(3.63E0,-2.47E0,2.15E0));
#3686=LINE('',#3685,#3684);
#3687=DIRECTION('',(1.E0,0.E0,0.E0));
#3688=VECTOR('',#3687,1.14E0);
#3689=CARTESIAN_POINT('',(3.63E0,-1.33E0,2.15E0));
#3690=LINE('',#3689,#3688);
#3691=DIRECTION('',(1.E0,0.E0,0.E0));
#3692=VECTOR('',#3691,1.14E0);
#3693=CARTESIAN_POINT('',(3.63E0,1.73E0,2.15E0));
#3694=LINE('',#3693,#3692);
#3695=DIRECTION('',(1.E0,0.E0,0.E0));
#3696=VECTOR('',#3695,1.14E0);
#3697=CARTESIAN_POINT('',(3.63E0,2.87E0,2.15E0));
#3698=LINE('',#3697,#3696);
#3699=DIRECTION('',(1.E0,0.E0,0.E0));
#3700=VECTOR('',#3699,1.14E0);
#3701=CARTESIAN_POINT('',(3.63E0,2.7E0,-9.55E0));
#3702=LINE('',#3701,#3700);
#3703=DIRECTION('',(1.E0,0.E0,0.E0));
#3704=VECTOR('',#3703,1.14E0);
#3705=CARTESIAN_POINT('',(3.63E0,3.063970234266E0,-1.055E1));
#3706=LINE('',#3705,#3704);
#3707=DIRECTION('',(1.E0,0.E0,0.E0));
#3708=VECTOR('',#3707,1.14E0);
#3709=CARTESIAN_POINT('',(3.63E0,3.2E0,-1.055E1));
#3710=LINE('',#3709,#3708);
#3711=DIRECTION('',(1.E0,0.E0,0.E0));
#3712=VECTOR('',#3711,1.14E0);
#3713=CARTESIAN_POINT('',(3.63E0,-2.8E0,-1.055E1));
#3714=LINE('',#3713,#3712);
#3715=DIRECTION('',(1.E0,0.E0,0.E0));
#3716=VECTOR('',#3715,1.14E0);
#3717=CARTESIAN_POINT('',(3.63E0,-2.663970234266E0,-1.055E1));
#3718=LINE('',#3717,#3716);
#3719=DIRECTION('',(1.E0,0.E0,0.E0));
#3720=VECTOR('',#3719,1.14E0);
#3721=CARTESIAN_POINT('',(3.63E0,-2.3E0,-9.55E0));
#3722=LINE('',#3721,#3720);
#3723=DIRECTION('',(0.E0,0.E0,-1.E0));
#3724=VECTOR('',#3723,1.5E-1);
#3725=CARTESIAN_POINT('',(5.2E0,3.E-1,-6.55E0));
#3726=LINE('',#3725,#3724);
#3727=DIRECTION('',(0.E0,-1.E0,0.E0));
#3728=VECTOR('',#3727,4.5E0);
#3729=CARTESIAN_POINT('',(5.2E0,4.8E0,-6.55E0));
#3730=LINE('',#3729,#3728);
#3731=DIRECTION('',(0.E0,0.E0,-1.E0));
#3732=VECTOR('',#3731,1.5E-1);
#3733=CARTESIAN_POINT('',(5.2E0,-3.E-1,-6.55E0));
#3734=LINE('',#3733,#3732);
#3735=DIRECTION('',(0.E0,-1.E0,0.E0));
#3736=VECTOR('',#3735,4.5E0);
#3737=CARTESIAN_POINT('',(5.2E0,-3.E-1,-6.55E0));
#3738=LINE('',#3737,#3736);
#3739=DIRECTION('',(1.E0,0.E0,0.E0));
#3740=VECTOR('',#3739,1.14E0);
#3741=CARTESIAN_POINT('',(7.83E0,-2.47E0,2.15E0));
#3742=LINE('',#3741,#3740);
#3743=DIRECTION('',(1.E0,0.E0,0.E0));
#3744=VECTOR('',#3743,1.14E0);
#3745=CARTESIAN_POINT('',(7.83E0,-1.33E0,2.15E0));
#3746=LINE('',#3745,#3744);
#3747=DIRECTION('',(-5.847497075982E-1,-5.847497075982E-1,5.622593342290E-1));
#3748=VECTOR('',#3747,4.446346815083E0);
#3749=CARTESIAN_POINT('',(-1.02E1,-3.9E0,4.55E0));
#3750=LINE('',#3749,#3748);
#3751=DIRECTION('',(1.E0,0.E0,0.E0));
#3752=VECTOR('',#3751,2.04E1);
#3753=CARTESIAN_POINT('',(-1.02E1,-3.9E0,4.55E0));
#3754=LINE('',#3753,#3752);
#3755=DIRECTION('',(0.E0,0.E0,-1.E0));
#3756=VECTOR('',#3755,6.9E0);
#3757=CARTESIAN_POINT('',(1.8E0,3.E-1,3.55E0));
#3758=LINE('',#3757,#3756);
#3759=DIRECTION('',(0.E0,0.E0,-1.E0));
#3760=VECTOR('',#3759,6.9E0);
#3761=CARTESIAN_POINT('',(-1.8E0,3.E-1,3.55E0));
#3762=LINE('',#3761,#3760);
#3763=DIRECTION('',(0.E0,0.E0,-1.E0));
#3764=VECTOR('',#3763,6.9E0);
#3765=CARTESIAN_POINT('',(-1.8E0,3.9E0,3.55E0));
#3766=LINE('',#3765,#3764);
#3767=DIRECTION('',(0.E0,0.E0,-1.E0));
#3768=VECTOR('',#3767,1.62E0);
#3769=CARTESIAN_POINT('',(-1.28E1,4.2E0,7.05E0));
#3770=LINE('',#3769,#3768);
#3771=DIRECTION('',(0.E0,-7.208330649019E-1,-6.931087162518E-1));
#3772=VECTOR('',#3771,2.358382381129E0);
#3773=CARTESIAN_POINT('',(-4.5E0,6.5E0,7.05E0));
#3774=LINE('',#3773,#3772);
#3775=DIRECTION('',(0.E0,-1.E0,0.E0));
#3776=VECTOR('',#3775,1.E0);
#3777=CARTESIAN_POINT('',(-4.5E0,7.5E0,7.05E0));
#3778=LINE('',#3777,#3776);
#3779=DIRECTION('',(0.E0,0.E0,1.E0));
#3780=VECTOR('',#3779,4.3E0);
#3781=CARTESIAN_POINT('',(-4.5E0,7.5E0,2.75E0));
#3782=LINE('',#3781,#3780);
#3783=DIRECTION('',(0.E0,1.E0,0.E0));
#3784=VECTOR('',#3783,1.3E0);
#3785=CARTESIAN_POINT('',(-4.5E0,6.2E0,2.75E0));
#3786=LINE('',#3785,#3784);
#3787=DIRECTION('',(1.E0,0.E0,0.E0));
#3788=VECTOR('',#3787,1.1E1);
#3789=CARTESIAN_POINT('',(-5.5E0,4.8E0,2.75E0));
#3790=LINE('',#3789,#3788);
#3791=DIRECTION('',(-1.E0,0.E0,0.E0));
#3792=VECTOR('',#3791,1.E0);
#3793=CARTESIAN_POINT('',(5.5E0,7.5E0,2.75E0));
#3794=LINE('',#3793,#3792);
#3795=DIRECTION('',(0.E0,0.E0,-1.E0));
#3796=VECTOR('',#3795,3.5E0);
#3797=CARTESIAN_POINT('',(5.5E0,7.5E0,6.25E0));
#3798=LINE('',#3797,#3796);
#3799=DIRECTION('',(0.E0,-1.E0,0.E0));
#3800=VECTOR('',#3799,2.7E0);
#3801=CARTESIAN_POINT('',(5.5E0,7.5E0,2.75E0));
#3802=LINE('',#3801,#3800);
#3803=DIRECTION('',(0.E0,7.208330649019E-1,6.931087162518E-1));
#3804=VECTOR('',#3803,2.358382381129E0);
#3805=CARTESIAN_POINT('',(4.5E0,4.8E0,5.415384615385E0));
#3806=LINE('',#3805,#3804);
#3807=DIRECTION('',(0.E0,-1.E0,0.E0));
#3808=VECTOR('',#3807,1.3E0);
#3809=CARTESIAN_POINT('',(4.5E0,7.5E0,2.75E0));
#3810=LINE('',#3809,#3808);
#3811=DIRECTION('',(0.E0,0.E0,-1.E0));
#3812=VECTOR('',#3811,4.3E0);
#3813=CARTESIAN_POINT('',(4.5E0,7.5E0,7.05E0));
#3814=LINE('',#3813,#3812);
#3815=DIRECTION('',(0.E0,1.E0,0.E0));
#3816=VECTOR('',#3815,1.E0);
#3817=CARTESIAN_POINT('',(4.5E0,6.5E0,7.05E0));
#3818=LINE('',#3817,#3816);
#3819=DIRECTION('',(0.E0,-6.427876096865E-1,7.660444431190E-1));
#3820=VECTOR('',#3819,7.386346947476E-1);
#3821=CARTESIAN_POINT('',(4.5E0,5.274785229868E0,3.984172996594E0));
#3822=LINE('',#3821,#3820);
#3823=DIRECTION('',(0.E0,-6.427876096865E-1,7.660444431190E-1));
#3824=VECTOR('',#3823,7.386346947476E-1);
#3825=CARTESIAN_POINT('',(-4.5E0,5.274785229868E0,3.984172996594E0));
#3826=LINE('',#3825,#3824);
#3827=DIRECTION('',(1.E0,0.E0,0.E0));
#3828=VECTOR('',#3827,9.E0);
#3829=CARTESIAN_POINT('',(-4.5E0,5.274785229868E0,3.984172996594E0));
#3830=LINE('',#3829,#3828);
#3831=DIRECTION('',(0.E0,-8.660254037844E-1,5.E-1));
#3832=VECTOR('',#3831,1.068345993187E0);
#3833=CARTESIAN_POINT('',(4.5E0,6.2E0,3.45E0));
#3834=LINE('',#3833,#3832);
#3835=DIRECTION('',(0.E0,-8.660254037844E-1,5.E-1));
#3836=VECTOR('',#3835,1.068345993187E0);
#3837=CARTESIAN_POINT('',(-4.5E0,6.2E0,3.45E0));
#3838=LINE('',#3837,#3836);
#3839=DIRECTION('',(1.E0,0.E0,0.E0));
#3840=VECTOR('',#3839,9.E0);
#3841=CARTESIAN_POINT('',(-4.5E0,6.2E0,3.45E0));
#3842=LINE('',#3841,#3840);
#3843=DIRECTION('',(0.E0,0.E0,1.E0));
#3844=VECTOR('',#3843,7.E-1);
#3845=CARTESIAN_POINT('',(4.5E0,6.2E0,2.75E0));
#3846=LINE('',#3845,#3844);
#3847=DIRECTION('',(0.E0,0.E0,1.E0));
#3848=VECTOR('',#3847,7.E-1);
#3849=CARTESIAN_POINT('',(-4.5E0,6.2E0,2.75E0));
#3850=LINE('',#3849,#3848);
#3851=DIRECTION('',(1.E0,0.E0,0.E0));
#3852=VECTOR('',#3851,9.E0);
#3853=CARTESIAN_POINT('',(-4.5E0,6.2E0,2.75E0));
#3854=LINE('',#3853,#3852);
#3855=DIRECTION('',(0.E0,1.E0,0.E0));
#3856=VECTOR('',#3855,2.7E0);
#3857=CARTESIAN_POINT('',(-5.5E0,4.8E0,2.75E0));
#3858=LINE('',#3857,#3856);
#3859=DIRECTION('',(0.E0,0.E0,1.E0));
#3860=VECTOR('',#3859,3.5E0);
#3861=CARTESIAN_POINT('',(-5.5E0,7.5E0,2.75E0));
#3862=LINE('',#3861,#3860);
#3863=CARTESIAN_POINT('',(-1.02E1,-3.9E0,4.55E0));
#3864=CARTESIAN_POINT('',(1.02E1,-3.9E0,4.55E0));
#3865=VERTEX_POINT('',#3863);
#3866=VERTEX_POINT('',#3864);
#3867=CARTESIAN_POINT('',(1.02E1,3.9E0,4.55E0));
#3868=CARTESIAN_POINT('',(-1.02E1,3.9E0,4.55E0));
#3869=VERTEX_POINT('',#3867);
#3870=VERTEX_POINT('',#3868);
#3871=CARTESIAN_POINT('',(-1.28E1,-6.5E0,7.05E0));
#3872=VERTEX_POINT('',#3871);
#3873=CARTESIAN_POINT('',(1.28E1,-6.5E0,7.05E0));
#3874=VERTEX_POINT('',#3873);
#3875=CARTESIAN_POINT('',(-4.5E0,7.5E0,7.05E0));
#3876=CARTESIAN_POINT('',(-4.5E0,6.5E0,7.05E0));
#3877=VERTEX_POINT('',#3875);
#3878=VERTEX_POINT('',#3876);
#3879=CARTESIAN_POINT('',(-4.5E0,7.5E0,2.75E0));
#3880=VERTEX_POINT('',#3879);
#3881=CARTESIAN_POINT('',(-4.5E0,4.8E0,5.415384615385E0));
#3882=VERTEX_POINT('',#3881);
#3883=CARTESIAN_POINT('',(-4.5E0,6.2E0,2.75E0));
#3884=VERTEX_POINT('',#3883);
#3885=CARTESIAN_POINT('',(-5.5E0,7.5E0,2.75E0));
#3886=VERTEX_POINT('',#3885);
#3887=CARTESIAN_POINT('',(-5.5E0,4.8E0,2.75E0));
#3888=VERTEX_POINT('',#3887);
#3889=CARTESIAN_POINT('',(-5.5E0,7.5E0,6.25E0));
#3890=VERTEX_POINT('',#3889);
#3891=CARTESIAN_POINT('',(4.5E0,6.5E0,7.05E0));
#3892=CARTESIAN_POINT('',(4.5E0,7.5E0,7.05E0));
#3893=VERTEX_POINT('',#3891);
#3894=VERTEX_POINT('',#3892);
#3895=CARTESIAN_POINT('',(4.5E0,7.5E0,2.75E0));
#3896=VERTEX_POINT('',#3895);
#3897=CARTESIAN_POINT('',(5.5E0,7.5E0,2.75E0));
#3898=VERTEX_POINT('',#3897);
#3899=CARTESIAN_POINT('',(4.5E0,4.8E0,5.415384615385E0));
#3900=VERTEX_POINT('',#3899);
#3901=CARTESIAN_POINT('',(5.5E0,7.5E0,6.25E0));
#3902=VERTEX_POINT('',#3901);
#3903=CARTESIAN_POINT('',(5.5E0,4.8E0,2.75E0));
#3904=VERTEX_POINT('',#3903);
#3905=CARTESIAN_POINT('',(4.5E0,6.2E0,2.75E0));
#3906=VERTEX_POINT('',#3905);
#3907=CARTESIAN_POINT('',(-1.02E1,5.E-1,4.55E0));
#3908=CARTESIAN_POINT('',(-1.28E1,5.E-1,7.05E0));
#3909=VERTEX_POINT('',#3907);
#3910=VERTEX_POINT('',#3908);
#3911=CARTESIAN_POINT('',(1.02E1,5.E-1,4.55E0));
#3912=CARTESIAN_POINT('',(1.28E1,5.E-1,7.05E0));
#3913=VERTEX_POINT('',#3911);
#3914=VERTEX_POINT('',#3912);
#3915=CARTESIAN_POINT('',(6.6E0,3.9E0,-3.35E0));
#3916=CARTESIAN_POINT('',(6.6E0,1.1E0,-3.35E0));
#3917=VERTEX_POINT('',#3915);
#3918=VERTEX_POINT('',#3916);
#3919=CARTESIAN_POINT('',(7.4E0,3.E-1,-3.35E0));
#3920=CARTESIAN_POINT('',(9.4E0,3.E-1,-3.35E0));
#3921=VERTEX_POINT('',#3919);
#3922=VERTEX_POINT('',#3920);
#3923=CARTESIAN_POINT('',(1.02E1,1.1E0,-3.35E0));
#3924=CARTESIAN_POINT('',(1.02E1,3.9E0,-3.35E0));
#3925=VERTEX_POINT('',#3923);
#3926=VERTEX_POINT('',#3924);
#3927=CARTESIAN_POINT('',(6.6E0,-3.E-1,-3.35E0));
#3928=CARTESIAN_POINT('',(6.6E0,-3.9E0,-3.35E0));
#3929=VERTEX_POINT('',#3927);
#3930=VERTEX_POINT('',#3928);
#3931=CARTESIAN_POINT('',(1.02E1,-3.9E0,-3.35E0));
#3932=VERTEX_POINT('',#3931);
#3933=CARTESIAN_POINT('',(1.02E1,-3.E-1,-3.35E0));
#3934=VERTEX_POINT('',#3933);
#3935=CARTESIAN_POINT('',(6.6E0,3.9E0,3.55E0));
#3936=CARTESIAN_POINT('',(6.6E0,1.1E0,3.55E0));
#3937=VERTEX_POINT('',#3935);
#3938=VERTEX_POINT('',#3936);
#3939=CARTESIAN_POINT('',(9.4E0,3.E-1,3.55E0));
#3940=CARTESIAN_POINT('',(7.4E0,3.E-1,3.55E0));
#3941=VERTEX_POINT('',#3939);
#3942=VERTEX_POINT('',#3940);
#3943=CARTESIAN_POINT('',(6.6E0,-3.E-1,3.55E0));
#3944=CARTESIAN_POINT('',(6.6E0,-3.9E0,3.55E0));
#3945=VERTEX_POINT('',#3943);
#3946=VERTEX_POINT('',#3944);
#3947=CARTESIAN_POINT('',(1.02E1,-3.E-1,3.55E0));
#3948=VERTEX_POINT('',#3947);
#3949=CARTESIAN_POINT('',(1.02E1,1.1E0,3.55E0));
#3950=VERTEX_POINT('',#3949);
#3951=CARTESIAN_POINT('',(-6.6E0,-3.E-1,-3.35E0));
#3952=CARTESIAN_POINT('',(-1.02E1,-3.E-1,-3.35E0));
#3953=VERTEX_POINT('',#3951);
#3954=VERTEX_POINT('',#3952);
#3955=CARTESIAN_POINT('',(-1.02E1,-3.9E0,-3.35E0));
#3956=VERTEX_POINT('',#3955);
#3957=CARTESIAN_POINT('',(-6.6E0,-3.9E0,-3.35E0));
#3958=VERTEX_POINT('',#3957);
#3959=CARTESIAN_POINT('',(-9.4E0,3.E-1,-3.35E0));
#3960=CARTESIAN_POINT('',(-7.4E0,3.E-1,-3.35E0));
#3961=VERTEX_POINT('',#3959);
#3962=VERTEX_POINT('',#3960);
#3963=CARTESIAN_POINT('',(-6.6E0,1.1E0,-3.35E0));
#3964=CARTESIAN_POINT('',(-6.6E0,3.9E0,-3.35E0));
#3965=VERTEX_POINT('',#3963);
#3966=VERTEX_POINT('',#3964);
#3967=CARTESIAN_POINT('',(-1.02E1,3.9E0,-3.35E0));
#3968=VERTEX_POINT('',#3967);
#3969=CARTESIAN_POINT('',(-1.02E1,1.1E0,-3.35E0));
#3970=VERTEX_POINT('',#3969);
#3971=CARTESIAN_POINT('',(-6.6E0,-3.E-1,3.55E0));
#3972=CARTESIAN_POINT('',(-6.6E0,-3.9E0,3.55E0));
#3973=VERTEX_POINT('',#3971);
#3974=VERTEX_POINT('',#3972);
#3975=CARTESIAN_POINT('',(-6.6E0,1.1E0,3.55E0));
#3976=CARTESIAN_POINT('',(-6.6E0,3.9E0,3.55E0));
#3977=VERTEX_POINT('',#3975);
#3978=VERTEX_POINT('',#3976);
#3979=CARTESIAN_POINT('',(-1.02E1,1.1E0,3.55E0));
#3980=CARTESIAN_POINT('',(-1.02E1,-3.E-1,3.55E0));
#3981=VERTEX_POINT('',#3979);
#3982=VERTEX_POINT('',#3980);
#3983=CARTESIAN_POINT('',(-6.E0,-3.9E0,-3.35E0));
#3984=CARTESIAN_POINT('',(-2.4E0,-3.9E0,-3.35E0));
#3985=VERTEX_POINT('',#3983);
#3986=VERTEX_POINT('',#3984);
#3987=CARTESIAN_POINT('',(-2.4E0,-3.E-1,-3.35E0));
#3988=VERTEX_POINT('',#3987);
#3989=CARTESIAN_POINT('',(-6.E0,-3.E-1,-3.35E0));
#3990=VERTEX_POINT('',#3989);
#3991=CARTESIAN_POINT('',(-5.2E0,3.E-1,-3.35E0));
#3992=CARTESIAN_POINT('',(-3.2E0,3.E-1,-3.35E0));
#3993=VERTEX_POINT('',#3991);
#3994=VERTEX_POINT('',#3992);
#3995=CARTESIAN_POINT('',(-2.4E0,1.1E0,-3.35E0));
#3996=VERTEX_POINT('',#3995);
#3997=CARTESIAN_POINT('',(-2.4E0,3.9E0,-3.35E0));
#3998=VERTEX_POINT('',#3997);
#3999=CARTESIAN_POINT('',(-6.E0,3.9E0,-3.35E0));
#4000=VERTEX_POINT('',#3999);
#4001=CARTESIAN_POINT('',(-6.E0,1.1E0,-3.35E0));
#4002=VERTEX_POINT('',#4001);
#4003=CARTESIAN_POINT('',(-2.4E0,-3.9E0,3.55E0));
#4004=CARTESIAN_POINT('',(-2.4E0,-3.E-1,3.55E0));
#4005=VERTEX_POINT('',#4003);
#4006=VERTEX_POINT('',#4004);
#4007=CARTESIAN_POINT('',(-6.E0,-3.E-1,3.55E0));
#4008=VERTEX_POINT('',#4007);
#4009=CARTESIAN_POINT('',(-6.E0,-3.9E0,3.55E0));
#4010=VERTEX_POINT('',#4009);
#4011=CARTESIAN_POINT('',(-5.2E0,3.E-1,3.55E0));
#4012=CARTESIAN_POINT('',(-3.2E0,3.E-1,3.55E0));
#4013=VERTEX_POINT('',#4011);
#4014=VERTEX_POINT('',#4012);
#4015=CARTESIAN_POINT('',(-2.4E0,1.1E0,3.55E0));
#4016=VERTEX_POINT('',#4015);
#4017=CARTESIAN_POINT('',(-2.4E0,3.9E0,3.55E0));
#4018=VERTEX_POINT('',#4017);
#4019=CARTESIAN_POINT('',(-6.E0,3.9E0,3.55E0));
#4020=CARTESIAN_POINT('',(-6.E0,1.1E0,3.55E0));
#4021=VERTEX_POINT('',#4019);
#4022=VERTEX_POINT('',#4020);
#4023=CARTESIAN_POINT('',(6.E0,3.9E0,-3.35E0));
#4024=CARTESIAN_POINT('',(2.4E0,3.9E0,-3.35E0));
#4025=VERTEX_POINT('',#4023);
#4026=VERTEX_POINT('',#4024);
#4027=CARTESIAN_POINT('',(2.4E0,3.E-1,-3.35E0));
#4028=VERTEX_POINT('',#4027);
#4029=CARTESIAN_POINT('',(6.E0,3.E-1,-3.35E0));
#4030=VERTEX_POINT('',#4029);
#4031=CARTESIAN_POINT('',(3.2E0,-3.9E0,-3.35E0));
#4032=CARTESIAN_POINT('',(5.2E0,-3.9E0,-3.35E0));
#4033=VERTEX_POINT('',#4031);
#4034=VERTEX_POINT('',#4032);
#4035=CARTESIAN_POINT('',(6.E0,-3.1E0,-3.35E0));
#4036=VERTEX_POINT('',#4035);
#4037=CARTESIAN_POINT('',(6.E0,-3.E-1,-3.35E0));
#4038=VERTEX_POINT('',#4037);
#4039=CARTESIAN_POINT('',(2.4E0,-3.E-1,-3.35E0));
#4040=VERTEX_POINT('',#4039);
#4041=CARTESIAN_POINT('',(2.4E0,-3.1E0,-3.35E0));
#4042=VERTEX_POINT('',#4041);
#4043=CARTESIAN_POINT('',(1.8E0,3.9E0,-3.35E0));
#4044=CARTESIAN_POINT('',(-1.8E0,3.9E0,-3.35E0));
#4045=VERTEX_POINT('',#4043);
#4046=VERTEX_POINT('',#4044);
#4047=CARTESIAN_POINT('',(-1.8E0,3.E-1,-3.35E0));
#4048=VERTEX_POINT('',#4047);
#4049=CARTESIAN_POINT('',(1.8E0,3.E-1,-3.35E0));
#4050=VERTEX_POINT('',#4049);
#4051=CARTESIAN_POINT('',(1.8E0,-3.E-1,-3.35E0));
#4052=CARTESIAN_POINT('',(-1.8E0,-3.E-1,-3.35E0));
#4053=VERTEX_POINT('',#4051);
#4054=VERTEX_POINT('',#4052);
#4055=CARTESIAN_POINT('',(-1.8E0,-3.1E0,-3.35E0));
#4056=VERTEX_POINT('',#4055);
#4057=CARTESIAN_POINT('',(-1.E0,-3.9E0,-3.35E0));
#4058=VERTEX_POINT('',#4057);
#4059=CARTESIAN_POINT('',(1.E0,-3.9E0,-3.35E0));
#4060=VERTEX_POINT('',#4059);
#4061=CARTESIAN_POINT('',(1.8E0,-3.1E0,-3.35E0));
#4062=VERTEX_POINT('',#4061);
#4063=CARTESIAN_POINT('',(2.4E0,3.9E0,3.55E0));
#4064=CARTESIAN_POINT('',(2.4E0,3.E-1,3.55E0));
#4065=VERTEX_POINT('',#4063);
#4066=VERTEX_POINT('',#4064);
#4067=CARTESIAN_POINT('',(6.E0,3.E-1,3.55E0));
#4068=VERTEX_POINT('',#4067);
#4069=CARTESIAN_POINT('',(6.E0,3.9E0,3.55E0));
#4070=VERTEX_POINT('',#4069);
#4071=CARTESIAN_POINT('',(5.2E0,-3.9E0,3.55E0));
#4072=CARTESIAN_POINT('',(6.E0,-3.1E0,3.55E0));
#4073=VERTEX_POINT('',#4071);
#4074=VERTEX_POINT('',#4072);
#4075=CARTESIAN_POINT('',(6.E0,-3.E-1,3.55E0));
#4076=VERTEX_POINT('',#4075);
#4077=CARTESIAN_POINT('',(2.4E0,-3.E-1,3.55E0));
#4078=VERTEX_POINT('',#4077);
#4079=CARTESIAN_POINT('',(2.4E0,-3.1E0,3.55E0));
#4080=VERTEX_POINT('',#4079);
#4081=CARTESIAN_POINT('',(3.2E0,-3.9E0,3.55E0));
#4082=VERTEX_POINT('',#4081);
#4083=CARTESIAN_POINT('',(-1.8E0,3.9E0,3.55E0));
#4084=CARTESIAN_POINT('',(-1.8E0,3.E-1,3.55E0));
#4085=VERTEX_POINT('',#4083);
#4086=VERTEX_POINT('',#4084);
#4087=CARTESIAN_POINT('',(1.8E0,3.E-1,3.55E0));
#4088=VERTEX_POINT('',#4087);
#4089=CARTESIAN_POINT('',(1.8E0,3.9E0,3.55E0));
#4090=VERTEX_POINT('',#4089);
#4091=CARTESIAN_POINT('',(1.8E0,-3.E-1,3.55E0));
#4092=CARTESIAN_POINT('',(-1.8E0,-3.E-1,3.55E0));
#4093=VERTEX_POINT('',#4091);
#4094=VERTEX_POINT('',#4092);
#4095=CARTESIAN_POINT('',(-1.8E0,-3.1E0,3.55E0));
#4096=VERTEX_POINT('',#4095);
#4097=CARTESIAN_POINT('',(-1.E0,-3.9E0,3.55E0));
#4098=VERTEX_POINT('',#4097);
#4099=CARTESIAN_POINT('',(1.E0,-3.9E0,3.55E0));
#4100=CARTESIAN_POINT('',(1.8E0,-3.1E0,3.55E0));
#4101=VERTEX_POINT('',#4099);
#4102=VERTEX_POINT('',#4100);
#4103=CARTESIAN_POINT('',(-9.4E0,3.E-1,3.55E0));
#4104=CARTESIAN_POINT('',(-7.4E0,3.E-1,3.55E0));
#4105=VERTEX_POINT('',#4103);
#4106=VERTEX_POINT('',#4104);
#4107=CARTESIAN_POINT('',(-5.5E0,4.8E0,3.032265299996E0));
#4108=VERTEX_POINT('',#4107);
#4109=CARTESIAN_POINT('',(-1.28E1,6.5E0,7.05E0));
#4110=VERTEX_POINT('',#4109);
#4111=CARTESIAN_POINT('',(-4.5E0,6.2E0,3.45E0));
#4112=VERTEX_POINT('',#4111);
#4113=CARTESIAN_POINT('',(5.5E0,4.8E0,3.032265299996E0));
#4114=VERTEX_POINT('',#4113);
#4115=CARTESIAN_POINT('',(4.5E0,6.2E0,3.45E0));
#4116=VERTEX_POINT('',#4115);
#4117=CARTESIAN_POINT('',(1.28E1,6.5E0,7.05E0));
#4118=VERTEX_POINT('',#4117);
#4119=CARTESIAN_POINT('',(1.11E1,-4.8E0,3.032265299996E0));
#4120=CARTESIAN_POINT('',(1.11E1,-4.8E0,-7.05E0));
#4121=VERTEX_POINT('',#4119);
#4122=VERTEX_POINT('',#4120);
#4123=CARTESIAN_POINT('',(-1.11E1,-4.8E0,3.032265299996E0));
#4124=CARTESIAN_POINT('',(-1.11E1,-4.8E0,-7.05E0));
#4125=VERTEX_POINT('',#4123);
#4126=VERTEX_POINT('',#4124);
#4127=CARTESIAN_POINT('',(1.11E1,-3.9E0,-7.05E0));
#4128=VERTEX_POINT('',#4127);
#4129=CARTESIAN_POINT('',(1.11E1,3.9E0,-7.05E0));
#4130=CARTESIAN_POINT('',(1.11E1,4.8E0,-7.05E0));
#4131=VERTEX_POINT('',#4129);
#4132=VERTEX_POINT('',#4130);
#4133=CARTESIAN_POINT('',(-1.11E1,-3.9E0,-7.05E0));
#4134=VERTEX_POINT('',#4133);
#4135=CARTESIAN_POINT('',(-1.11E1,3.9E0,-7.05E0));
#4136=CARTESIAN_POINT('',(-1.11E1,4.8E0,-7.05E0));
#4137=VERTEX_POINT('',#4135);
#4138=VERTEX_POINT('',#4136);
#4139=CARTESIAN_POINT('',(1.11E1,3.9E0,-6.7E0));
#4140=VERTEX_POINT('',#4139);
#4141=CARTESIAN_POINT('',(-1.11E1,3.9E0,-6.7E0));
#4142=VERTEX_POINT('',#4141);
#4143=CARTESIAN_POINT('',(1.11E1,-3.9E0,-6.7E0));
#4144=VERTEX_POINT('',#4143);
#4145=CARTESIAN_POINT('',(-1.11E1,-3.9E0,-6.7E0));
#4146=VERTEX_POINT('',#4145);
#4147=CARTESIAN_POINT('',(-1.11E1,4.8E0,3.032265299996E0));
#4148=VERTEX_POINT('',#4147);
#4149=CARTESIAN_POINT('',(1.11E1,4.8E0,3.032265299996E0));
#4150=VERTEX_POINT('',#4149);
#4151=CARTESIAN_POINT('',(-1.38E1,5.E-1,7.05E0));
#4152=VERTEX_POINT('',#4151);
#4153=CARTESIAN_POINT('',(1.28E1,5.E-1,5.43E0));
#4154=VERTEX_POINT('',#4153);
#4155=CARTESIAN_POINT('',(9.4E0,-4.8E0,-6.55E0));
#4156=CARTESIAN_POINT('',(9.4E0,-4.8E0,-7.05E0));
#4157=VERTEX_POINT('',#4155);
#4158=VERTEX_POINT('',#4156);
#4159=CARTESIAN_POINT('',(7.4E0,-4.8E0,-6.55E0));
#4160=VERTEX_POINT('',#4159);
#4161=CARTESIAN_POINT('',(7.4E0,-4.8E0,-7.05E0));
#4162=VERTEX_POINT('',#4161);
#4163=CARTESIAN_POINT('',(9.4E0,-3.9E0,-7.05E0));
#4164=VERTEX_POINT('',#4163);
#4165=CARTESIAN_POINT('',(9.4E0,4.8E0,-7.05E0));
#4166=CARTESIAN_POINT('',(9.4E0,3.9E0,-7.05E0));
#4167=VERTEX_POINT('',#4165);
#4168=VERTEX_POINT('',#4166);
#4169=CARTESIAN_POINT('',(7.4E0,-3.9E0,-7.05E0));
#4170=VERTEX_POINT('',#4169);
#4171=CARTESIAN_POINT('',(7.4E0,4.8E0,-7.05E0));
#4172=CARTESIAN_POINT('',(7.4E0,3.9E0,-7.05E0));
#4173=VERTEX_POINT('',#4171);
#4174=VERTEX_POINT('',#4172);
#4175=CARTESIAN_POINT('',(9.4E0,4.8E0,-6.55E0));
#4176=VERTEX_POINT('',#4175);
#4177=CARTESIAN_POINT('',(7.4E0,4.8E0,-6.55E0));
#4178=VERTEX_POINT('',#4177);
#4179=CARTESIAN_POINT('',(9.4E0,3.9E0,-6.7E0));
#4180=VERTEX_POINT('',#4179);
#4181=CARTESIAN_POINT('',(7.4E0,3.9E0,-6.7E0));
#4182=VERTEX_POINT('',#4181);
#4183=CARTESIAN_POINT('',(9.4E0,-3.9E0,-6.7E0));
#4184=VERTEX_POINT('',#4183);
#4185=CARTESIAN_POINT('',(7.4E0,-3.9E0,-6.7E0));
#4186=VERTEX_POINT('',#4185);
#4187=CARTESIAN_POINT('',(-5.E-1,-7.5E0,6.25E0));
#4188=CARTESIAN_POINT('',(-5.E-1,-4.8E0,3.032265299996E0));
#4189=VERTEX_POINT('',#4187);
#4190=VERTEX_POINT('',#4188);
#4191=CARTESIAN_POINT('',(5.E-1,-7.5E0,6.25E0));
#4192=CARTESIAN_POINT('',(5.E-1,-4.8E0,3.032265299996E0));
#4193=VERTEX_POINT('',#4191);
#4194=VERTEX_POINT('',#4192);
#4195=CARTESIAN_POINT('',(-5.E-1,-4.8E0,4.598313146242E-1));
#4196=VERTEX_POINT('',#4195);
#4197=CARTESIAN_POINT('',(5.E-1,-4.8E0,4.598313146242E-1));
#4198=VERTEX_POINT('',#4197);
#4199=CARTESIAN_POINT('',(1.5E1,-3.E-1,-9.5E-1));
#4200=CARTESIAN_POINT('',(1.5E1,-3.E-1,7.05E0));
#4201=VERTEX_POINT('',#4199);
#4202=VERTEX_POINT('',#4200);
#4203=CARTESIAN_POINT('',(-1.5E1,-3.E-1,7.05E0));
#4204=CARTESIAN_POINT('',(-1.5E1,-3.E-1,-9.5E-1));
#4205=VERTEX_POINT('',#4203);
#4206=VERTEX_POINT('',#4204);
#4207=CARTESIAN_POINT('',(-1.38E1,-3.E-1,7.05E0));
#4208=VERTEX_POINT('',#4207);
#4209=CARTESIAN_POINT('',(1.11E1,-3.E-1,-9.5E-1));
#4210=VERTEX_POINT('',#4209);
#4211=CARTESIAN_POINT('',(-1.11E1,-3.E-1,-9.5E-1));
#4212=VERTEX_POINT('',#4211);
#4213=CARTESIAN_POINT('',(1.13E1,-3.E0,-6.7E0));
#4214=CARTESIAN_POINT('',(1.13E1,-3.8E0,-6.7E0));
#4215=VERTEX_POINT('',#4213);
#4216=VERTEX_POINT('',#4214);
#4217=CARTESIAN_POINT('',(1.11E1,-3.E0,3.032265299996E0));
#4218=CARTESIAN_POINT('',(1.11E1,-3.E0,-6.7E0));
#4219=VERTEX_POINT('',#4217);
#4220=VERTEX_POINT('',#4218);
#4221=CARTESIAN_POINT('',(1.11E1,-3.8E0,3.032265299996E0));
#4222=CARTESIAN_POINT('',(1.11E1,-3.8E0,-6.7E0));
#4223=VERTEX_POINT('',#4221);
#4224=VERTEX_POINT('',#4222);
#4225=CARTESIAN_POINT('',(1.13E1,-3.E0,3.270616018514E0));
#4226=VERTEX_POINT('',#4225);
#4227=VERTEX_POINT('',#282);
#4228=CARTESIAN_POINT('',(1.13E1,-3.8E0,3.270616018514E0));
#4229=VERTEX_POINT('',#4228);
#4230=CARTESIAN_POINT('',(-1.28E1,5.E-1,5.43E0));
#4231=VERTEX_POINT('',#4230);
#4232=CARTESIAN_POINT('',(1.38E1,-3.E-1,7.05E0));
#4233=CARTESIAN_POINT('',(1.38E1,5.E-1,7.05E0));
#4234=VERTEX_POINT('',#4232);
#4235=VERTEX_POINT('',#4233);
#4236=CARTESIAN_POINT('',(1.38E1,5.E-1,5.43E0));
#4237=VERTEX_POINT('',#4236);
#4238=CARTESIAN_POINT('',(1.38E1,3.6E0,5.43E0));
#4239=CARTESIAN_POINT('',(1.416318050967E1,3.6E0,5.43E0));
#4240=VERTEX_POINT('',#4238);
#4241=VERTEX_POINT('',#4239);
#4242=CARTESIAN_POINT('',(1.416318050967E1,1.4E0,5.43E0));
#4243=CARTESIAN_POINT('',(1.38E1,1.4E0,5.43E0));
#4244=VERTEX_POINT('',#4242);
#4245=VERTEX_POINT('',#4243);
#4246=CARTESIAN_POINT('',(1.416318050967E1,3.6E0,-8.85E0));
#4247=VERTEX_POINT('',#4246);
#4248=CARTESIAN_POINT('',(1.416318050967E1,1.4E0,-8.85E0));
#4249=VERTEX_POINT('',#4248);
#4250=CARTESIAN_POINT('',(1.465943883099E1,3.6E0,-8.85E0));
#4251=VERTEX_POINT('',#4250);
#4252=CARTESIAN_POINT('',(1.465943883099E1,1.4E0,-8.85E0));
#4253=VERTEX_POINT('',#4252);
#4254=CARTESIAN_POINT('',(1.29E1,3.E0,-1.065E1));
#4255=CARTESIAN_POINT('',(1.366533119315E1,3.E0,-1.065E1));
#4256=VERTEX_POINT('',#4254);
#4257=VERTEX_POINT('',#4255);
#4258=CARTESIAN_POINT('',(1.366533119315E1,2.E0,-1.065E1));
#4259=CARTESIAN_POINT('',(1.29E1,2.E0,-1.065E1));
#4260=VERTEX_POINT('',#4258);
#4261=VERTEX_POINT('',#4259);
#4262=CARTESIAN_POINT('',(1.29E1,3.6E0,-9.5E0));
#4263=CARTESIAN_POINT('',(1.465943883099E1,3.6E0,-9.5E0));
#4264=VERTEX_POINT('',#4262);
#4265=VERTEX_POINT('',#4263);
#4266=CARTESIAN_POINT('',(1.29E1,1.4E0,-9.5E0));
#4267=CARTESIAN_POINT('',(1.465943883099E1,1.4E0,-9.5E0));
#4268=VERTEX_POINT('',#4266);
#4269=VERTEX_POINT('',#4267);
#4270=CARTESIAN_POINT('',(1.29E1,1.875E0,-9.5E0));
#4271=CARTESIAN_POINT('',(1.29E1,2.125E0,-9.5E0));
#4272=VERTEX_POINT('',#4270);
#4273=VERTEX_POINT('',#4271);
#4274=CARTESIAN_POINT('',(-1.38E1,5.E-1,5.43E0));
#4275=VERTEX_POINT('',#4274);
#4276=CARTESIAN_POINT('',(-1.416318050967E1,3.6E0,5.43E0));
#4277=CARTESIAN_POINT('',(-1.38E1,3.6E0,5.43E0));
#4278=VERTEX_POINT('',#4276);
#4279=VERTEX_POINT('',#4277);
#4280=CARTESIAN_POINT('',(-1.38E1,1.4E0,5.43E0));
#4281=CARTESIAN_POINT('',(-1.416318050967E1,1.4E0,5.43E0));
#4282=VERTEX_POINT('',#4280);
#4283=VERTEX_POINT('',#4281);
#4284=CARTESIAN_POINT('',(-1.416318050967E1,3.6E0,-8.85E0));
#4285=VERTEX_POINT('',#4284);
#4286=CARTESIAN_POINT('',(-1.416318050967E1,1.4E0,-8.85E0));
#4287=VERTEX_POINT('',#4286);
#4288=CARTESIAN_POINT('',(-1.465943883099E1,3.6E0,-8.85E0));
#4289=VERTEX_POINT('',#4288);
#4290=CARTESIAN_POINT('',(-1.465943883099E1,1.4E0,-8.85E0));
#4291=VERTEX_POINT('',#4290);
#4292=CARTESIAN_POINT('',(-1.29E1,2.E0,-1.065E1));
#4293=CARTESIAN_POINT('',(-1.366533119315E1,2.E0,-1.065E1));
#4294=VERTEX_POINT('',#4292);
#4295=VERTEX_POINT('',#4293);
#4296=CARTESIAN_POINT('',(-1.366533119315E1,3.E0,-1.065E1));
#4297=VERTEX_POINT('',#4296);
#4298=CARTESIAN_POINT('',(-1.29E1,3.E0,-1.065E1));
#4299=VERTEX_POINT('',#4298);
#4300=CARTESIAN_POINT('',(-1.465943883099E1,3.6E0,-9.5E0));
#4301=CARTESIAN_POINT('',(-1.465943883099E1,1.4E0,-9.5E0));
#4302=VERTEX_POINT('',#4300);
#4303=VERTEX_POINT('',#4301);
#4304=CARTESIAN_POINT('',(-1.29E1,1.4E0,-9.5E0));
#4305=VERTEX_POINT('',#4304);
#4306=CARTESIAN_POINT('',(-1.29E1,3.6E0,-9.5E0));
#4307=VERTEX_POINT('',#4306);
#4308=CARTESIAN_POINT('',(1.29E1,2.875E0,-1.065E1));
#4309=CARTESIAN_POINT('',(1.213530090255E1,2.875E0,-6.313175911167E0));
#4310=VERTEX_POINT('',#4308);
#4311=VERTEX_POINT('',#4309);
#4312=CARTESIAN_POINT('',(1.164289702605E1,2.875E0,-5.9E0));
#4313=VERTEX_POINT('',#4312);
#4314=CARTESIAN_POINT('',(1.11E1,2.875E0,-5.9E0));
#4315=VERTEX_POINT('',#4314);
#4316=CARTESIAN_POINT('',(-1.11E1,2.875E0,-5.9E0));
#4317=CARTESIAN_POINT('',(-1.164289702605E1,2.875E0,-5.9E0));
#4318=VERTEX_POINT('',#4316);
#4319=VERTEX_POINT('',#4317);
#4320=CARTESIAN_POINT('',(-1.213530090255E1,2.875E0,-6.313175911167E0));
#4321=VERTEX_POINT('',#4320);
#4322=CARTESIAN_POINT('',(-1.29E1,2.875E0,-1.065E1));
#4323=VERTEX_POINT('',#4322);
#4324=CARTESIAN_POINT('',(1.29E1,2.125E0,-1.065E1));
#4325=CARTESIAN_POINT('',(1.213530090255E1,2.125E0,-6.313175911167E0));
#4326=VERTEX_POINT('',#4324);
#4327=VERTEX_POINT('',#4325);
#4328=CARTESIAN_POINT('',(1.164289702605E1,2.125E0,-5.9E0));
#4329=VERTEX_POINT('',#4328);
#4330=CARTESIAN_POINT('',(1.11E1,2.125E0,-5.9E0));
#4331=VERTEX_POINT('',#4330);
#4332=CARTESIAN_POINT('',(-1.11E1,2.125E0,-5.9E0));
#4333=CARTESIAN_POINT('',(-1.164289702605E1,2.125E0,-5.9E0));
#4334=VERTEX_POINT('',#4332);
#4335=VERTEX_POINT('',#4333);
#4336=CARTESIAN_POINT('',(-1.213530090255E1,2.125E0,-6.313175911167E0));
#4337=VERTEX_POINT('',#4336);
#4338=CARTESIAN_POINT('',(-1.29E1,2.125E0,-1.065E1));
#4339=VERTEX_POINT('',#4338);
#4340=CARTESIAN_POINT('',(7.83E0,2.7E0,-9.55E0));
#4341=CARTESIAN_POINT('',(7.83E0,3.063970234266E0,-1.055E1));
#4342=VERTEX_POINT('',#4340);
#4343=VERTEX_POINT('',#4341);
#4344=CARTESIAN_POINT('',(7.83E0,3.2E0,-1.055E1));
#4345=VERTEX_POINT('',#4344);
#4346=CARTESIAN_POINT('',(7.83E0,-2.8E0,-1.055E1));
#4347=CARTESIAN_POINT('',(7.83E0,-2.663970234266E0,-1.055E1));
#4348=VERTEX_POINT('',#4346);
#4349=VERTEX_POINT('',#4347);
#4350=CARTESIAN_POINT('',(7.83E0,-2.3E0,-9.55E0));
#4351=VERTEX_POINT('',#4350);
#4352=CARTESIAN_POINT('',(8.97E0,2.7E0,-9.55E0));
#4353=CARTESIAN_POINT('',(8.97E0,3.063970234266E0,-1.055E1));
#4354=VERTEX_POINT('',#4352);
#4355=VERTEX_POINT('',#4353);
#4356=CARTESIAN_POINT('',(8.97E0,3.2E0,-1.055E1));
#4357=VERTEX_POINT('',#4356);
#4358=CARTESIAN_POINT('',(8.97E0,-2.8E0,-1.055E1));
#4359=CARTESIAN_POINT('',(8.97E0,-2.663970234266E0,-1.055E1));
#4360=VERTEX_POINT('',#4358);
#4361=VERTEX_POINT('',#4359);
#4362=CARTESIAN_POINT('',(8.97E0,-2.3E0,-9.55E0));
#4363=VERTEX_POINT('',#4362);
#4364=CARTESIAN_POINT('',(7.83E0,1.73E0,2.15E0));
#4365=CARTESIAN_POINT('',(7.83E0,1.73E0,-3.35E0));
#4366=VERTEX_POINT('',#4364);
#4367=VERTEX_POINT('',#4365);
#4368=CARTESIAN_POINT('',(7.83E0,3.2E0,-6.55E0));
#4369=VERTEX_POINT('',#4368);
#4370=CARTESIAN_POINT('',(7.83E0,-2.47E0,2.15E0));
#4371=CARTESIAN_POINT('',(7.83E0,-2.47E0,-3.35E0));
#4372=VERTEX_POINT('',#4370);
#4373=VERTEX_POINT('',#4371);
#4374=CARTESIAN_POINT('',(7.83E0,-2.3E0,-6.55E0));
#4375=VERTEX_POINT('',#4374);
#4376=CARTESIAN_POINT('',(8.97E0,1.73E0,2.15E0));
#4377=CARTESIAN_POINT('',(8.97E0,1.73E0,-3.35E0));
#4378=VERTEX_POINT('',#4376);
#4379=VERTEX_POINT('',#4377);
#4380=CARTESIAN_POINT('',(8.97E0,3.2E0,-6.55E0));
#4381=VERTEX_POINT('',#4380);
#4382=CARTESIAN_POINT('',(8.97E0,-2.47E0,2.15E0));
#4383=CARTESIAN_POINT('',(8.97E0,-2.47E0,-3.35E0));
#4384=VERTEX_POINT('',#4382);
#4385=VERTEX_POINT('',#4383);
#4386=CARTESIAN_POINT('',(8.97E0,-2.3E0,-6.55E0));
#4387=VERTEX_POINT('',#4386);
#4388=CARTESIAN_POINT('',(7.83E0,2.87E0,2.15E0));
#4389=VERTEX_POINT('',#4388);
#4390=CARTESIAN_POINT('',(7.83E0,-1.33E0,2.15E0));
#4391=VERTEX_POINT('',#4390);
#4392=CARTESIAN_POINT('',(8.97E0,2.87E0,2.15E0));
#4393=VERTEX_POINT('',#4392);
#4394=CARTESIAN_POINT('',(8.97E0,-1.33E0,2.15E0));
#4395=VERTEX_POINT('',#4394);
#4396=CARTESIAN_POINT('',(7.83E0,-1.33E0,-3.35E0));
#4397=VERTEX_POINT('',#4396);
#4398=CARTESIAN_POINT('',(7.83E0,2.87E0,-3.35E0));
#4399=VERTEX_POINT('',#4398);
#4400=CARTESIAN_POINT('',(8.97E0,-1.33E0,-3.35E0));
#4401=VERTEX_POINT('',#4400);
#4402=CARTESIAN_POINT('',(8.97E0,2.87E0,-3.35E0));
#4403=VERTEX_POINT('',#4402);
#4404=CARTESIAN_POINT('',(7.83E0,2.7E0,-6.55E0));
#4405=VERTEX_POINT('',#4404);
#4406=CARTESIAN_POINT('',(7.83E0,-2.8E0,-6.55E0));
#4407=VERTEX_POINT('',#4406);
#4408=CARTESIAN_POINT('',(8.97E0,2.7E0,-6.55E0));
#4409=VERTEX_POINT('',#4408);
#4410=CARTESIAN_POINT('',(8.97E0,-2.8E0,-6.55E0));
#4411=VERTEX_POINT('',#4410);
#4412=CARTESIAN_POINT('',(5.2E0,-4.8E0,-6.55E0));
#4413=CARTESIAN_POINT('',(5.2E0,-4.8E0,-7.05E0));
#4414=VERTEX_POINT('',#4412);
#4415=VERTEX_POINT('',#4413);
#4416=CARTESIAN_POINT('',(3.2E0,-4.8E0,-6.55E0));
#4417=VERTEX_POINT('',#4416);
#4418=CARTESIAN_POINT('',(3.2E0,-4.8E0,-7.05E0));
#4419=VERTEX_POINT('',#4418);
#4420=CARTESIAN_POINT('',(5.2E0,-3.9E0,-7.05E0));
#4421=VERTEX_POINT('',#4420);
#4422=CARTESIAN_POINT('',(5.2E0,4.8E0,-7.05E0));
#4423=CARTESIAN_POINT('',(5.2E0,3.9E0,-7.05E0));
#4424=VERTEX_POINT('',#4422);
#4425=VERTEX_POINT('',#4423);
#4426=CARTESIAN_POINT('',(3.2E0,-3.9E0,-7.05E0));
#4427=VERTEX_POINT('',#4426);
#4428=CARTESIAN_POINT('',(3.2E0,4.8E0,-7.05E0));
#4429=CARTESIAN_POINT('',(3.2E0,3.9E0,-7.05E0));
#4430=VERTEX_POINT('',#4428);
#4431=VERTEX_POINT('',#4429);
#4432=CARTESIAN_POINT('',(5.2E0,4.8E0,-6.55E0));
#4433=VERTEX_POINT('',#4432);
#4434=CARTESIAN_POINT('',(3.2E0,4.8E0,-6.55E0));
#4435=VERTEX_POINT('',#4434);
#4436=CARTESIAN_POINT('',(5.2E0,3.9E0,-6.7E0));
#4437=VERTEX_POINT('',#4436);
#4438=CARTESIAN_POINT('',(3.2E0,3.9E0,-6.7E0));
#4439=VERTEX_POINT('',#4438);
#4440=CARTESIAN_POINT('',(5.2E0,-3.9E0,-6.7E0));
#4441=VERTEX_POINT('',#4440);
#4442=CARTESIAN_POINT('',(3.2E0,-3.9E0,-6.7E0));
#4443=VERTEX_POINT('',#4442);
#4444=CARTESIAN_POINT('',(1.E0,-4.8E0,-6.55E0));
#4445=CARTESIAN_POINT('',(1.E0,-4.8E0,-7.05E0));
#4446=VERTEX_POINT('',#4444);
#4447=VERTEX_POINT('',#4445);
#4448=CARTESIAN_POINT('',(-1.E0,-4.8E0,-6.55E0));
#4449=VERTEX_POINT('',#4448);
#4450=CARTESIAN_POINT('',(-1.E0,-4.8E0,-7.05E0));
#4451=VERTEX_POINT('',#4450);
#4452=CARTESIAN_POINT('',(1.E0,-3.9E0,-7.05E0));
#4453=VERTEX_POINT('',#4452);
#4454=CARTESIAN_POINT('',(1.E0,4.8E0,-7.05E0));
#4455=CARTESIAN_POINT('',(1.E0,3.9E0,-7.05E0));
#4456=VERTEX_POINT('',#4454);
#4457=VERTEX_POINT('',#4455);
#4458=CARTESIAN_POINT('',(-1.E0,-3.9E0,-7.05E0));
#4459=VERTEX_POINT('',#4458);
#4460=CARTESIAN_POINT('',(-1.E0,4.8E0,-7.05E0));
#4461=CARTESIAN_POINT('',(-1.E0,3.9E0,-7.05E0));
#4462=VERTEX_POINT('',#4460);
#4463=VERTEX_POINT('',#4461);
#4464=CARTESIAN_POINT('',(1.E0,4.8E0,-6.55E0));
#4465=VERTEX_POINT('',#4464);
#4466=CARTESIAN_POINT('',(-1.E0,4.8E0,-6.55E0));
#4467=VERTEX_POINT('',#4466);
#4468=CARTESIAN_POINT('',(1.E0,3.9E0,-6.7E0));
#4469=VERTEX_POINT('',#4468);
#4470=CARTESIAN_POINT('',(-1.E0,3.9E0,-6.7E0));
#4471=VERTEX_POINT('',#4470);
#4472=CARTESIAN_POINT('',(1.E0,-3.9E0,-6.7E0));
#4473=VERTEX_POINT('',#4472);
#4474=CARTESIAN_POINT('',(-1.E0,-3.9E0,-6.7E0));
#4475=VERTEX_POINT('',#4474);
#4476=CARTESIAN_POINT('',(-3.2E0,-4.8E0,-6.55E0));
#4477=CARTESIAN_POINT('',(-3.2E0,-4.8E0,-7.05E0));
#4478=VERTEX_POINT('',#4476);
#4479=VERTEX_POINT('',#4477);
#4480=CARTESIAN_POINT('',(-5.2E0,-4.8E0,-6.55E0));
#4481=VERTEX_POINT('',#4480);
#4482=CARTESIAN_POINT('',(-5.2E0,-4.8E0,-7.05E0));
#4483=VERTEX_POINT('',#4482);
#4484=CARTESIAN_POINT('',(-3.2E0,-3.9E0,-7.05E0));
#4485=VERTEX_POINT('',#4484);
#4486=CARTESIAN_POINT('',(-3.2E0,4.8E0,-7.05E0));
#4487=CARTESIAN_POINT('',(-3.2E0,3.9E0,-7.05E0));
#4488=VERTEX_POINT('',#4486);
#4489=VERTEX_POINT('',#4487);
#4490=CARTESIAN_POINT('',(-5.2E0,-3.9E0,-7.05E0));
#4491=VERTEX_POINT('',#4490);
#4492=CARTESIAN_POINT('',(-5.2E0,4.8E0,-7.05E0));
#4493=CARTESIAN_POINT('',(-5.2E0,3.9E0,-7.05E0));
#4494=VERTEX_POINT('',#4492);
#4495=VERTEX_POINT('',#4493);
#4496=CARTESIAN_POINT('',(-3.2E0,4.8E0,-6.55E0));
#4497=VERTEX_POINT('',#4496);
#4498=CARTESIAN_POINT('',(-5.2E0,4.8E0,-6.55E0));
#4499=VERTEX_POINT('',#4498);
#4500=CARTESIAN_POINT('',(-3.2E0,3.9E0,-6.7E0));
#4501=VERTEX_POINT('',#4500);
#4502=CARTESIAN_POINT('',(-5.2E0,3.9E0,-6.7E0));
#4503=VERTEX_POINT('',#4502);
#4504=CARTESIAN_POINT('',(-3.2E0,-3.9E0,-6.7E0));
#4505=VERTEX_POINT('',#4504);
#4506=CARTESIAN_POINT('',(-5.2E0,-3.9E0,-6.7E0));
#4507=VERTEX_POINT('',#4506);
#4508=CARTESIAN_POINT('',(-7.4E0,-4.8E0,-6.55E0));
#4509=CARTESIAN_POINT('',(-7.4E0,-4.8E0,-7.05E0));
#4510=VERTEX_POINT('',#4508);
#4511=VERTEX_POINT('',#4509);
#4512=CARTESIAN_POINT('',(-9.4E0,-4.8E0,-6.55E0));
#4513=VERTEX_POINT('',#4512);
#4514=CARTESIAN_POINT('',(-9.4E0,-4.8E0,-7.05E0));
#4515=VERTEX_POINT('',#4514);
#4516=CARTESIAN_POINT('',(-7.4E0,-3.9E0,-7.05E0));
#4517=VERTEX_POINT('',#4516);
#4518=CARTESIAN_POINT('',(-7.4E0,4.8E0,-7.05E0));
#4519=CARTESIAN_POINT('',(-7.4E0,3.9E0,-7.05E0));
#4520=VERTEX_POINT('',#4518);
#4521=VERTEX_POINT('',#4519);
#4522=CARTESIAN_POINT('',(-9.4E0,-3.9E0,-7.05E0));
#4523=VERTEX_POINT('',#4522);
#4524=CARTESIAN_POINT('',(-9.4E0,4.8E0,-7.05E0));
#4525=CARTESIAN_POINT('',(-9.4E0,3.9E0,-7.05E0));
#4526=VERTEX_POINT('',#4524);
#4527=VERTEX_POINT('',#4525);
#4528=CARTESIAN_POINT('',(-7.4E0,4.8E0,-6.55E0));
#4529=VERTEX_POINT('',#4528);
#4530=CARTESIAN_POINT('',(-9.4E0,4.8E0,-6.55E0));
#4531=VERTEX_POINT('',#4530);
#4532=CARTESIAN_POINT('',(-7.4E0,3.9E0,-6.7E0));
#4533=VERTEX_POINT('',#4532);
#4534=CARTESIAN_POINT('',(-9.4E0,3.9E0,-6.7E0));
#4535=VERTEX_POINT('',#4534);
#4536=CARTESIAN_POINT('',(-7.4E0,-3.9E0,-6.7E0));
#4537=VERTEX_POINT('',#4536);
#4538=CARTESIAN_POINT('',(-9.4E0,-3.9E0,-6.7E0));
#4539=VERTEX_POINT('',#4538);
#4540=CARTESIAN_POINT('',(3.63E0,2.7E0,-9.55E0));
#4541=CARTESIAN_POINT('',(3.63E0,3.063970234266E0,-1.055E1));
#4542=VERTEX_POINT('',#4540);
#4543=VERTEX_POINT('',#4541);
#4544=CARTESIAN_POINT('',(3.63E0,3.2E0,-1.055E1));
#4545=VERTEX_POINT('',#4544);
#4546=CARTESIAN_POINT('',(3.63E0,-2.8E0,-1.055E1));
#4547=CARTESIAN_POINT('',(3.63E0,-2.663970234266E0,-1.055E1));
#4548=VERTEX_POINT('',#4546);
#4549=VERTEX_POINT('',#4547);
#4550=CARTESIAN_POINT('',(3.63E0,-2.3E0,-9.55E0));
#4551=VERTEX_POINT('',#4550);
#4552=CARTESIAN_POINT('',(3.63E0,2.87E0,2.15E0));
#4553=CARTESIAN_POINT('',(3.63E0,1.73E0,2.15E0));
#4554=VERTEX_POINT('',#4552);
#4555=VERTEX_POINT('',#4553);
#4556=CARTESIAN_POINT('',(3.63E0,-1.33E0,2.15E0));
#4557=CARTESIAN_POINT('',(3.63E0,-2.47E0,2.15E0));
#4558=VERTEX_POINT('',#4556);
#4559=VERTEX_POINT('',#4557);
#4560=CARTESIAN_POINT('',(4.77E0,2.7E0,-9.55E0));
#4561=CARTESIAN_POINT('',(4.77E0,3.063970234266E0,-1.055E1));
#4562=VERTEX_POINT('',#4560);
#4563=VERTEX_POINT('',#4561);
#4564=CARTESIAN_POINT('',(4.77E0,3.2E0,-1.055E1));
#4565=VERTEX_POINT('',#4564);
#4566=CARTESIAN_POINT('',(4.77E0,-2.8E0,-1.055E1));
#4567=CARTESIAN_POINT('',(4.77E0,-2.663970234266E0,-1.055E1));
#4568=VERTEX_POINT('',#4566);
#4569=VERTEX_POINT('',#4567);
#4570=CARTESIAN_POINT('',(4.77E0,-2.3E0,-9.55E0));
#4571=VERTEX_POINT('',#4570);
#4572=CARTESIAN_POINT('',(4.77E0,2.87E0,2.15E0));
#4573=CARTESIAN_POINT('',(4.77E0,1.73E0,2.15E0));
#4574=VERTEX_POINT('',#4572);
#4575=VERTEX_POINT('',#4573);
#4576=CARTESIAN_POINT('',(4.77E0,-1.33E0,2.15E0));
#4577=CARTESIAN_POINT('',(4.77E0,-2.47E0,2.15E0));
#4578=VERTEX_POINT('',#4576);
#4579=VERTEX_POINT('',#4577);
#4580=CARTESIAN_POINT('',(3.63E0,-2.47E0,-3.35E0));
#4581=CARTESIAN_POINT('',(3.63E0,-1.33E0,-3.35E0));
#4582=VERTEX_POINT('',#4580);
#4583=VERTEX_POINT('',#4581);
#4584=CARTESIAN_POINT('',(3.63E0,1.73E0,-3.35E0));
#4585=CARTESIAN_POINT('',(3.63E0,2.87E0,-3.35E0));
#4586=VERTEX_POINT('',#4584);
#4587=VERTEX_POINT('',#4585);
#4588=CARTESIAN_POINT('',(4.77E0,-2.47E0,-3.35E0));
#4589=CARTESIAN_POINT('',(4.77E0,-1.33E0,-3.35E0));
#4590=VERTEX_POINT('',#4588);
#4591=VERTEX_POINT('',#4589);
#4592=CARTESIAN_POINT('',(4.77E0,1.73E0,-3.35E0));
#4593=CARTESIAN_POINT('',(4.77E0,2.87E0,-3.35E0));
#4594=VERTEX_POINT('',#4592);
#4595=VERTEX_POINT('',#4593);
#4596=CARTESIAN_POINT('',(3.63E0,2.7E0,-6.55E0));
#4597=VERTEX_POINT('',#4596);
#4598=CARTESIAN_POINT('',(3.63E0,3.2E0,-6.55E0));
#4599=VERTEX_POINT('',#4598);
#4600=CARTESIAN_POINT('',(3.63E0,-2.8E0,-6.55E0));
#4601=VERTEX_POINT('',#4600);
#4602=CARTESIAN_POINT('',(3.63E0,-2.3E0,-6.55E0));
#4603=VERTEX_POINT('',#4602);
#4604=CARTESIAN_POINT('',(4.77E0,2.7E0,-6.55E0));
#4605=VERTEX_POINT('',#4604);
#4606=CARTESIAN_POINT('',(4.77E0,3.2E0,-6.55E0));
#4607=VERTEX_POINT('',#4606);
#4608=CARTESIAN_POINT('',(4.77E0,-2.8E0,-6.55E0));
#4609=VERTEX_POINT('',#4608);
#4610=CARTESIAN_POINT('',(4.77E0,-2.3E0,-6.55E0));
#4611=VERTEX_POINT('',#4610);
#4612=CARTESIAN_POINT('',(-5.7E-1,2.7E0,-9.55E0));
#4613=CARTESIAN_POINT('',(-5.7E-1,3.063970234266E0,-1.055E1));
#4614=VERTEX_POINT('',#4612);
#4615=VERTEX_POINT('',#4613);
#4616=CARTESIAN_POINT('',(-5.7E-1,3.2E0,-1.055E1));
#4617=VERTEX_POINT('',#4616);
#4618=CARTESIAN_POINT('',(-5.7E-1,-2.8E0,-1.055E1));
#4619=CARTESIAN_POINT('',(-5.7E-1,-2.663970234266E0,-1.055E1));
#4620=VERTEX_POINT('',#4618);
#4621=VERTEX_POINT('',#4619);
#4622=CARTESIAN_POINT('',(-5.7E-1,-2.3E0,-9.55E0));
#4623=VERTEX_POINT('',#4622);
#4624=CARTESIAN_POINT('',(-5.7E-1,2.87E0,2.15E0));
#4625=CARTESIAN_POINT('',(-5.7E-1,1.73E0,2.15E0));
#4626=VERTEX_POINT('',#4624);
#4627=VERTEX_POINT('',#4625);
#4628=CARTESIAN_POINT('',(-5.7E-1,-1.33E0,2.15E0));
#4629=CARTESIAN_POINT('',(-5.7E-1,-2.47E0,2.15E0));
#4630=VERTEX_POINT('',#4628);
#4631=VERTEX_POINT('',#4629);
#4632=CARTESIAN_POINT('',(5.7E-1,2.7E0,-9.55E0));
#4633=CARTESIAN_POINT('',(5.7E-1,3.063970234266E0,-1.055E1));
#4634=VERTEX_POINT('',#4632);
#4635=VERTEX_POINT('',#4633);
#4636=CARTESIAN_POINT('',(5.7E-1,3.2E0,-1.055E1));
#4637=VERTEX_POINT('',#4636);
#4638=CARTESIAN_POINT('',(5.7E-1,-2.8E0,-1.055E1));
#4639=CARTESIAN_POINT('',(5.7E-1,-2.663970234266E0,-1.055E1));
#4640=VERTEX_POINT('',#4638);
#4641=VERTEX_POINT('',#4639);
#4642=CARTESIAN_POINT('',(5.7E-1,-2.3E0,-9.55E0));
#4643=VERTEX_POINT('',#4642);
#4644=CARTESIAN_POINT('',(5.7E-1,2.87E0,2.15E0));
#4645=CARTESIAN_POINT('',(5.7E-1,1.73E0,2.15E0));
#4646=VERTEX_POINT('',#4644);
#4647=VERTEX_POINT('',#4645);
#4648=CARTESIAN_POINT('',(5.7E-1,-1.33E0,2.15E0));
#4649=CARTESIAN_POINT('',(5.7E-1,-2.47E0,2.15E0));
#4650=VERTEX_POINT('',#4648);
#4651=VERTEX_POINT('',#4649);
#4652=CARTESIAN_POINT('',(-5.7E-1,-2.47E0,-3.35E0));
#4653=CARTESIAN_POINT('',(-5.7E-1,-1.33E0,-3.35E0));
#4654=VERTEX_POINT('',#4652);
#4655=VERTEX_POINT('',#4653);
#4656=CARTESIAN_POINT('',(-5.7E-1,1.73E0,-3.35E0));
#4657=CARTESIAN_POINT('',(-5.7E-1,2.87E0,-3.35E0));
#4658=VERTEX_POINT('',#4656);
#4659=VERTEX_POINT('',#4657);
#4660=CARTESIAN_POINT('',(5.7E-1,-2.47E0,-3.35E0));
#4661=CARTESIAN_POINT('',(5.7E-1,-1.33E0,-3.35E0));
#4662=VERTEX_POINT('',#4660);
#4663=VERTEX_POINT('',#4661);
#4664=CARTESIAN_POINT('',(5.7E-1,1.73E0,-3.35E0));
#4665=CARTESIAN_POINT('',(5.7E-1,2.87E0,-3.35E0));
#4666=VERTEX_POINT('',#4664);
#4667=VERTEX_POINT('',#4665);
#4668=CARTESIAN_POINT('',(-5.7E-1,2.7E0,-6.55E0));
#4669=VERTEX_POINT('',#4668);
#4670=CARTESIAN_POINT('',(-5.7E-1,3.2E0,-6.55E0));
#4671=VERTEX_POINT('',#4670);
#4672=CARTESIAN_POINT('',(-5.7E-1,-2.8E0,-6.55E0));
#4673=VERTEX_POINT('',#4672);
#4674=CARTESIAN_POINT('',(-5.7E-1,-2.3E0,-6.55E0));
#4675=VERTEX_POINT('',#4674);
#4676=CARTESIAN_POINT('',(5.7E-1,2.7E0,-6.55E0));
#4677=VERTEX_POINT('',#4676);
#4678=CARTESIAN_POINT('',(5.7E-1,3.2E0,-6.55E0));
#4679=VERTEX_POINT('',#4678);
#4680=CARTESIAN_POINT('',(5.7E-1,-2.8E0,-6.55E0));
#4681=VERTEX_POINT('',#4680);
#4682=CARTESIAN_POINT('',(5.7E-1,-2.3E0,-6.55E0));
#4683=VERTEX_POINT('',#4682);
#4684=CARTESIAN_POINT('',(-4.77E0,2.7E0,-9.55E0));
#4685=CARTESIAN_POINT('',(-4.77E0,3.063970234266E0,-1.055E1));
#4686=VERTEX_POINT('',#4684);
#4687=VERTEX_POINT('',#4685);
#4688=CARTESIAN_POINT('',(-4.77E0,3.2E0,-1.055E1));
#4689=VERTEX_POINT('',#4688);
#4690=CARTESIAN_POINT('',(-4.77E0,-2.8E0,-1.055E1));
#4691=CARTESIAN_POINT('',(-4.77E0,-2.663970234266E0,-1.055E1));
#4692=VERTEX_POINT('',#4690);
#4693=VERTEX_POINT('',#4691);
#4694=CARTESIAN_POINT('',(-4.77E0,-2.3E0,-9.55E0));
#4695=VERTEX_POINT('',#4694);
#4696=CARTESIAN_POINT('',(-4.77E0,2.87E0,2.15E0));
#4697=CARTESIAN_POINT('',(-4.77E0,1.73E0,2.15E0));
#4698=VERTEX_POINT('',#4696);
#4699=VERTEX_POINT('',#4697);
#4700=CARTESIAN_POINT('',(-4.77E0,-1.33E0,2.15E0));
#4701=CARTESIAN_POINT('',(-4.77E0,-2.47E0,2.15E0));
#4702=VERTEX_POINT('',#4700);
#4703=VERTEX_POINT('',#4701);
#4704=CARTESIAN_POINT('',(-3.63E0,2.7E0,-9.55E0));
#4705=CARTESIAN_POINT('',(-3.63E0,3.063970234266E0,-1.055E1));
#4706=VERTEX_POINT('',#4704);
#4707=VERTEX_POINT('',#4705);
#4708=CARTESIAN_POINT('',(-3.63E0,3.2E0,-1.055E1));
#4709=VERTEX_POINT('',#4708);
#4710=CARTESIAN_POINT('',(-3.63E0,-2.8E0,-1.055E1));
#4711=CARTESIAN_POINT('',(-3.63E0,-2.663970234266E0,-1.055E1));
#4712=VERTEX_POINT('',#4710);
#4713=VERTEX_POINT('',#4711);
#4714=CARTESIAN_POINT('',(-3.63E0,-2.3E0,-9.55E0));
#4715=VERTEX_POINT('',#4714);
#4716=CARTESIAN_POINT('',(-3.63E0,2.87E0,2.15E0));
#4717=CARTESIAN_POINT('',(-3.63E0,1.73E0,2.15E0));
#4718=VERTEX_POINT('',#4716);
#4719=VERTEX_POINT('',#4717);
#4720=CARTESIAN_POINT('',(-3.63E0,-1.33E0,2.15E0));
#4721=CARTESIAN_POINT('',(-3.63E0,-2.47E0,2.15E0));
#4722=VERTEX_POINT('',#4720);
#4723=VERTEX_POINT('',#4721);
#4724=CARTESIAN_POINT('',(-4.77E0,2.7E0,-6.55E0));
#4725=VERTEX_POINT('',#4724);
#4726=CARTESIAN_POINT('',(-4.77E0,3.2E0,-6.55E0));
#4727=VERTEX_POINT('',#4726);
#4728=CARTESIAN_POINT('',(-4.77E0,-2.8E0,-6.55E0));
#4729=VERTEX_POINT('',#4728);
#4730=CARTESIAN_POINT('',(-4.77E0,-2.3E0,-6.55E0));
#4731=VERTEX_POINT('',#4730);
#4732=CARTESIAN_POINT('',(-4.77E0,2.87E0,-3.35E0));
#4733=VERTEX_POINT('',#4732);
#4734=CARTESIAN_POINT('',(-4.77E0,1.73E0,-3.35E0));
#4735=VERTEX_POINT('',#4734);
#4736=CARTESIAN_POINT('',(-4.77E0,-1.33E0,-3.35E0));
#4737=VERTEX_POINT('',#4736);
#4738=CARTESIAN_POINT('',(-4.77E0,-2.47E0,-3.35E0));
#4739=VERTEX_POINT('',#4738);
#4740=CARTESIAN_POINT('',(-3.63E0,2.7E0,-6.55E0));
#4741=VERTEX_POINT('',#4740);
#4742=CARTESIAN_POINT('',(-3.63E0,3.2E0,-6.55E0));
#4743=VERTEX_POINT('',#4742);
#4744=CARTESIAN_POINT('',(-3.63E0,-2.8E0,-6.55E0));
#4745=VERTEX_POINT('',#4744);
#4746=CARTESIAN_POINT('',(-3.63E0,-2.3E0,-6.55E0));
#4747=VERTEX_POINT('',#4746);
#4748=CARTESIAN_POINT('',(-3.63E0,2.87E0,-3.35E0));
#4749=VERTEX_POINT('',#4748);
#4750=CARTESIAN_POINT('',(-3.63E0,1.73E0,-3.35E0));
#4751=VERTEX_POINT('',#4750);
#4752=CARTESIAN_POINT('',(-3.63E0,-1.33E0,-3.35E0));
#4753=VERTEX_POINT('',#4752);
#4754=CARTESIAN_POINT('',(-3.63E0,-2.47E0,-3.35E0));
#4755=VERTEX_POINT('',#4754);
#4756=CARTESIAN_POINT('',(-8.97E0,2.7E0,-9.55E0));
#4757=CARTESIAN_POINT('',(-8.97E0,3.063970234266E0,-1.055E1));
#4758=VERTEX_POINT('',#4756);
#4759=VERTEX_POINT('',#4757);
#4760=CARTESIAN_POINT('',(-8.97E0,3.2E0,-1.055E1));
#4761=VERTEX_POINT('',#4760);
#4762=CARTESIAN_POINT('',(-8.97E0,-2.8E0,-1.055E1));
#4763=CARTESIAN_POINT('',(-8.97E0,-2.663970234266E0,-1.055E1));
#4764=VERTEX_POINT('',#4762);
#4765=VERTEX_POINT('',#4763);
#4766=CARTESIAN_POINT('',(-8.97E0,-2.3E0,-9.55E0));
#4767=VERTEX_POINT('',#4766);
#4768=CARTESIAN_POINT('',(-8.97E0,2.87E0,2.15E0));
#4769=CARTESIAN_POINT('',(-8.97E0,1.73E0,2.15E0));
#4770=VERTEX_POINT('',#4768);
#4771=VERTEX_POINT('',#4769);
#4772=CARTESIAN_POINT('',(-8.97E0,-1.33E0,2.15E0));
#4773=CARTESIAN_POINT('',(-8.97E0,-2.47E0,2.15E0));
#4774=VERTEX_POINT('',#4772);
#4775=VERTEX_POINT('',#4773);
#4776=CARTESIAN_POINT('',(-7.83E0,2.7E0,-9.55E0));
#4777=CARTESIAN_POINT('',(-7.83E0,3.063970234266E0,-1.055E1));
#4778=VERTEX_POINT('',#4776);
#4779=VERTEX_POINT('',#4777);
#4780=CARTESIAN_POINT('',(-7.83E0,3.2E0,-1.055E1));
#4781=VERTEX_POINT('',#4780);
#4782=CARTESIAN_POINT('',(-7.83E0,-2.8E0,-1.055E1));
#4783=CARTESIAN_POINT('',(-7.83E0,-2.663970234266E0,-1.055E1));
#4784=VERTEX_POINT('',#4782);
#4785=VERTEX_POINT('',#4783);
#4786=CARTESIAN_POINT('',(-7.83E0,-2.3E0,-9.55E0));
#4787=VERTEX_POINT('',#4786);
#4788=CARTESIAN_POINT('',(-7.83E0,2.87E0,2.15E0));
#4789=CARTESIAN_POINT('',(-7.83E0,1.73E0,2.15E0));
#4790=VERTEX_POINT('',#4788);
#4791=VERTEX_POINT('',#4789);
#4792=CARTESIAN_POINT('',(-7.83E0,-1.33E0,2.15E0));
#4793=CARTESIAN_POINT('',(-7.83E0,-2.47E0,2.15E0));
#4794=VERTEX_POINT('',#4792);
#4795=VERTEX_POINT('',#4793);
#4796=CARTESIAN_POINT('',(-8.97E0,2.7E0,-6.55E0));
#4797=VERTEX_POINT('',#4796);
#4798=CARTESIAN_POINT('',(-8.97E0,3.2E0,-6.55E0));
#4799=VERTEX_POINT('',#4798);
#4800=CARTESIAN_POINT('',(-8.97E0,-2.8E0,-6.55E0));
#4801=VERTEX_POINT('',#4800);
#4802=CARTESIAN_POINT('',(-8.97E0,-2.3E0,-6.55E0));
#4803=VERTEX_POINT('',#4802);
#4804=CARTESIAN_POINT('',(-8.97E0,2.87E0,-3.35E0));
#4805=VERTEX_POINT('',#4804);
#4806=CARTESIAN_POINT('',(-8.97E0,1.73E0,-3.35E0));
#4807=VERTEX_POINT('',#4806);
#4808=CARTESIAN_POINT('',(-8.97E0,-1.33E0,-3.35E0));
#4809=VERTEX_POINT('',#4808);
#4810=CARTESIAN_POINT('',(-8.97E0,-2.47E0,-3.35E0));
#4811=VERTEX_POINT('',#4810);
#4812=CARTESIAN_POINT('',(-7.83E0,2.7E0,-6.55E0));
#4813=VERTEX_POINT('',#4812);
#4814=CARTESIAN_POINT('',(-7.83E0,3.2E0,-6.55E0));
#4815=VERTEX_POINT('',#4814);
#4816=CARTESIAN_POINT('',(-7.83E0,-2.8E0,-6.55E0));
#4817=VERTEX_POINT('',#4816);
#4818=CARTESIAN_POINT('',(-7.83E0,-2.3E0,-6.55E0));
#4819=VERTEX_POINT('',#4818);
#4820=CARTESIAN_POINT('',(-7.83E0,2.87E0,-3.35E0));
#4821=VERTEX_POINT('',#4820);
#4822=CARTESIAN_POINT('',(-7.83E0,1.73E0,-3.35E0));
#4823=VERTEX_POINT('',#4822);
#4824=CARTESIAN_POINT('',(-7.83E0,-1.33E0,-3.35E0));
#4825=VERTEX_POINT('',#4824);
#4826=CARTESIAN_POINT('',(-7.83E0,-2.47E0,-3.35E0));
#4827=VERTEX_POINT('',#4826);
#4828=CARTESIAN_POINT('',(-4.5E0,5.274785229868E0,3.984172996594E0));
#4829=VERTEX_POINT('',#4828);
#4830=CARTESIAN_POINT('',(-4.5E0,4.8E0,4.55E0));
#4831=VERTEX_POINT('',#4830);
#4832=CARTESIAN_POINT('',(4.5E0,5.274785229868E0,3.984172996594E0));
#4833=VERTEX_POINT('',#4832);
#4834=CARTESIAN_POINT('',(4.5E0,4.8E0,4.55E0));
#4835=VERTEX_POINT('',#4834);
#4836=VERTEX_POINT('',#2326);
#4837=VERTEX_POINT('',#2340);
#4838=VERTEX_POINT('',#2356);
#4839=VERTEX_POINT('',#2370);
#4840=VERTEX_POINT('',#225);
#4841=VERTEX_POINT('',#229);
#4842=VERTEX_POINT('',#339);
#4843=CARTESIAN_POINT('',(-1.35E1,7.5E0,7.05E0));
#4844=VERTEX_POINT('',#4843);
#4845=CARTESIAN_POINT('',(-1.38E1,7.2E0,7.05E0));
#4846=VERTEX_POINT('',#4845);
#4847=CARTESIAN_POINT('',(-1.38E1,-7.2E0,7.05E0));
#4848=CARTESIAN_POINT('',(-1.35E1,-7.5E0,7.05E0));
#4849=VERTEX_POINT('',#4847);
#4850=VERTEX_POINT('',#4848);
#4851=CARTESIAN_POINT('',(-1.35E1,-7.5E0,6.25E0));
#4852=VERTEX_POINT('',#4851);
#4853=VERTEX_POINT('',#2316);
#4854=VERTEX_POINT('',#239);
#4855=VERTEX_POINT('',#301);
#4856=VERTEX_POINT('',#305);
#4857=VERTEX_POINT('',#2350);
#4858=CARTESIAN_POINT('',(1.35E1,-7.5E0,7.05E0));
#4859=VERTEX_POINT('',#4858);
#4860=CARTESIAN_POINT('',(1.38E1,-7.2E0,7.05E0));
#4861=VERTEX_POINT('',#4860);
#4862=CARTESIAN_POINT('',(1.38E1,7.2E0,7.05E0));
#4863=CARTESIAN_POINT('',(1.35E1,7.5E0,7.05E0));
#4864=VERTEX_POINT('',#4862);
#4865=VERTEX_POINT('',#4863);
#4866=CARTESIAN_POINT('',(1.35E1,7.5E0,6.25E0));
#4867=VERTEX_POINT('',#4866);
#4868=VERTEX_POINT('',#357);
#4869=VERTEX_POINT('',#269);
#4870=CARTESIAN_POINT('',(1.38E1,4.8E0,6.25E0));
#4871=VERTEX_POINT('',#4870);
#4872=CARTESIAN_POINT('',(-1.38E1,4.8E0,6.25E0));
#4873=VERTEX_POINT('',#4872);
#4874=CARTESIAN_POINT('',(1.132465608803E1,-3.799239373463E0,3.3E0));
#4875=VERTEX_POINT('',#4874);
#4876=CARTESIAN_POINT('',(1.31E1,2.875E0,-9.5E0));
#4877=CARTESIAN_POINT('',(1.29E1,2.875E0,-9.5E0));
#4878=VERTEX_POINT('',#4876);
#4879=VERTEX_POINT('',#4877);
#4880=CARTESIAN_POINT('',(1.31E1,2.125E0,-9.5E0));
#4881=VERTEX_POINT('',#4880);
#4882=CARTESIAN_POINT('',(1.29E1,3.125E0,-9.5E0));
#4883=VERTEX_POINT('',#4882);
#4884=CARTESIAN_POINT('',(-1.31E1,2.875E0,-9.5E0));
#4885=CARTESIAN_POINT('',(-1.29E1,2.875E0,-9.5E0));
#4886=VERTEX_POINT('',#4884);
#4887=VERTEX_POINT('',#4885);
#4888=CARTESIAN_POINT('',(-1.31E1,2.125E0,-9.5E0));
#4889=CARTESIAN_POINT('',(-1.29E1,2.125E0,-9.5E0));
#4890=VERTEX_POINT('',#4888);
#4891=VERTEX_POINT('',#4889);
#4892=CARTESIAN_POINT('',(-1.29E1,3.125E0,-9.5E0));
#4893=CARTESIAN_POINT('',(-1.29E1,1.875E0,-9.5E0));
#4894=VERTEX_POINT('',#4892);
#4895=VERTEX_POINT('',#4893);
#4896=CARTESIAN_POINT('',(1.38E1,-3.E-1,4.63E0));
#4897=CARTESIAN_POINT('',(1.38E1,1.4E0,4.63E0));
#4898=VERTEX_POINT('',#4896);
#4899=VERTEX_POINT('',#4897);
#4900=CARTESIAN_POINT('',(1.38E1,3.6E0,4.63E0));
#4901=CARTESIAN_POINT('',(1.38E1,4.8E0,4.63E0));
#4902=VERTEX_POINT('',#4900);
#4903=VERTEX_POINT('',#4901);
#4904=CARTESIAN_POINT('',(1.11E1,2.875E0,3.032265299996E0));
#4905=VERTEX_POINT('',#4904);
#4906=CARTESIAN_POINT('',(1.11E1,-3.E-1,3.032265299996E0));
#4907=CARTESIAN_POINT('',(1.11E1,2.125E0,3.032265299996E0));
#4908=VERTEX_POINT('',#4906);
#4909=VERTEX_POINT('',#4907);
#4910=CARTESIAN_POINT('',(1.31E1,2.875E0,4.215772485184E0));
#4911=VERTEX_POINT('',#4910);
#4912=CARTESIAN_POINT('',(1.31E1,2.125E0,4.215772485184E0));
#4913=VERTEX_POINT('',#4912);
#4914=CARTESIAN_POINT('',(1.29E1,3.6E0,4.097421766665E0));
#4915=CARTESIAN_POINT('',(1.29E1,3.125E0,4.097421766665E0));
#4916=VERTEX_POINT('',#4914);
#4917=VERTEX_POINT('',#4915);
#4918=CARTESIAN_POINT('',(1.29E1,1.875E0,4.097421766665E0));
#4919=CARTESIAN_POINT('',(1.29E1,1.4E0,4.097421766665E0));
#4920=VERTEX_POINT('',#4918);
#4921=VERTEX_POINT('',#4919);
#4922=CARTESIAN_POINT('',(-1.11E1,-3.E-1,3.032265299996E0));
#4923=VERTEX_POINT('',#4922);
#4924=CARTESIAN_POINT('',(-1.38E1,4.8E0,4.63E0));
#4925=VERTEX_POINT('',#4924);
#4926=CARTESIAN_POINT('',(-1.38E1,3.6E0,4.63E0));
#4927=VERTEX_POINT('',#4926);
#4928=CARTESIAN_POINT('',(-1.38E1,1.4E0,4.63E0));
#4929=VERTEX_POINT('',#4928);
#4930=CARTESIAN_POINT('',(-1.29E1,3.6E0,4.097421766665E0));
#4931=VERTEX_POINT('',#4930);
#4932=CARTESIAN_POINT('',(-1.38E1,-3.E-1,4.63E0));
#4933=VERTEX_POINT('',#4932);
#4934=CARTESIAN_POINT('',(-1.31E1,2.875E0,4.215772485184E0));
#4935=VERTEX_POINT('',#4934);
#4936=CARTESIAN_POINT('',(-1.31E1,2.125E0,4.215772485184E0));
#4937=VERTEX_POINT('',#4936);
#4938=CARTESIAN_POINT('',(-1.29E1,3.125E0,4.097421766665E0));
#4939=VERTEX_POINT('',#4938);
#4940=CARTESIAN_POINT('',(-1.29E1,1.875E0,4.097421766665E0));
#4941=VERTEX_POINT('',#4940);
#4942=CARTESIAN_POINT('',(-1.29E1,1.4E0,4.097421766665E0));
#4943=VERTEX_POINT('',#4942);
#4944=CARTESIAN_POINT('',(-1.11E1,2.125E0,3.032265299996E0));
#4945=VERTEX_POINT('',#4944);
#4946=CARTESIAN_POINT('',(-1.11E1,2.875E0,3.032265299996E0));
#4947=VERTEX_POINT('',#4946);
#4948=CARTESIAN_POINT('',(-1.11E1,-3.E-1,-7.05E0));
#4949=CARTESIAN_POINT('',(-1.11E1,3.E-1,-7.05E0));
#4950=VERTEX_POINT('',#4948);
#4951=VERTEX_POINT('',#4949);
#4952=CARTESIAN_POINT('',(1.11E1,3.E-1,-7.05E0));
#4953=VERTEX_POINT('',#4952);
#4954=CARTESIAN_POINT('',(1.11E1,-3.E-1,-7.05E0));
#4955=VERTEX_POINT('',#4954);
#4956=CARTESIAN_POINT('',(9.4E0,3.E-1,-6.55E0));
#4957=CARTESIAN_POINT('',(9.4E0,3.E-1,-6.7E0));
#4958=VERTEX_POINT('',#4956);
#4959=VERTEX_POINT('',#4957);
#4960=CARTESIAN_POINT('',(9.4E0,-3.E-1,-6.55E0));
#4961=CARTESIAN_POINT('',(9.4E0,-3.E-1,-6.7E0));
#4962=VERTEX_POINT('',#4960);
#4963=VERTEX_POINT('',#4961);
#4964=CARTESIAN_POINT('',(7.4E0,3.E-1,-6.55E0));
#4965=VERTEX_POINT('',#4964);
#4966=CARTESIAN_POINT('',(7.4E0,-3.E-1,-6.55E0));
#4967=VERTEX_POINT('',#4966);
#4968=CARTESIAN_POINT('',(7.4E0,3.E-1,-6.7E0));
#4969=VERTEX_POINT('',#4968);
#4970=CARTESIAN_POINT('',(7.4E0,-3.E-1,-6.7E0));
#4971=VERTEX_POINT('',#4970);
#4972=CARTESIAN_POINT('',(-1.11E1,3.E-1,-6.7E0));
#4973=CARTESIAN_POINT('',(-9.4E0,3.E-1,-6.7E0));
#4974=VERTEX_POINT('',#4972);
#4975=VERTEX_POINT('',#4973);
#4976=CARTESIAN_POINT('',(-7.4E0,3.E-1,-6.7E0));
#4977=CARTESIAN_POINT('',(-5.2E0,3.E-1,-6.7E0));
#4978=VERTEX_POINT('',#4976);
#4979=VERTEX_POINT('',#4977);
#4980=CARTESIAN_POINT('',(1.E0,3.E-1,-6.7E0));
#4981=CARTESIAN_POINT('',(3.2E0,3.E-1,-6.7E0));
#4982=VERTEX_POINT('',#4980);
#4983=VERTEX_POINT('',#4981);
#4984=CARTESIAN_POINT('',(1.11E1,3.E-1,-6.7E0));
#4985=VERTEX_POINT('',#4984);
#4986=CARTESIAN_POINT('',(-1.11E1,-3.E-1,-6.7E0));
#4987=CARTESIAN_POINT('',(-9.4E0,-3.E-1,-6.7E0));
#4988=VERTEX_POINT('',#4986);
#4989=VERTEX_POINT('',#4987);
#4990=CARTESIAN_POINT('',(-7.4E0,-3.E-1,-6.7E0));
#4991=CARTESIAN_POINT('',(-5.2E0,-3.E-1,-6.7E0));
#4992=VERTEX_POINT('',#4990);
#4993=VERTEX_POINT('',#4991);
#4994=CARTESIAN_POINT('',(1.E0,-3.E-1,-6.7E0));
#4995=CARTESIAN_POINT('',(3.2E0,-3.E-1,-6.7E0));
#4996=VERTEX_POINT('',#4994);
#4997=VERTEX_POINT('',#4995);
#4998=CARTESIAN_POINT('',(1.11E1,-3.E-1,-6.7E0));
#4999=VERTEX_POINT('',#4998);
#5000=CARTESIAN_POINT('',(5.2E0,3.E-1,-6.55E0));
#5001=CARTESIAN_POINT('',(5.2E0,3.E-1,-6.7E0));
#5002=VERTEX_POINT('',#5000);
#5003=VERTEX_POINT('',#5001);
#5004=CARTESIAN_POINT('',(5.2E0,-3.E-1,-6.55E0));
#5005=CARTESIAN_POINT('',(5.2E0,-3.E-1,-6.7E0));
#5006=VERTEX_POINT('',#5004);
#5007=VERTEX_POINT('',#5005);
#5008=CARTESIAN_POINT('',(3.2E0,3.E-1,-6.55E0));
#5009=VERTEX_POINT('',#5008);
#5010=CARTESIAN_POINT('',(3.2E0,-3.E-1,-6.55E0));
#5011=VERTEX_POINT('',#5010);
#5012=CARTESIAN_POINT('',(1.E0,3.E-1,-6.55E0));
#5013=VERTEX_POINT('',#5012);
#5014=CARTESIAN_POINT('',(1.E0,-3.E-1,-6.55E0));
#5015=VERTEX_POINT('',#5014);
#5016=CARTESIAN_POINT('',(-1.E0,3.E-1,-6.55E0));
#5017=VERTEX_POINT('',#5016);
#5018=CARTESIAN_POINT('',(-1.E0,-3.E-1,-6.55E0));
#5019=VERTEX_POINT('',#5018);
#5020=CARTESIAN_POINT('',(-1.E0,3.E-1,-6.7E0));
#5021=VERTEX_POINT('',#5020);
#5022=CARTESIAN_POINT('',(-1.E0,-3.E-1,-6.7E0));
#5023=VERTEX_POINT('',#5022);
#5024=CARTESIAN_POINT('',(-3.2E0,3.E-1,-6.55E0));
#5025=CARTESIAN_POINT('',(-3.2E0,3.E-1,-6.7E0));
#5026=VERTEX_POINT('',#5024);
#5027=VERTEX_POINT('',#5025);
#5028=CARTESIAN_POINT('',(-3.2E0,-3.E-1,-6.55E0));
#5029=CARTESIAN_POINT('',(-3.2E0,-3.E-1,-6.7E0));
#5030=VERTEX_POINT('',#5028);
#5031=VERTEX_POINT('',#5029);
#5032=CARTESIAN_POINT('',(-5.2E0,3.E-1,-6.55E0));
#5033=VERTEX_POINT('',#5032);
#5034=CARTESIAN_POINT('',(-5.2E0,-3.E-1,-6.55E0));
#5035=VERTEX_POINT('',#5034);
#5036=CARTESIAN_POINT('',(-7.4E0,3.E-1,-6.55E0));
#5037=VERTEX_POINT('',#5036);
#5038=CARTESIAN_POINT('',(-7.4E0,-3.E-1,-6.55E0));
#5039=VERTEX_POINT('',#5038);
#5040=CARTESIAN_POINT('',(-9.4E0,3.E-1,-6.55E0));
#5041=VERTEX_POINT('',#5040);
#5042=CARTESIAN_POINT('',(-9.4E0,-3.E-1,-6.55E0));
#5043=VERTEX_POINT('',#5042);
#5044=CARTESIAN_POINT('',(-1.28E1,4.2E0,7.05E0));
#5045=VERTEX_POINT('',#5044);
#5046=CARTESIAN_POINT('',(1.28E1,4.2E0,7.05E0));
#5047=VERTEX_POINT('',#5046);
#5048=CARTESIAN_POINT('',(-1.38E1,4.2E0,5.43E0));
#5049=VERTEX_POINT('',#5048);
#5050=CARTESIAN_POINT('',(1.38E1,4.2E0,5.43E0));
#5051=VERTEX_POINT('',#5050);
#5052=CARTESIAN_POINT('',(-1.28E1,4.2E0,5.43E0));
#5053=VERTEX_POINT('',#5052);
#5054=CARTESIAN_POINT('',(-1.38E1,4.2E0,7.05E0));
#5055=VERTEX_POINT('',#5054);
#5056=CARTESIAN_POINT('',(1.38E1,4.2E0,7.05E0));
#5057=VERTEX_POINT('',#5056);
#5058=CARTESIAN_POINT('',(1.28E1,4.2E0,5.43E0));
#5059=VERTEX_POINT('',#5058);
#5060=CARTESIAN_POINT('',(-1.11E1,-1.8E0,3.032265299996E0));
#5061=CARTESIAN_POINT('',(-1.38E1,-1.8E0,6.25E0));
#5062=VERTEX_POINT('',#5060);
#5063=VERTEX_POINT('',#5061);
#5064=CARTESIAN_POINT('',(1.38E1,-1.8E0,6.25E0));
#5065=CARTESIAN_POINT('',(1.11E1,-1.8E0,3.032265299996E0));
#5066=VERTEX_POINT('',#5064);
#5067=VERTEX_POINT('',#5065);
#5068=CARTESIAN_POINT('',(-1.5E1,-1.8E0,7.05E0));
#5069=CARTESIAN_POINT('',(-1.38E1,-1.8E0,7.05E0));
#5070=VERTEX_POINT('',#5068);
#5071=VERTEX_POINT('',#5069);
#5072=CARTESIAN_POINT('',(1.38E1,-1.8E0,7.05E0));
#5073=CARTESIAN_POINT('',(1.5E1,-1.8E0,7.05E0));
#5074=VERTEX_POINT('',#5072);
#5075=VERTEX_POINT('',#5073);
#5076=CARTESIAN_POINT('',(1.11E1,-1.8E0,-9.5E-1));
#5077=CARTESIAN_POINT('',(1.5E1,-1.8E0,-9.5E-1));
#5078=VERTEX_POINT('',#5076);
#5079=VERTEX_POINT('',#5077);
#5080=CARTESIAN_POINT('',(-1.5E1,-1.8E0,-9.5E-1));
#5081=VERTEX_POINT('',#5080);
#5082=CARTESIAN_POINT('',(-1.11E1,-1.8E0,-9.5E-1));
#5083=VERTEX_POINT('',#5082);
#5084=CARTESIAN_POINT('',(-1.38E1,0.E0,0.E0));
#5085=DIRECTION('',(1.E0,0.E0,0.E0));
#5086=DIRECTION('',(0.E0,0.E0,-1.E0));
#5087=AXIS2_PLACEMENT_3D('',#5084,#5085,#5086);
#5088=PLANE('',#5087);
#5090=ORIENTED_EDGE('',*,*,#5089,.F.);
#5092=ORIENTED_EDGE('',*,*,#5091,.T.);
#5094=ORIENTED_EDGE('',*,*,#5093,.T.);
#5096=ORIENTED_EDGE('',*,*,#5095,.T.);
#5098=ORIENTED_EDGE('',*,*,#5097,.T.);
#5100=ORIENTED_EDGE('',*,*,#5099,.T.);
#5101=EDGE_LOOP('',(#5090,#5092,#5094,#5096,#5098,#5100));
#5102=FACE_OUTER_BOUND('',#5101,.F.);
#5103=ADVANCED_FACE('',(#5102),#5088,.F.);
#5104=CARTESIAN_POINT('',(-1.38E1,0.E0,0.E0));
#5105=DIRECTION('',(1.E0,0.E0,0.E0));
#5106=DIRECTION('',(0.E0,0.E0,-1.E0));
#5107=AXIS2_PLACEMENT_3D('',#5104,#5105,#5106);
#5108=PLANE('',#5107);
#5110=ORIENTED_EDGE('',*,*,#5109,.F.);
#5112=ORIENTED_EDGE('',*,*,#5111,.T.);
#5114=ORIENTED_EDGE('',*,*,#5113,.T.);
#5116=ORIENTED_EDGE('',*,*,#5115,.F.);
#5118=ORIENTED_EDGE('',*,*,#5117,.T.);
#5120=ORIENTED_EDGE('',*,*,#5119,.T.);
#5122=ORIENTED_EDGE('',*,*,#5121,.F.);
#5124=ORIENTED_EDGE('',*,*,#5123,.T.);
#5125=EDGE_LOOP('',(#5110,#5112,#5114,#5116,#5118,#5120,#5122,#5124));
#5126=FACE_OUTER_BOUND('',#5125,.F.);
#5127=ADVANCED_FACE('',(#5126),#5108,.F.);
#5128=CARTESIAN_POINT('',(-1.38E1,0.E0,0.E0));
#5129=DIRECTION('',(1.E0,0.E0,0.E0));
#5130=DIRECTION('',(0.E0,0.E0,-1.E0));
#5131=AXIS2_PLACEMENT_3D('',#5128,#5129,#5130);
#5132=PLANE('',#5131);
#5134=ORIENTED_EDGE('',*,*,#5133,.T.);
#5136=ORIENTED_EDGE('',*,*,#5135,.T.);
#5138=ORIENTED_EDGE('',*,*,#5137,.T.);
#5140=ORIENTED_EDGE('',*,*,#5139,.F.);
#5141=EDGE_LOOP('',(#5134,#5136,#5138,#5140));
#5142=FACE_OUTER_BOUND('',#5141,.F.);
#5143=ADVANCED_FACE('',(#5142),#5132,.F.);
#5144=CARTESIAN_POINT('',(-1.38E1,1.4E0,5.43E0));
#5145=DIRECTION('',(0.E0,1.E0,0.E0));
#5146=DIRECTION('',(-1.E0,0.E0,0.E0));
#5147=AXIS2_PLACEMENT_3D('',#5144,#5145,#5146);
#5148=PLANE('',#5147);
#5149=ORIENTED_EDGE('',*,*,#5089,.T.);
#5151=ORIENTED_EDGE('',*,*,#5150,.F.);
#5153=ORIENTED_EDGE('',*,*,#5152,.F.);
#5155=ORIENTED_EDGE('',*,*,#5154,.T.);
#5157=ORIENTED_EDGE('',*,*,#5156,.T.);
#5159=ORIENTED_EDGE('',*,*,#5158,.F.);
#5161=ORIENTED_EDGE('',*,*,#5160,.T.);
#5163=ORIENTED_EDGE('',*,*,#5162,.F.);
#5164=EDGE_LOOP('',(#5149,#5151,#5153,#5155,#5157,#5159,#5161,#5163));
#5165=FACE_OUTER_BOUND('',#5164,.F.);
#5166=ADVANCED_FACE('',(#5165),#5148,.F.);
#5167=CARTESIAN_POINT('',(-1.11E1,4.8E0,3.032265299996E0));
#5168=DIRECTION('',(-5.092679015330E-1,0.E0,-8.606080434601E-1));
#5169=DIRECTION('',(-8.606080434601E-1,0.E0,5.092679015330E-1));
#5170=AXIS2_PLACEMENT_3D('',#5167,#5168,#5169);
#5171=PLANE('',#5170);
#5172=ORIENTED_EDGE('',*,*,#5099,.F.);
#5174=ORIENTED_EDGE('',*,*,#5173,.F.);
#5176=ORIENTED_EDGE('',*,*,#5175,.T.);
#5178=ORIENTED_EDGE('',*,*,#5177,.F.);
#5180=ORIENTED_EDGE('',*,*,#5179,.F.);
#5182=ORIENTED_EDGE('',*,*,#5181,.T.);
#5184=ORIENTED_EDGE('',*,*,#5183,.T.);
#5186=ORIENTED_EDGE('',*,*,#5185,.T.);
#5187=ORIENTED_EDGE('',*,*,#5119,.F.);
#5189=ORIENTED_EDGE('',*,*,#5188,.F.);
#5191=ORIENTED_EDGE('',*,*,#5190,.T.);
#5193=ORIENTED_EDGE('',*,*,#5192,.T.);
#5195=ORIENTED_EDGE('',*,*,#5194,.T.);
#5196=ORIENTED_EDGE('',*,*,#5150,.T.);
#5197=EDGE_LOOP('',(#5172,#5174,#5176,#5178,#5180,#5182,#5184,#5186,#5187,#5189,
#5191,#5193,#5195,#5196));
#5198=FACE_OUTER_BOUND('',#5197,.F.);
#5199=ADVANCED_FACE('',(#5198),#5171,.T.);
#5200=CARTESIAN_POINT('',(-1.38E1,-3.E-1,7.05E0));
#5201=DIRECTION('',(0.E0,-1.E0,0.E0));
#5202=DIRECTION('',(1.E0,0.E0,0.E0));
#5203=AXIS2_PLACEMENT_3D('',#5200,#5201,#5202);
#5204=PLANE('',#5203);
#5206=ORIENTED_EDGE('',*,*,#5205,.T.);
#5208=ORIENTED_EDGE('',*,*,#5207,.T.);
#5210=ORIENTED_EDGE('',*,*,#5209,.T.);
#5212=ORIENTED_EDGE('',*,*,#5211,.T.);
#5214=ORIENTED_EDGE('',*,*,#5213,.F.);
#5216=ORIENTED_EDGE('',*,*,#5215,.F.);
#5217=EDGE_LOOP('',(#5206,#5208,#5210,#5212,#5214,#5216));
#5218=FACE_OUTER_BOUND('',#5217,.F.);
#5219=ADVANCED_FACE('',(#5218),#5204,.F.);
#5220=CARTESIAN_POINT('',(-1.38E1,-3.E-1,7.05E0));
#5221=DIRECTION('',(0.E0,-1.E0,0.E0));
#5222=DIRECTION('',(1.E0,0.E0,0.E0));
#5223=AXIS2_PLACEMENT_3D('',#5220,#5221,#5222);
#5224=PLANE('',#5223);
#5226=ORIENTED_EDGE('',*,*,#5225,.F.);
#5227=ORIENTED_EDGE('',*,*,#5173,.T.);
#5228=ORIENTED_EDGE('',*,*,#5097,.F.);
#5230=ORIENTED_EDGE('',*,*,#5229,.T.);
#5232=ORIENTED_EDGE('',*,*,#5231,.T.);
#5234=ORIENTED_EDGE('',*,*,#5233,.T.);
#5235=EDGE_LOOP('',(#5226,#5227,#5228,#5230,#5232,#5234));
#5236=FACE_OUTER_BOUND('',#5235,.F.);
#5237=ADVANCED_FACE('',(#5236),#5224,.F.);
#5238=CARTESIAN_POINT('',(1.38E1,4.8E0,4.63E0));
#5239=DIRECTION('',(5.092679015330E-1,0.E0,-8.606080434601E-1));
#5240=DIRECTION('',(-8.606080434601E-1,0.E0,-5.092679015330E-1));
#5241=AXIS2_PLACEMENT_3D('',#5238,#5239,#5240);
#5242=PLANE('',#5241);
#5244=ORIENTED_EDGE('',*,*,#5243,.T.);
#5246=ORIENTED_EDGE('',*,*,#5245,.F.);
#5248=ORIENTED_EDGE('',*,*,#5247,.F.);
#5250=ORIENTED_EDGE('',*,*,#5249,.F.);
#5252=ORIENTED_EDGE('',*,*,#5251,.F.);
#5254=ORIENTED_EDGE('',*,*,#5253,.T.);
#5256=ORIENTED_EDGE('',*,*,#5255,.T.);
#5258=ORIENTED_EDGE('',*,*,#5257,.T.);
#5260=ORIENTED_EDGE('',*,*,#5259,.F.);
#5262=ORIENTED_EDGE('',*,*,#5261,.F.);
#5264=ORIENTED_EDGE('',*,*,#5263,.T.);
#5266=ORIENTED_EDGE('',*,*,#5265,.T.);
#5268=ORIENTED_EDGE('',*,*,#5267,.F.);
#5269=ORIENTED_EDGE('',*,*,#5205,.F.);
#5270=EDGE_LOOP('',(#5244,#5246,#5248,#5250,#5252,#5254,#5256,#5258,#5260,#5262,
#5264,#5266,#5268,#5269));
#5271=FACE_OUTER_BOUND('',#5270,.F.);
#5272=ADVANCED_FACE('',(#5271),#5242,.T.);
#5273=CARTESIAN_POINT('',(1.38E1,0.E0,0.E0));
#5274=DIRECTION('',(1.E0,0.E0,0.E0));
#5275=DIRECTION('',(0.E0,0.E0,-1.E0));
#5276=AXIS2_PLACEMENT_3D('',#5273,#5274,#5275);
#5277=PLANE('',#5276);
#5278=ORIENTED_EDGE('',*,*,#5215,.T.);
#5280=ORIENTED_EDGE('',*,*,#5279,.T.);
#5282=ORIENTED_EDGE('',*,*,#5281,.T.);
#5284=ORIENTED_EDGE('',*,*,#5283,.T.);
#5286=ORIENTED_EDGE('',*,*,#5285,.T.);
#5287=ORIENTED_EDGE('',*,*,#5243,.F.);
#5288=EDGE_LOOP('',(#5278,#5280,#5282,#5284,#5286,#5287));
#5289=FACE_OUTER_BOUND('',#5288,.F.);
#5290=ADVANCED_FACE('',(#5289),#5277,.T.);
#5291=CARTESIAN_POINT('',(1.38E1,0.E0,0.E0));
#5292=DIRECTION('',(1.E0,0.E0,0.E0));
#5293=DIRECTION('',(0.E0,0.E0,-1.E0));
#5294=AXIS2_PLACEMENT_3D('',#5291,#5292,#5293);
#5295=PLANE('',#5294);
#5297=ORIENTED_EDGE('',*,*,#5296,.F.);
#5299=ORIENTED_EDGE('',*,*,#5298,.F.);
#5301=ORIENTED_EDGE('',*,*,#5300,.F.);
#5302=ORIENTED_EDGE('',*,*,#5255,.F.);
#5304=ORIENTED_EDGE('',*,*,#5303,.F.);
#5306=ORIENTED_EDGE('',*,*,#5305,.F.);
#5308=ORIENTED_EDGE('',*,*,#5307,.F.);
#5310=ORIENTED_EDGE('',*,*,#5309,.T.);
#5311=EDGE_LOOP('',(#5297,#5299,#5301,#5302,#5304,#5306,#5308,#5310));
#5312=FACE_OUTER_BOUND('',#5311,.F.);
#5313=ADVANCED_FACE('',(#5312),#5295,.T.);
#5314=CARTESIAN_POINT('',(1.38E1,0.E0,0.E0));
#5315=DIRECTION('',(1.E0,0.E0,0.E0));
#5316=DIRECTION('',(0.E0,0.E0,-1.E0));
#5317=AXIS2_PLACEMENT_3D('',#5314,#5315,#5316);
#5318=PLANE('',#5317);
#5320=ORIENTED_EDGE('',*,*,#5319,.T.);
#5322=ORIENTED_EDGE('',*,*,#5321,.T.);
#5324=ORIENTED_EDGE('',*,*,#5323,.F.);
#5326=ORIENTED_EDGE('',*,*,#5325,.F.);
#5327=EDGE_LOOP('',(#5320,#5322,#5324,#5326));
#5328=FACE_OUTER_BOUND('',#5327,.F.);
#5329=ADVANCED_FACE('',(#5328),#5318,.T.);
#5330=CARTESIAN_POINT('',(-1.38E1,7.5E0,7.05E0));
#5331=DIRECTION('',(0.E0,0.E0,1.E0));
#5332=DIRECTION('',(0.E0,-1.E0,0.E0));
#5333=AXIS2_PLACEMENT_3D('',#5330,#5331,#5332);
#5334=PLANE('',#5333);
#5336=ORIENTED_EDGE('',*,*,#5335,.F.);
#5338=ORIENTED_EDGE('',*,*,#5337,.F.);
#5340=ORIENTED_EDGE('',*,*,#5339,.T.);
#5342=ORIENTED_EDGE('',*,*,#5341,.F.);
#5344=ORIENTED_EDGE('',*,*,#5343,.T.);
#5346=ORIENTED_EDGE('',*,*,#5345,.T.);
#5347=ORIENTED_EDGE('',*,*,#5111,.F.);
#5348=EDGE_LOOP('',(#5336,#5338,#5340,#5342,#5344,#5346,#5347));
#5349=FACE_OUTER_BOUND('',#5348,.F.);
#5350=ADVANCED_FACE('',(#5349),#5334,.T.);
#5351=CARTESIAN_POINT('',(-1.38E1,7.5E0,7.05E0));
#5352=DIRECTION('',(0.E0,0.E0,1.E0));
#5353=DIRECTION('',(0.E0,-1.E0,0.E0));
#5354=AXIS2_PLACEMENT_3D('',#5351,#5352,#5353);
#5355=PLANE('',#5354);
#5357=ORIENTED_EDGE('',*,*,#5356,.F.);
#5358=ORIENTED_EDGE('',*,*,#5309,.F.);
#5360=ORIENTED_EDGE('',*,*,#5359,.T.);
#5362=ORIENTED_EDGE('',*,*,#5361,.T.);
#5364=ORIENTED_EDGE('',*,*,#5363,.T.);
#5366=ORIENTED_EDGE('',*,*,#5365,.T.);
#5368=ORIENTED_EDGE('',*,*,#5367,.F.);
#5369=EDGE_LOOP('',(#5357,#5358,#5360,#5362,#5364,#5366,#5368));
#5370=FACE_OUTER_BOUND('',#5369,.F.);
#5371=ADVANCED_FACE('',(#5370),#5355,.T.);
#5372=CARTESIAN_POINT('',(-1.38E1,7.5E0,7.05E0));
#5373=DIRECTION('',(0.E0,0.E0,1.E0));
#5374=DIRECTION('',(0.E0,-1.E0,0.E0));
#5375=AXIS2_PLACEMENT_3D('',#5372,#5373,#5374);
#5376=PLANE('',#5375);
#5378=ORIENTED_EDGE('',*,*,#5377,.F.);
#5380=ORIENTED_EDGE('',*,*,#5379,.T.);
#5381=ORIENTED_EDGE('',*,*,#5229,.F.);
#5382=ORIENTED_EDGE('',*,*,#5095,.F.);
#5384=ORIENTED_EDGE('',*,*,#5383,.T.);
#5386=ORIENTED_EDGE('',*,*,#5385,.T.);
#5388=ORIENTED_EDGE('',*,*,#5387,.T.);
#5390=ORIENTED_EDGE('',*,*,#5389,.T.);
#5392=ORIENTED_EDGE('',*,*,#5391,.F.);
#5393=ORIENTED_EDGE('',*,*,#5279,.F.);
#5394=ORIENTED_EDGE('',*,*,#5213,.T.);
#5396=ORIENTED_EDGE('',*,*,#5395,.F.);
#5398=ORIENTED_EDGE('',*,*,#5397,.F.);
#5399=ORIENTED_EDGE('',*,*,#5319,.F.);
#5401=ORIENTED_EDGE('',*,*,#5400,.F.);
#5403=ORIENTED_EDGE('',*,*,#5402,.F.);
#5405=ORIENTED_EDGE('',*,*,#5404,.F.);
#5406=ORIENTED_EDGE('',*,*,#5137,.F.);
#5407=EDGE_LOOP('',(#5378,#5380,#5381,#5382,#5384,#5386,#5388,#5390,#5392,#5393,
#5394,#5396,#5398,#5399,#5401,#5403,#5405,#5406));
#5408=FACE_OUTER_BOUND('',#5407,.F.);
#5409=ADVANCED_FACE('',(#5408),#5376,.T.);
#5410=CARTESIAN_POINT('',(-1.35E1,7.2E0,7.0661184E0));
#5411=DIRECTION('',(0.E0,0.E0,-1.E0));
#5412=DIRECTION('',(-1.E0,0.E0,0.E0));
#5413=AXIS2_PLACEMENT_3D('',#5410,#5411,#5412);
#5414=CYLINDRICAL_SURFACE('',#5413,3.E-1);
#5416=ORIENTED_EDGE('',*,*,#5415,.T.);
#5418=ORIENTED_EDGE('',*,*,#5417,.T.);
#5420=ORIENTED_EDGE('',*,*,#5419,.F.);
#5421=ORIENTED_EDGE('',*,*,#5335,.T.);
#5422=ORIENTED_EDGE('',*,*,#5109,.T.);
#5423=EDGE_LOOP('',(#5416,#5418,#5420,#5421,#5422));
#5424=FACE_OUTER_BOUND('',#5423,.F.);
#5425=ADVANCED_FACE('',(#5424),#5414,.T.);
#5426=CARTESIAN_POINT('',(-1.38E1,7.5E0,6.25E0));
#5427=DIRECTION('',(7.660444431190E-1,0.E0,6.427876096865E-1));
#5428=DIRECTION('',(6.427876096865E-1,0.E0,-7.660444431190E-1));
#5429=AXIS2_PLACEMENT_3D('',#5426,#5427,#5428);
#5430=PLANE('',#5429);
#5431=ORIENTED_EDGE('',*,*,#5415,.F.);
#5432=ORIENTED_EDGE('',*,*,#5123,.F.);
#5434=ORIENTED_EDGE('',*,*,#5433,.F.);
#5436=ORIENTED_EDGE('',*,*,#5435,.T.);
#5437=EDGE_LOOP('',(#5431,#5432,#5434,#5436));
#5438=FACE_OUTER_BOUND('',#5437,.F.);
#5439=ADVANCED_FACE('',(#5438),#5430,.F.);
#5440=CARTESIAN_POINT('',(-1.38E1,7.5E0,6.25E0));
#5441=DIRECTION('',(7.660444431190E-1,0.E0,6.427876096865E-1));
#5442=DIRECTION('',(6.427876096865E-1,0.E0,-7.660444431190E-1));
#5443=AXIS2_PLACEMENT_3D('',#5440,#5441,#5442);
#5444=PLANE('',#5443);
#5446=ORIENTED_EDGE('',*,*,#5445,.T.);
#5448=ORIENTED_EDGE('',*,*,#5447,.T.);
#5449=ORIENTED_EDGE('',*,*,#5133,.F.);
#5451=ORIENTED_EDGE('',*,*,#5450,.F.);
#5453=ORIENTED_EDGE('',*,*,#5452,.T.);
#5454=EDGE_LOOP('',(#5446,#5448,#5449,#5451,#5453));
#5455=FACE_OUTER_BOUND('',#5454,.F.);
#5456=ADVANCED_FACE('',(#5455),#5444,.F.);
#5457=CARTESIAN_POINT('',(1.38E1,4.8E0,7.05E0));
#5458=DIRECTION('',(0.E0,1.E0,0.E0));
#5459=DIRECTION('',(-1.E0,0.E0,0.E0));
#5460=AXIS2_PLACEMENT_3D('',#5457,#5458,#5459);
#5461=PLANE('',#5460);
#5462=ORIENTED_EDGE('',*,*,#5433,.T.);
#5463=ORIENTED_EDGE('',*,*,#5121,.T.);
#5464=ORIENTED_EDGE('',*,*,#5185,.F.);
#5465=EDGE_LOOP('',(#5462,#5463,#5464));
#5466=FACE_OUTER_BOUND('',#5465,.F.);
#5467=ADVANCED_FACE('',(#5466),#5461,.T.);
#5468=CARTESIAN_POINT('',(1.38E1,4.8E0,7.05E0));
#5469=DIRECTION('',(0.E0,1.E0,0.E0));
#5470=DIRECTION('',(-1.E0,0.E0,0.E0));
#5471=AXIS2_PLACEMENT_3D('',#5468,#5469,#5470);
#5472=PLANE('',#5471);
#5474=ORIENTED_EDGE('',*,*,#5473,.T.);
#5475=ORIENTED_EDGE('',*,*,#5257,.F.);
#5476=ORIENTED_EDGE('',*,*,#5300,.T.);
#5477=EDGE_LOOP('',(#5474,#5475,#5476));
#5478=FACE_OUTER_BOUND('',#5477,.F.);
#5479=ADVANCED_FACE('',(#5478),#5472,.T.);
#5480=CARTESIAN_POINT('',(1.11E1,7.5E0,3.032265299996E0));
#5481=DIRECTION('',(-7.660444431190E-1,0.E0,6.427876096865E-1));
#5482=DIRECTION('',(6.427876096865E-1,0.E0,7.660444431190E-1));
#5483=AXIS2_PLACEMENT_3D('',#5480,#5481,#5482);
#5484=PLANE('',#5483);
#5486=ORIENTED_EDGE('',*,*,#5485,.F.);
#5488=ORIENTED_EDGE('',*,*,#5487,.F.);
#5489=ORIENTED_EDGE('',*,*,#5473,.F.);
#5490=ORIENTED_EDGE('',*,*,#5298,.T.);
#5491=EDGE_LOOP('',(#5486,#5488,#5489,#5490));
#5492=FACE_OUTER_BOUND('',#5491,.F.);
#5493=ADVANCED_FACE('',(#5492),#5484,.F.);
#5494=CARTESIAN_POINT('',(1.11E1,7.5E0,3.032265299996E0));
#5495=DIRECTION('',(-7.660444431190E-1,0.E0,6.427876096865E-1));
#5496=DIRECTION('',(6.427876096865E-1,0.E0,7.660444431190E-1));
#5497=AXIS2_PLACEMENT_3D('',#5494,#5495,#5496);
#5498=PLANE('',#5497);
#5499=ORIENTED_EDGE('',*,*,#5323,.T.);
#5501=ORIENTED_EDGE('',*,*,#5500,.T.);
#5503=ORIENTED_EDGE('',*,*,#5502,.F.);
#5505=ORIENTED_EDGE('',*,*,#5504,.T.);
#5507=ORIENTED_EDGE('',*,*,#5506,.T.);
#5509=ORIENTED_EDGE('',*,*,#5508,.T.);
#5511=ORIENTED_EDGE('',*,*,#5510,.T.);
#5513=ORIENTED_EDGE('',*,*,#5512,.F.);
#5515=ORIENTED_EDGE('',*,*,#5514,.T.);
#5517=ORIENTED_EDGE('',*,*,#5516,.F.);
#5519=ORIENTED_EDGE('',*,*,#5518,.F.);
#5520=EDGE_LOOP('',(#5499,#5501,#5503,#5505,#5507,#5509,#5511,#5513,#5515,#5517,
#5519));
#5521=FACE_OUTER_BOUND('',#5520,.F.);
#5522=ADVANCED_FACE('',(#5521),#5498,.F.);
#5523=CARTESIAN_POINT('',(1.35E1,7.2E0,4.6152148E0));
#5524=DIRECTION('',(0.E0,0.E0,1.E0));
#5525=DIRECTION('',(1.E0,0.E0,0.E0));
#5526=AXIS2_PLACEMENT_3D('',#5523,#5524,#5525);
#5527=CYLINDRICAL_SURFACE('',#5526,3.E-1);
#5528=ORIENTED_EDGE('',*,*,#5356,.T.);
#5530=ORIENTED_EDGE('',*,*,#5529,.F.);
#5532=ORIENTED_EDGE('',*,*,#5531,.T.);
#5533=ORIENTED_EDGE('',*,*,#5485,.T.);
#5534=ORIENTED_EDGE('',*,*,#5296,.T.);
#5535=EDGE_LOOP('',(#5528,#5530,#5532,#5533,#5534));
#5536=FACE_OUTER_BOUND('',#5535,.F.);
#5537=ADVANCED_FACE('',(#5536),#5527,.T.);
#5538=CARTESIAN_POINT('',(-1.38E1,7.5E0,6.25E0));
#5539=DIRECTION('',(0.E0,1.E0,0.E0));
#5540=DIRECTION('',(0.E0,0.E0,1.E0));
#5541=AXIS2_PLACEMENT_3D('',#5538,#5539,#5540);
#5542=PLANE('',#5541);
#5543=ORIENTED_EDGE('',*,*,#5419,.T.);
#5545=ORIENTED_EDGE('',*,*,#5544,.T.);
#5547=ORIENTED_EDGE('',*,*,#5546,.F.);
#5549=ORIENTED_EDGE('',*,*,#5548,.T.);
#5551=ORIENTED_EDGE('',*,*,#5550,.T.);
#5552=ORIENTED_EDGE('',*,*,#5337,.T.);
#5553=EDGE_LOOP('',(#5543,#5545,#5547,#5549,#5551,#5552));
#5554=FACE_OUTER_BOUND('',#5553,.F.);
#5555=ADVANCED_FACE('',(#5554),#5542,.T.);
#5556=CARTESIAN_POINT('',(-1.38E1,7.5E0,6.25E0));
#5557=DIRECTION('',(0.E0,1.E0,0.E0));
#5558=DIRECTION('',(0.E0,0.E0,1.E0));
#5559=AXIS2_PLACEMENT_3D('',#5556,#5557,#5558);
#5560=PLANE('',#5559);
#5561=ORIENTED_EDGE('',*,*,#5529,.T.);
#5562=ORIENTED_EDGE('',*,*,#5367,.T.);
#5564=ORIENTED_EDGE('',*,*,#5563,.T.);
#5566=ORIENTED_EDGE('',*,*,#5565,.F.);
#5568=ORIENTED_EDGE('',*,*,#5567,.F.);
#5570=ORIENTED_EDGE('',*,*,#5569,.T.);
#5571=EDGE_LOOP('',(#5561,#5562,#5564,#5566,#5568,#5570));
#5572=FACE_OUTER_BOUND('',#5571,.F.);
#5573=ADVANCED_FACE('',(#5572),#5560,.T.);
#5574=CARTESIAN_POINT('',(-1.38E1,4.8E0,3.032265299996E0));
#5575=DIRECTION('',(0.E0,7.660444431190E-1,-6.427876096865E-1));
#5576=DIRECTION('',(0.E0,6.427876096865E-1,7.660444431190E-1));
#5577=AXIS2_PLACEMENT_3D('',#5574,#5575,#5576);
#5578=PLANE('',#5577);
#5579=ORIENTED_EDGE('',*,*,#5417,.F.);
#5580=ORIENTED_EDGE('',*,*,#5435,.F.);
#5582=ORIENTED_EDGE('',*,*,#5581,.T.);
#5584=ORIENTED_EDGE('',*,*,#5583,.T.);
#5585=ORIENTED_EDGE('',*,*,#5544,.F.);
#5586=EDGE_LOOP('',(#5579,#5580,#5582,#5584,#5585));
#5587=FACE_OUTER_BOUND('',#5586,.F.);
#5588=ADVANCED_FACE('',(#5587),#5578,.T.);
#5589=CARTESIAN_POINT('',(-1.38E1,4.8E0,3.032265299996E0));
#5590=DIRECTION('',(0.E0,7.660444431190E-1,-6.427876096865E-1));
#5591=DIRECTION('',(0.E0,6.427876096865E-1,7.660444431190E-1));
#5592=AXIS2_PLACEMENT_3D('',#5589,#5590,#5591);
#5593=PLANE('',#5592);
#5594=ORIENTED_EDGE('',*,*,#5531,.F.);
#5595=ORIENTED_EDGE('',*,*,#5569,.F.);
#5597=ORIENTED_EDGE('',*,*,#5596,.F.);
#5599=ORIENTED_EDGE('',*,*,#5598,.T.);
#5600=ORIENTED_EDGE('',*,*,#5487,.T.);
#5601=EDGE_LOOP('',(#5594,#5595,#5597,#5599,#5600));
#5602=FACE_OUTER_BOUND('',#5601,.F.);
#5603=ADVANCED_FACE('',(#5602),#5593,.T.);
#5604=CARTESIAN_POINT('',(-1.38E1,4.8E0,-7.05E0));
#5605=DIRECTION('',(0.E0,1.E0,0.E0));
#5606=DIRECTION('',(0.E0,0.E0,1.E0));
#5607=AXIS2_PLACEMENT_3D('',#5604,#5605,#5606);
#5608=PLANE('',#5607);
#5610=ORIENTED_EDGE('',*,*,#5609,.F.);
#5612=ORIENTED_EDGE('',*,*,#5611,.T.);
#5614=ORIENTED_EDGE('',*,*,#5613,.T.);
#5616=ORIENTED_EDGE('',*,*,#5615,.F.);
#5617=EDGE_LOOP('',(#5610,#5612,#5614,#5616));
#5618=FACE_OUTER_BOUND('',#5617,.F.);
#5619=ADVANCED_FACE('',(#5618),#5608,.T.);
#5620=CARTESIAN_POINT('',(-1.38E1,4.8E0,-7.05E0));
#5621=DIRECTION('',(0.E0,1.E0,0.E0));
#5622=DIRECTION('',(0.E0,0.E0,1.E0));
#5623=AXIS2_PLACEMENT_3D('',#5620,#5621,#5622);
#5624=PLANE('',#5623);
#5626=ORIENTED_EDGE('',*,*,#5625,.T.);
#5627=ORIENTED_EDGE('',*,*,#5598,.F.);
#5629=ORIENTED_EDGE('',*,*,#5628,.T.);
#5631=ORIENTED_EDGE('',*,*,#5630,.F.);
#5633=ORIENTED_EDGE('',*,*,#5632,.F.);
#5634=ORIENTED_EDGE('',*,*,#5581,.F.);
#5636=ORIENTED_EDGE('',*,*,#5635,.F.);
#5638=ORIENTED_EDGE('',*,*,#5637,.T.);
#5640=ORIENTED_EDGE('',*,*,#5639,.F.);
#5642=ORIENTED_EDGE('',*,*,#5641,.T.);
#5644=ORIENTED_EDGE('',*,*,#5643,.T.);
#5646=ORIENTED_EDGE('',*,*,#5645,.T.);
#5648=ORIENTED_EDGE('',*,*,#5647,.F.);
#5650=ORIENTED_EDGE('',*,*,#5649,.T.);
#5652=ORIENTED_EDGE('',*,*,#5651,.T.);
#5654=ORIENTED_EDGE('',*,*,#5653,.T.);
#5656=ORIENTED_EDGE('',*,*,#5655,.F.);
#5658=ORIENTED_EDGE('',*,*,#5657,.T.);
#5660=ORIENTED_EDGE('',*,*,#5659,.T.);
#5662=ORIENTED_EDGE('',*,*,#5661,.T.);
#5664=ORIENTED_EDGE('',*,*,#5663,.F.);
#5666=ORIENTED_EDGE('',*,*,#5665,.T.);
#5668=ORIENTED_EDGE('',*,*,#5667,.T.);
#5670=ORIENTED_EDGE('',*,*,#5669,.T.);
#5672=ORIENTED_EDGE('',*,*,#5671,.F.);
#5674=ORIENTED_EDGE('',*,*,#5673,.T.);
#5676=ORIENTED_EDGE('',*,*,#5675,.T.);
#5678=ORIENTED_EDGE('',*,*,#5677,.T.);
#5679=EDGE_LOOP('',(#5626,#5627,#5629,#5631,#5633,#5634,#5636,#5638,#5640,#5642,
#5644,#5646,#5648,#5650,#5652,#5654,#5656,#5658,#5660,#5662,#5664,#5666,#5668,
#5670,#5672,#5674,#5676,#5678));
#5680=FACE_OUTER_BOUND('',#5679,.F.);
#5681=ADVANCED_FACE('',(#5680),#5624,.T.);
#5682=CARTESIAN_POINT('',(0.E0,5.2E0,5.8E0));
#5683=DIRECTION('',(0.E0,6.931087162518E-1,-7.208330649019E-1));
#5684=DIRECTION('',(-1.E0,0.E0,0.E0));
#5685=AXIS2_PLACEMENT_3D('',#5682,#5683,#5684);
#5686=PLANE('',#5685);
#5688=ORIENTED_EDGE('',*,*,#5687,.F.);
#5690=ORIENTED_EDGE('',*,*,#5689,.T.);
#5692=ORIENTED_EDGE('',*,*,#5691,.T.);
#5693=ORIENTED_EDGE('',*,*,#5341,.T.);
#5695=ORIENTED_EDGE('',*,*,#5694,.T.);
#5696=ORIENTED_EDGE('',*,*,#5609,.T.);
#5698=ORIENTED_EDGE('',*,*,#5697,.T.);
#5699=ORIENTED_EDGE('',*,*,#5363,.F.);
#5700=EDGE_LOOP('',(#5688,#5690,#5692,#5693,#5695,#5696,#5698,#5699));
#5701=FACE_OUTER_BOUND('',#5700,.F.);
#5702=ADVANCED_FACE('',(#5701),#5686,.F.);
#5703=CARTESIAN_POINT('',(1.15E1,0.E0,5.8E0));
#5704=DIRECTION('',(6.931087162518E-1,0.E0,-7.208330649019E-1));
#5705=DIRECTION('',(0.E0,1.E0,0.E0));
#5706=AXIS2_PLACEMENT_3D('',#5703,#5704,#5705);
#5707=PLANE('',#5706);
#5709=ORIENTED_EDGE('',*,*,#5708,.T.);
#5710=ORIENTED_EDGE('',*,*,#5389,.F.);
#5712=ORIENTED_EDGE('',*,*,#5711,.F.);
#5714=ORIENTED_EDGE('',*,*,#5713,.T.);
#5715=EDGE_LOOP('',(#5709,#5710,#5712,#5714));
#5716=FACE_OUTER_BOUND('',#5715,.F.);
#5717=ADVANCED_FACE('',(#5716),#5707,.F.);
#5718=CARTESIAN_POINT('',(1.15E1,0.E0,5.8E0));
#5719=DIRECTION('',(6.931087162518E-1,0.E0,-7.208330649019E-1));
#5720=DIRECTION('',(0.E0,1.E0,0.E0));
#5721=AXIS2_PLACEMENT_3D('',#5718,#5719,#5720);
#5722=PLANE('',#5721);
#5724=ORIENTED_EDGE('',*,*,#5723,.F.);
#5725=ORIENTED_EDGE('',*,*,#5687,.T.);
#5726=ORIENTED_EDGE('',*,*,#5361,.F.);
#5727=EDGE_LOOP('',(#5724,#5725,#5726));
#5728=FACE_OUTER_BOUND('',#5727,.F.);
#5729=ADVANCED_FACE('',(#5728),#5722,.F.);
#5730=CARTESIAN_POINT('',(0.E0,5.E-1,4.05E0));
#5731=DIRECTION('',(0.E0,-1.E0,0.E0));
#5732=DIRECTION('',(1.E0,0.E0,0.E0));
#5733=AXIS2_PLACEMENT_3D('',#5730,#5731,#5732);
#5734=PLANE('',#5733);
#5736=ORIENTED_EDGE('',*,*,#5735,.F.);
#5738=ORIENTED_EDGE('',*,*,#5737,.T.);
#5740=ORIENTED_EDGE('',*,*,#5739,.T.);
#5741=ORIENTED_EDGE('',*,*,#5383,.F.);
#5742=ORIENTED_EDGE('',*,*,#5093,.F.);
#5743=EDGE_LOOP('',(#5736,#5738,#5740,#5741,#5742));
#5744=FACE_OUTER_BOUND('',#5743,.F.);
#5745=ADVANCED_FACE('',(#5744),#5734,.F.);
#5746=CARTESIAN_POINT('',(0.E0,5.E-1,4.05E0));
#5747=DIRECTION('',(0.E0,-1.E0,0.E0));
#5748=DIRECTION('',(1.E0,0.E0,0.E0));
#5749=AXIS2_PLACEMENT_3D('',#5746,#5747,#5748);
#5750=PLANE('',#5749);
#5752=ORIENTED_EDGE('',*,*,#5751,.F.);
#5753=ORIENTED_EDGE('',*,*,#5281,.F.);
#5754=ORIENTED_EDGE('',*,*,#5391,.T.);
#5755=ORIENTED_EDGE('',*,*,#5708,.F.);
#5757=ORIENTED_EDGE('',*,*,#5756,.T.);
#5758=EDGE_LOOP('',(#5752,#5753,#5754,#5755,#5757));
#5759=FACE_OUTER_BOUND('',#5758,.F.);
#5760=ADVANCED_FACE('',(#5759),#5750,.F.);
#5761=CARTESIAN_POINT('',(1.28E1,3.9E0,5.43E0));
#5762=DIRECTION('',(0.E0,0.E0,-1.E0));
#5763=DIRECTION('',(1.E0,0.E0,0.E0));
#5764=AXIS2_PLACEMENT_3D('',#5761,#5762,#5763);
#5765=PLANE('',#5764);
#5767=ORIENTED_EDGE('',*,*,#5766,.F.);
#5768=ORIENTED_EDGE('',*,*,#5735,.T.);
#5769=ORIENTED_EDGE('',*,*,#5091,.F.);
#5770=ORIENTED_EDGE('',*,*,#5162,.T.);
#5772=ORIENTED_EDGE('',*,*,#5771,.F.);
#5774=ORIENTED_EDGE('',*,*,#5773,.T.);
#5775=ORIENTED_EDGE('',*,*,#5115,.T.);
#5777=ORIENTED_EDGE('',*,*,#5776,.F.);
#5778=EDGE_LOOP('',(#5767,#5768,#5769,#5770,#5772,#5774,#5775,#5777));
#5779=FACE_OUTER_BOUND('',#5778,.F.);
#5780=ADVANCED_FACE('',(#5779),#5765,.F.);
#5781=CARTESIAN_POINT('',(1.28E1,3.9E0,5.43E0));
#5782=DIRECTION('',(0.E0,0.E0,-1.E0));
#5783=DIRECTION('',(1.E0,0.E0,0.E0));
#5784=AXIS2_PLACEMENT_3D('',#5781,#5782,#5783);
#5785=PLANE('',#5784);
#5787=ORIENTED_EDGE('',*,*,#5786,.F.);
#5789=ORIENTED_EDGE('',*,*,#5788,.F.);
#5790=ORIENTED_EDGE('',*,*,#5305,.T.);
#5792=ORIENTED_EDGE('',*,*,#5791,.T.);
#5794=ORIENTED_EDGE('',*,*,#5793,.T.);
#5796=ORIENTED_EDGE('',*,*,#5795,.T.);
#5797=ORIENTED_EDGE('',*,*,#5283,.F.);
#5798=ORIENTED_EDGE('',*,*,#5751,.T.);
#5799=EDGE_LOOP('',(#5787,#5789,#5790,#5792,#5794,#5796,#5797,#5798));
#5800=FACE_OUTER_BOUND('',#5799,.F.);
#5801=ADVANCED_FACE('',(#5800),#5785,.F.);
#5802=CARTESIAN_POINT('',(-1.28E1,3.9E0,5.43E0));
#5803=DIRECTION('',(-3.205961743169E-1,0.E0,-9.472159695726E-1));
#5804=DIRECTION('',(9.472159695726E-1,0.E0,-3.205961743169E-1));
#5805=AXIS2_PLACEMENT_3D('',#5802,#5803,#5804);
#5806=PLANE('',#5805);
#5807=ORIENTED_EDGE('',*,*,#5766,.T.);
#5809=ORIENTED_EDGE('',*,*,#5808,.F.);
#5811=ORIENTED_EDGE('',*,*,#5810,.T.);
#5812=ORIENTED_EDGE('',*,*,#5737,.F.);
#5813=EDGE_LOOP('',(#5807,#5809,#5811,#5812));
#5814=FACE_OUTER_BOUND('',#5813,.F.);
#5815=ADVANCED_FACE('',(#5814),#5806,.F.);
#5816=CARTESIAN_POINT('',(-1.02E1,3.9E0,7.05E0));
#5817=DIRECTION('',(1.146241079851E-1,9.934089358711E-1,0.E0));
#5818=DIRECTION('',(-9.934089358711E-1,1.146241079851E-1,0.E0));
#5819=AXIS2_PLACEMENT_3D('',#5816,#5817,#5818);
#5820=PLANE('',#5819);
#5822=ORIENTED_EDGE('',*,*,#5821,.T.);
#5823=ORIENTED_EDGE('',*,*,#5808,.T.);
#5825=ORIENTED_EDGE('',*,*,#5824,.F.);
#5826=EDGE_LOOP('',(#5822,#5823,#5825));
#5827=FACE_OUTER_BOUND('',#5826,.F.);
#5828=ADVANCED_FACE('',(#5827),#5820,.F.);
#5829=CARTESIAN_POINT('',(-1.15E1,0.E0,5.8E0));
#5830=DIRECTION('',(-6.931087162518E-1,0.E0,-7.208330649019E-1));
#5831=DIRECTION('',(0.E0,-1.E0,0.E0));
#5832=AXIS2_PLACEMENT_3D('',#5829,#5830,#5831);
#5833=PLANE('',#5832);
#5834=ORIENTED_EDGE('',*,*,#5739,.F.);
#5836=ORIENTED_EDGE('',*,*,#5835,.T.);
#5838=ORIENTED_EDGE('',*,*,#5837,.T.);
#5839=ORIENTED_EDGE('',*,*,#5385,.F.);
#5840=EDGE_LOOP('',(#5834,#5836,#5838,#5839));
#5841=FACE_OUTER_BOUND('',#5840,.F.);
#5842=ADVANCED_FACE('',(#5841),#5833,.F.);
#5843=CARTESIAN_POINT('',(-1.15E1,0.E0,5.8E0));
#5844=DIRECTION('',(-6.931087162518E-1,0.E0,-7.208330649019E-1));
#5845=DIRECTION('',(0.E0,-1.E0,0.E0));
#5846=AXIS2_PLACEMENT_3D('',#5843,#5844,#5845);
#5847=PLANE('',#5846);
#5848=ORIENTED_EDGE('',*,*,#5691,.F.);
#5849=ORIENTED_EDGE('',*,*,#5821,.F.);
#5850=ORIENTED_EDGE('',*,*,#5343,.F.);
#5851=EDGE_LOOP('',(#5848,#5849,#5850));
#5852=FACE_OUTER_BOUND('',#5851,.F.);
#5853=ADVANCED_FACE('',(#5852),#5847,.F.);
#5854=CARTESIAN_POINT('',(-1.02E1,0.E0,4.05E0));
#5855=DIRECTION('',(-1.E0,0.E0,0.E0));
#5856=DIRECTION('',(0.E0,-1.E0,0.E0));
#5857=AXIS2_PLACEMENT_3D('',#5854,#5855,#5856);
#5858=PLANE('',#5857);
#5859=ORIENTED_EDGE('',*,*,#5810,.F.);
#5861=ORIENTED_EDGE('',*,*,#5860,.T.);
#5863=ORIENTED_EDGE('',*,*,#5862,.T.);
#5865=ORIENTED_EDGE('',*,*,#5864,.F.);
#5867=ORIENTED_EDGE('',*,*,#5866,.T.);
#5869=ORIENTED_EDGE('',*,*,#5868,.T.);
#5871=ORIENTED_EDGE('',*,*,#5870,.T.);
#5873=ORIENTED_EDGE('',*,*,#5872,.F.);
#5874=ORIENTED_EDGE('',*,*,#5835,.F.);
#5875=EDGE_LOOP('',(#5859,#5861,#5863,#5865,#5867,#5869,#5871,#5873,#5874));
#5876=FACE_OUTER_BOUND('',#5875,.F.);
#5877=ADVANCED_FACE('',(#5876),#5858,.F.);
#5878=CARTESIAN_POINT('',(0.E0,3.9E0,4.05E0));
#5879=DIRECTION('',(0.E0,1.E0,0.E0));
#5880=DIRECTION('',(-1.E0,0.E0,0.E0));
#5881=AXIS2_PLACEMENT_3D('',#5878,#5879,#5880);
#5882=PLANE('',#5881);
#5884=ORIENTED_EDGE('',*,*,#5883,.T.);
#5886=ORIENTED_EDGE('',*,*,#5885,.T.);
#5888=ORIENTED_EDGE('',*,*,#5887,.T.);
#5890=ORIENTED_EDGE('',*,*,#5889,.F.);
#5892=ORIENTED_EDGE('',*,*,#5891,.T.);
#5894=ORIENTED_EDGE('',*,*,#5893,.T.);
#5896=ORIENTED_EDGE('',*,*,#5895,.T.);
#5898=ORIENTED_EDGE('',*,*,#5897,.F.);
#5900=ORIENTED_EDGE('',*,*,#5899,.T.);
#5902=ORIENTED_EDGE('',*,*,#5901,.T.);
#5904=ORIENTED_EDGE('',*,*,#5903,.T.);
#5905=ORIENTED_EDGE('',*,*,#5860,.F.);
#5906=ORIENTED_EDGE('',*,*,#5689,.F.);
#5908=ORIENTED_EDGE('',*,*,#5907,.T.);
#5910=ORIENTED_EDGE('',*,*,#5909,.T.);
#5912=ORIENTED_EDGE('',*,*,#5911,.F.);
#5914=ORIENTED_EDGE('',*,*,#5913,.T.);
#5916=ORIENTED_EDGE('',*,*,#5915,.T.);
#5918=ORIENTED_EDGE('',*,*,#5917,.T.);
#5920=ORIENTED_EDGE('',*,*,#5919,.F.);
#5921=EDGE_LOOP('',(#5884,#5886,#5888,#5890,#5892,#5894,#5896,#5898,#5900,#5902,
#5904,#5905,#5906,#5908,#5910,#5912,#5914,#5916,#5918,#5920));
#5922=FACE_OUTER_BOUND('',#5921,.F.);
#5923=ADVANCED_FACE('',(#5922),#5882,.F.);
#5924=CARTESIAN_POINT('',(-1.38E1,7.5E0,3.55E0));
#5925=DIRECTION('',(0.E0,0.E0,1.E0));
#5926=DIRECTION('',(1.E0,0.E0,0.E0));
#5927=AXIS2_PLACEMENT_3D('',#5924,#5925,#5926);
#5928=PLANE('',#5927);
#5930=ORIENTED_EDGE('',*,*,#5929,.T.);
#5932=ORIENTED_EDGE('',*,*,#5931,.T.);
#5934=ORIENTED_EDGE('',*,*,#5933,.F.);
#5935=ORIENTED_EDGE('',*,*,#5913,.F.);
#5937=ORIENTED_EDGE('',*,*,#5936,.T.);
#5939=ORIENTED_EDGE('',*,*,#5938,.T.);
#5941=ORIENTED_EDGE('',*,*,#5940,.F.);
#5943=ORIENTED_EDGE('',*,*,#5942,.T.);
#5945=ORIENTED_EDGE('',*,*,#5944,.F.);
#5947=ORIENTED_EDGE('',*,*,#5946,.T.);
#5949=ORIENTED_EDGE('',*,*,#5948,.T.);
#5951=ORIENTED_EDGE('',*,*,#5950,.F.);
#5953=ORIENTED_EDGE('',*,*,#5952,.T.);
#5955=ORIENTED_EDGE('',*,*,#5954,.T.);
#5957=ORIENTED_EDGE('',*,*,#5956,.T.);
#5959=ORIENTED_EDGE('',*,*,#5958,.T.);
#5961=ORIENTED_EDGE('',*,*,#5960,.T.);
#5963=ORIENTED_EDGE('',*,*,#5962,.F.);
#5965=ORIENTED_EDGE('',*,*,#5964,.T.);
#5967=ORIENTED_EDGE('',*,*,#5966,.T.);
#5969=ORIENTED_EDGE('',*,*,#5968,.T.);
#5971=ORIENTED_EDGE('',*,*,#5970,.T.);
#5973=ORIENTED_EDGE('',*,*,#5972,.T.);
#5975=ORIENTED_EDGE('',*,*,#5974,.F.);
#5977=ORIENTED_EDGE('',*,*,#5976,.T.);
#5979=ORIENTED_EDGE('',*,*,#5978,.T.);
#5981=ORIENTED_EDGE('',*,*,#5980,.F.);
#5983=ORIENTED_EDGE('',*,*,#5982,.F.);
#5985=ORIENTED_EDGE('',*,*,#5984,.F.);
#5987=ORIENTED_EDGE('',*,*,#5986,.F.);
#5988=ORIENTED_EDGE('',*,*,#5866,.F.);
#5990=ORIENTED_EDGE('',*,*,#5989,.T.);
#5992=ORIENTED_EDGE('',*,*,#5991,.T.);
#5994=ORIENTED_EDGE('',*,*,#5993,.T.);
#5996=ORIENTED_EDGE('',*,*,#5995,.T.);
#5997=ORIENTED_EDGE('',*,*,#5899,.F.);
#5999=ORIENTED_EDGE('',*,*,#5998,.T.);
#6001=ORIENTED_EDGE('',*,*,#6000,.T.);
#6003=ORIENTED_EDGE('',*,*,#6002,.T.);
#6005=ORIENTED_EDGE('',*,*,#6004,.T.);
#6007=ORIENTED_EDGE('',*,*,#6006,.F.);
#6008=ORIENTED_EDGE('',*,*,#5891,.F.);
#6010=ORIENTED_EDGE('',*,*,#6009,.T.);
#6012=ORIENTED_EDGE('',*,*,#6011,.T.);
#6014=ORIENTED_EDGE('',*,*,#6013,.F.);
#6015=ORIENTED_EDGE('',*,*,#5883,.F.);
#6016=EDGE_LOOP('',(#5930,#5932,#5934,#5935,#5937,#5939,#5941,#5943,#5945,#5947,
#5949,#5951,#5953,#5955,#5957,#5959,#5961,#5963,#5965,#5967,#5969,#5971,#5973,
#5975,#5977,#5979,#5981,#5983,#5985,#5987,#5988,#5990,#5992,#5994,#5996,#5997,
#5999,#6001,#6003,#6005,#6007,#6008,#6010,#6012,#6014,#6015));
#6017=FACE_OUTER_BOUND('',#6016,.F.);
#6018=ADVANCED_FACE('',(#6017),#5928,.T.);
#6019=CARTESIAN_POINT('',(2.4E0,3.9E0,3.55E0));
#6020=DIRECTION('',(-1.E0,0.E0,0.E0));
#6021=DIRECTION('',(0.E0,-1.E0,0.E0));
#6022=AXIS2_PLACEMENT_3D('',#6019,#6020,#6021);
#6023=PLANE('',#6022);
#6024=ORIENTED_EDGE('',*,*,#5929,.F.);
#6025=ORIENTED_EDGE('',*,*,#5919,.T.);
#6027=ORIENTED_EDGE('',*,*,#6026,.T.);
#6029=ORIENTED_EDGE('',*,*,#6028,.F.);
#6030=EDGE_LOOP('',(#6024,#6025,#6027,#6029));
#6031=FACE_OUTER_BOUND('',#6030,.F.);
#6032=ADVANCED_FACE('',(#6031),#6023,.F.);
#6033=CARTESIAN_POINT('',(-1.38E1,7.5E0,-3.35E0));
#6034=DIRECTION('',(0.E0,0.E0,1.E0));
#6035=DIRECTION('',(1.E0,0.E0,0.E0));
#6036=AXIS2_PLACEMENT_3D('',#6033,#6034,#6035);
#6037=PLANE('',#6036);
#6038=ORIENTED_EDGE('',*,*,#5917,.F.);
#6040=ORIENTED_EDGE('',*,*,#6039,.F.);
#6042=ORIENTED_EDGE('',*,*,#6041,.F.);
#6043=ORIENTED_EDGE('',*,*,#6026,.F.);
#6044=EDGE_LOOP('',(#6038,#6040,#6042,#6043));
#6045=FACE_OUTER_BOUND('',#6044,.F.);
#6047=ORIENTED_EDGE('',*,*,#6046,.F.);
#6049=ORIENTED_EDGE('',*,*,#6048,.T.);
#6051=ORIENTED_EDGE('',*,*,#6050,.T.);
#6053=ORIENTED_EDGE('',*,*,#6052,.F.);
#6054=EDGE_LOOP('',(#6047,#6049,#6051,#6053));
#6055=FACE_BOUND('',#6054,.F.);
#6056=ADVANCED_FACE('',(#6045,#6055),#6037,.T.);
#6057=CARTESIAN_POINT('',(-1.38E1,7.5E0,-3.35E0));
#6058=DIRECTION('',(0.E0,0.E0,1.E0));
#6059=DIRECTION('',(1.E0,0.E0,0.E0));
#6060=AXIS2_PLACEMENT_3D('',#6057,#6058,#6059);
#6061=PLANE('',#6060);
#6063=ORIENTED_EDGE('',*,*,#6062,.F.);
#6065=ORIENTED_EDGE('',*,*,#6064,.F.);
#6067=ORIENTED_EDGE('',*,*,#6066,.F.);
#6069=ORIENTED_EDGE('',*,*,#6068,.F.);
#6071=ORIENTED_EDGE('',*,*,#6070,.F.);
#6073=ORIENTED_EDGE('',*,*,#6072,.F.);
#6074=EDGE_LOOP('',(#6063,#6065,#6067,#6069,#6071,#6073));
#6075=FACE_OUTER_BOUND('',#6074,.F.);
#6077=ORIENTED_EDGE('',*,*,#6076,.F.);
#6079=ORIENTED_EDGE('',*,*,#6078,.T.);
#6081=ORIENTED_EDGE('',*,*,#6080,.T.);
#6083=ORIENTED_EDGE('',*,*,#6082,.F.);
#6084=EDGE_LOOP('',(#6077,#6079,#6081,#6083));
#6085=FACE_BOUND('',#6084,.F.);
#6086=ADVANCED_FACE('',(#6075,#6085),#6061,.T.);
#6087=CARTESIAN_POINT('',(-1.38E1,7.5E0,-3.35E0));
#6088=DIRECTION('',(0.E0,0.E0,1.E0));
#6089=DIRECTION('',(1.E0,0.E0,0.E0));
#6090=AXIS2_PLACEMENT_3D('',#6087,#6088,#6089);
#6091=PLANE('',#6090);
#6092=ORIENTED_EDGE('',*,*,#5887,.F.);
#6094=ORIENTED_EDGE('',*,*,#6093,.F.);
#6096=ORIENTED_EDGE('',*,*,#6095,.F.);
#6098=ORIENTED_EDGE('',*,*,#6097,.F.);
#6099=EDGE_LOOP('',(#6092,#6094,#6096,#6098));
#6100=FACE_OUTER_BOUND('',#6099,.F.);
#6102=ORIENTED_EDGE('',*,*,#6101,.F.);
#6104=ORIENTED_EDGE('',*,*,#6103,.T.);
#6106=ORIENTED_EDGE('',*,*,#6105,.T.);
#6108=ORIENTED_EDGE('',*,*,#6107,.F.);
#6109=EDGE_LOOP('',(#6102,#6104,#6106,#6108));
#6110=FACE_BOUND('',#6109,.F.);
#6111=ADVANCED_FACE('',(#6100,#6110),#6091,.T.);
#6112=CARTESIAN_POINT('',(-1.38E1,7.5E0,-3.35E0));
#6113=DIRECTION('',(0.E0,0.E0,1.E0));
#6114=DIRECTION('',(1.E0,0.E0,0.E0));
#6115=AXIS2_PLACEMENT_3D('',#6112,#6113,#6114);
#6116=PLANE('',#6115);
#6118=ORIENTED_EDGE('',*,*,#6117,.F.);
#6120=ORIENTED_EDGE('',*,*,#6119,.F.);
#6122=ORIENTED_EDGE('',*,*,#6121,.F.);
#6124=ORIENTED_EDGE('',*,*,#6123,.F.);
#6126=ORIENTED_EDGE('',*,*,#6125,.F.);
#6128=ORIENTED_EDGE('',*,*,#6127,.F.);
#6129=EDGE_LOOP('',(#6118,#6120,#6122,#6124,#6126,#6128));
#6130=FACE_OUTER_BOUND('',#6129,.F.);
#6132=ORIENTED_EDGE('',*,*,#6131,.F.);
#6134=ORIENTED_EDGE('',*,*,#6133,.T.);
#6136=ORIENTED_EDGE('',*,*,#6135,.T.);
#6138=ORIENTED_EDGE('',*,*,#6137,.F.);
#6139=EDGE_LOOP('',(#6132,#6134,#6136,#6138));
#6140=FACE_BOUND('',#6139,.F.);
#6141=ADVANCED_FACE('',(#6130,#6140),#6116,.T.);
#6142=CARTESIAN_POINT('',(6.E0,3.E-1,3.55E0));
#6143=DIRECTION('',(1.E0,0.E0,0.E0));
#6144=DIRECTION('',(0.E0,1.E0,0.E0));
#6145=AXIS2_PLACEMENT_3D('',#6142,#6143,#6144);
#6146=PLANE('',#6145);
#6147=ORIENTED_EDGE('',*,*,#5933,.T.);
#6149=ORIENTED_EDGE('',*,*,#6148,.T.);
#6150=ORIENTED_EDGE('',*,*,#6039,.T.);
#6151=ORIENTED_EDGE('',*,*,#5915,.F.);
#6152=EDGE_LOOP('',(#6147,#6149,#6150,#6151));
#6153=FACE_OUTER_BOUND('',#6152,.F.);
#6154=ADVANCED_FACE('',(#6153),#6146,.F.);
#6155=CARTESIAN_POINT('',(2.4E0,3.E-1,3.55E0));
#6156=DIRECTION('',(0.E0,-1.E0,0.E0));
#6157=DIRECTION('',(1.E0,0.E0,0.E0));
#6158=AXIS2_PLACEMENT_3D('',#6155,#6156,#6157);
#6159=PLANE('',#6158);
#6160=ORIENTED_EDGE('',*,*,#5931,.F.);
#6161=ORIENTED_EDGE('',*,*,#6028,.T.);
#6162=ORIENTED_EDGE('',*,*,#6041,.T.);
#6163=ORIENTED_EDGE('',*,*,#6148,.F.);
#6164=EDGE_LOOP('',(#6160,#6161,#6162,#6163));
#6165=FACE_OUTER_BOUND('',#6164,.F.);
#6166=ADVANCED_FACE('',(#6165),#6159,.F.);
#6167=CARTESIAN_POINT('',(0.E0,-3.9E0,4.05E0));
#6168=DIRECTION('',(0.E0,-1.E0,0.E0));
#6169=DIRECTION('',(1.E0,0.E0,0.E0));
#6170=AXIS2_PLACEMENT_3D('',#6167,#6168,#6169);
#6171=PLANE('',#6170);
#6172=ORIENTED_EDGE('',*,*,#5974,.T.);
#6174=ORIENTED_EDGE('',*,*,#6173,.T.);
#6175=ORIENTED_EDGE('',*,*,#6123,.T.);
#6177=ORIENTED_EDGE('',*,*,#6176,.F.);
#6178=ORIENTED_EDGE('',*,*,#5962,.T.);
#6180=ORIENTED_EDGE('',*,*,#6179,.T.);
#6181=ORIENTED_EDGE('',*,*,#6062,.T.);
#6183=ORIENTED_EDGE('',*,*,#6182,.F.);
#6184=ORIENTED_EDGE('',*,*,#5950,.T.);
#6186=ORIENTED_EDGE('',*,*,#6185,.T.);
#6188=ORIENTED_EDGE('',*,*,#6187,.T.);
#6190=ORIENTED_EDGE('',*,*,#6189,.T.);
#6192=ORIENTED_EDGE('',*,*,#6191,.F.);
#6193=ORIENTED_EDGE('',*,*,#5872,.T.);
#6195=ORIENTED_EDGE('',*,*,#6194,.T.);
#6197=ORIENTED_EDGE('',*,*,#6196,.F.);
#6198=ORIENTED_EDGE('',*,*,#5982,.T.);
#6200=ORIENTED_EDGE('',*,*,#6199,.T.);
#6202=ORIENTED_EDGE('',*,*,#6201,.T.);
#6204=ORIENTED_EDGE('',*,*,#6203,.F.);
#6205=EDGE_LOOP('',(#6172,#6174,#6175,#6177,#6178,#6180,#6181,#6183,#6184,#6186,
#6188,#6190,#6192,#6193,#6195,#6197,#6198,#6200,#6202,#6204));
#6206=FACE_OUTER_BOUND('',#6205,.F.);
#6207=ADVANCED_FACE('',(#6206),#6171,.F.);
#6208=CARTESIAN_POINT('',(-1.8E0,-3.1E0,3.55E0));
#6209=DIRECTION('',(-7.071067811865E-1,-7.071067811865E-1,0.E0));
#6210=DIRECTION('',(7.071067811865E-1,-7.071067811865E-1,0.E0));
#6211=AXIS2_PLACEMENT_3D('',#6208,#6209,#6210);
#6212=PLANE('',#6211);
#6213=ORIENTED_EDGE('',*,*,#5972,.F.);
#6215=ORIENTED_EDGE('',*,*,#6214,.T.);
#6216=ORIENTED_EDGE('',*,*,#6125,.T.);
#6217=ORIENTED_EDGE('',*,*,#6173,.F.);
#6218=EDGE_LOOP('',(#6213,#6215,#6216,#6217));
#6219=FACE_OUTER_BOUND('',#6218,.F.);
#6220=ADVANCED_FACE('',(#6219),#6212,.F.);
#6221=CARTESIAN_POINT('',(-1.8E0,-3.E-1,3.55E0));
#6222=DIRECTION('',(-1.E0,0.E0,0.E0));
#6223=DIRECTION('',(0.E0,-1.E0,0.E0));
#6224=AXIS2_PLACEMENT_3D('',#6221,#6222,#6223);
#6225=PLANE('',#6224);
#6226=ORIENTED_EDGE('',*,*,#5970,.F.);
#6228=ORIENTED_EDGE('',*,*,#6227,.T.);
#6229=ORIENTED_EDGE('',*,*,#6127,.T.);
#6230=ORIENTED_EDGE('',*,*,#6214,.F.);
#6231=EDGE_LOOP('',(#6226,#6228,#6229,#6230));
#6232=FACE_OUTER_BOUND('',#6231,.F.);
#6233=ADVANCED_FACE('',(#6232),#6225,.F.);
#6234=CARTESIAN_POINT('',(1.8E0,-3.E-1,3.55E0));
#6235=DIRECTION('',(0.E0,1.E0,0.E0));
#6236=DIRECTION('',(-1.E0,0.E0,0.E0));
#6237=AXIS2_PLACEMENT_3D('',#6234,#6235,#6236);
#6238=PLANE('',#6237);
#6239=ORIENTED_EDGE('',*,*,#5968,.F.);
#6241=ORIENTED_EDGE('',*,*,#6240,.T.);
#6242=ORIENTED_EDGE('',*,*,#6117,.T.);
#6243=ORIENTED_EDGE('',*,*,#6227,.F.);
#6244=EDGE_LOOP('',(#6239,#6241,#6242,#6243));
#6245=FACE_OUTER_BOUND('',#6244,.F.);
#6246=ADVANCED_FACE('',(#6245),#6238,.F.);
#6247=CARTESIAN_POINT('',(1.8E0,-3.1E0,3.55E0));
#6248=DIRECTION('',(1.E0,0.E0,0.E0));
#6249=DIRECTION('',(0.E0,1.E0,0.E0));
#6250=AXIS2_PLACEMENT_3D('',#6247,#6248,#6249);
#6251=PLANE('',#6250);
#6252=ORIENTED_EDGE('',*,*,#5966,.F.);
#6254=ORIENTED_EDGE('',*,*,#6253,.T.);
#6255=ORIENTED_EDGE('',*,*,#6119,.T.);
#6256=ORIENTED_EDGE('',*,*,#6240,.F.);
#6257=EDGE_LOOP('',(#6252,#6254,#6255,#6256));
#6258=FACE_OUTER_BOUND('',#6257,.F.);
#6259=ADVANCED_FACE('',(#6258),#6251,.F.);
#6260=CARTESIAN_POINT('',(1.E0,-3.9E0,3.55E0));
#6261=DIRECTION('',(7.071067811865E-1,-7.071067811865E-1,0.E0));
#6262=DIRECTION('',(7.071067811865E-1,7.071067811865E-1,0.E0));
#6263=AXIS2_PLACEMENT_3D('',#6260,#6261,#6262);
#6264=PLANE('',#6263);
#6265=ORIENTED_EDGE('',*,*,#5964,.F.);
#6266=ORIENTED_EDGE('',*,*,#6176,.T.);
#6267=ORIENTED_EDGE('',*,*,#6121,.T.);
#6268=ORIENTED_EDGE('',*,*,#6253,.F.);
#6269=EDGE_LOOP('',(#6265,#6266,#6267,#6268));
#6270=FACE_OUTER_BOUND('',#6269,.F.);
#6271=ADVANCED_FACE('',(#6270),#6264,.F.);
#6272=CARTESIAN_POINT('',(2.4E0,-3.1E0,3.55E0));
#6273=DIRECTION('',(-7.071067811865E-1,-7.071067811865E-1,0.E0));
#6274=DIRECTION('',(7.071067811865E-1,-7.071067811865E-1,0.E0));
#6275=AXIS2_PLACEMENT_3D('',#6272,#6273,#6274);
#6276=PLANE('',#6275);
#6277=ORIENTED_EDGE('',*,*,#5960,.F.);
#6279=ORIENTED_EDGE('',*,*,#6278,.T.);
#6280=ORIENTED_EDGE('',*,*,#6064,.T.);
#6281=ORIENTED_EDGE('',*,*,#6179,.F.);
#6282=EDGE_LOOP('',(#6277,#6279,#6280,#6281));
#6283=FACE_OUTER_BOUND('',#6282,.F.);
#6284=ADVANCED_FACE('',(#6283),#6276,.F.);
#6285=CARTESIAN_POINT('',(2.4E0,-3.E-1,3.55E0));
#6286=DIRECTION('',(-1.E0,0.E0,0.E0));
#6287=DIRECTION('',(0.E0,-1.E0,0.E0));
#6288=AXIS2_PLACEMENT_3D('',#6285,#6286,#6287);
#6289=PLANE('',#6288);
#6290=ORIENTED_EDGE('',*,*,#5958,.F.);
#6292=ORIENTED_EDGE('',*,*,#6291,.T.);
#6293=ORIENTED_EDGE('',*,*,#6066,.T.);
#6294=ORIENTED_EDGE('',*,*,#6278,.F.);
#6295=EDGE_LOOP('',(#6290,#6292,#6293,#6294));
#6296=FACE_OUTER_BOUND('',#6295,.F.);
#6297=ADVANCED_FACE('',(#6296),#6289,.F.);
#6298=CARTESIAN_POINT('',(6.E0,-3.E-1,3.55E0));
#6299=DIRECTION('',(0.E0,1.E0,0.E0));
#6300=DIRECTION('',(-1.E0,0.E0,0.E0));
#6301=AXIS2_PLACEMENT_3D('',#6298,#6299,#6300);
#6302=PLANE('',#6301);
#6303=ORIENTED_EDGE('',*,*,#5956,.F.);
#6305=ORIENTED_EDGE('',*,*,#6304,.T.);
#6306=ORIENTED_EDGE('',*,*,#6068,.T.);
#6307=ORIENTED_EDGE('',*,*,#6291,.F.);
#6308=EDGE_LOOP('',(#6303,#6305,#6306,#6307));
#6309=FACE_OUTER_BOUND('',#6308,.F.);
#6310=ADVANCED_FACE('',(#6309),#6302,.F.);
#6311=CARTESIAN_POINT('',(6.E0,-3.1E0,3.55E0));
#6312=DIRECTION('',(1.E0,0.E0,0.E0));
#6313=DIRECTION('',(0.E0,1.E0,0.E0));
#6314=AXIS2_PLACEMENT_3D('',#6311,#6312,#6313);
#6315=PLANE('',#6314);
#6316=ORIENTED_EDGE('',*,*,#5954,.F.);
#6318=ORIENTED_EDGE('',*,*,#6317,.T.);
#6319=ORIENTED_EDGE('',*,*,#6070,.T.);
#6320=ORIENTED_EDGE('',*,*,#6304,.F.);
#6321=EDGE_LOOP('',(#6316,#6318,#6319,#6320));
#6322=FACE_OUTER_BOUND('',#6321,.F.);
#6323=ADVANCED_FACE('',(#6322),#6315,.F.);
#6324=CARTESIAN_POINT('',(5.2E0,-3.9E0,3.55E0));
#6325=DIRECTION('',(7.071067811865E-1,-7.071067811865E-1,0.E0));
#6326=DIRECTION('',(7.071067811865E-1,7.071067811865E-1,0.E0));
#6327=AXIS2_PLACEMENT_3D('',#6324,#6325,#6326);
#6328=PLANE('',#6327);
#6329=ORIENTED_EDGE('',*,*,#5952,.F.);
#6330=ORIENTED_EDGE('',*,*,#6182,.T.);
#6331=ORIENTED_EDGE('',*,*,#6072,.T.);
#6332=ORIENTED_EDGE('',*,*,#6317,.F.);
#6333=EDGE_LOOP('',(#6329,#6330,#6331,#6332));
#6334=FACE_OUTER_BOUND('',#6333,.F.);
#6335=ADVANCED_FACE('',(#6334),#6328,.F.);
#6336=CARTESIAN_POINT('',(6.6E0,-3.E-1,3.55E0));
#6337=DIRECTION('',(-1.E0,0.E0,0.E0));
#6338=DIRECTION('',(0.E0,-1.E0,0.E0));
#6339=AXIS2_PLACEMENT_3D('',#6336,#6337,#6338);
#6340=PLANE('',#6339);
#6341=ORIENTED_EDGE('',*,*,#5948,.F.);
#6343=ORIENTED_EDGE('',*,*,#6342,.T.);
#6345=ORIENTED_EDGE('',*,*,#6344,.T.);
#6346=ORIENTED_EDGE('',*,*,#6185,.F.);
#6347=EDGE_LOOP('',(#6341,#6343,#6345,#6346));
#6348=FACE_OUTER_BOUND('',#6347,.F.);
#6349=ADVANCED_FACE('',(#6348),#6340,.F.);
#6350=CARTESIAN_POINT('',(1.02E1,-3.E-1,3.55E0));
#6351=DIRECTION('',(0.E0,1.E0,0.E0));
#6352=DIRECTION('',(-1.E0,0.E0,0.E0));
#6353=AXIS2_PLACEMENT_3D('',#6350,#6351,#6352);
#6354=PLANE('',#6353);
#6355=ORIENTED_EDGE('',*,*,#5946,.F.);
#6357=ORIENTED_EDGE('',*,*,#6356,.T.);
#6359=ORIENTED_EDGE('',*,*,#6358,.T.);
#6360=ORIENTED_EDGE('',*,*,#6342,.F.);
#6361=EDGE_LOOP('',(#6355,#6357,#6359,#6360));
#6362=FACE_OUTER_BOUND('',#6361,.F.);
#6363=ADVANCED_FACE('',(#6362),#6354,.F.);
#6364=CARTESIAN_POINT('',(1.02E1,0.E0,4.05E0));
#6365=DIRECTION('',(1.E0,0.E0,0.E0));
#6366=DIRECTION('',(0.E0,1.E0,0.E0));
#6367=AXIS2_PLACEMENT_3D('',#6364,#6365,#6366);
#6368=PLANE('',#6367);
#6370=ORIENTED_EDGE('',*,*,#6369,.T.);
#6371=ORIENTED_EDGE('',*,*,#5713,.F.);
#6372=ORIENTED_EDGE('',*,*,#6189,.F.);
#6374=ORIENTED_EDGE('',*,*,#6373,.T.);
#6375=ORIENTED_EDGE('',*,*,#6356,.F.);
#6376=ORIENTED_EDGE('',*,*,#5944,.T.);
#6378=ORIENTED_EDGE('',*,*,#6377,.T.);
#6380=ORIENTED_EDGE('',*,*,#6379,.T.);
#6381=ORIENTED_EDGE('',*,*,#5907,.F.);
#6382=EDGE_LOOP('',(#6370,#6371,#6372,#6374,#6375,#6376,#6378,#6380,#6381));
#6383=FACE_OUTER_BOUND('',#6382,.F.);
#6384=ADVANCED_FACE('',(#6383),#6368,.F.);
#6385=CARTESIAN_POINT('',(1.02E1,3.9E0,4.55E0));
#6386=DIRECTION('',(3.205961743169E-1,0.E0,-9.472159695726E-1));
#6387=DIRECTION('',(9.472159695726E-1,0.E0,3.205961743169E-1));
#6388=AXIS2_PLACEMENT_3D('',#6385,#6386,#6387);
#6389=PLANE('',#6388);
#6390=ORIENTED_EDGE('',*,*,#6369,.F.);
#6392=ORIENTED_EDGE('',*,*,#6391,.F.);
#6393=ORIENTED_EDGE('',*,*,#5786,.T.);
#6394=ORIENTED_EDGE('',*,*,#5756,.F.);
#6395=EDGE_LOOP('',(#6390,#6392,#6393,#6394));
#6396=FACE_OUTER_BOUND('',#6395,.F.);
#6397=ADVANCED_FACE('',(#6396),#6389,.F.);
#6398=CARTESIAN_POINT('',(1.28E1,4.2E0,7.05E0));
#6399=DIRECTION('',(-1.146241079851E-1,9.934089358711E-1,0.E0));
#6400=DIRECTION('',(-9.934089358711E-1,-1.146241079851E-1,0.E0));
#6401=AXIS2_PLACEMENT_3D('',#6398,#6399,#6400);
#6402=PLANE('',#6401);
#6404=ORIENTED_EDGE('',*,*,#6403,.T.);
#6405=ORIENTED_EDGE('',*,*,#6391,.T.);
#6406=ORIENTED_EDGE('',*,*,#5723,.T.);
#6407=EDGE_LOOP('',(#6404,#6405,#6406));
#6408=FACE_OUTER_BOUND('',#6407,.F.);
#6409=ADVANCED_FACE('',(#6408),#6402,.F.);
#6410=CARTESIAN_POINT('',(1.38E1,4.2E0,7.05E0));
#6411=DIRECTION('',(0.E0,1.E0,0.E0));
#6412=DIRECTION('',(-1.E0,0.E0,0.E0));
#6413=AXIS2_PLACEMENT_3D('',#6410,#6411,#6412);
#6414=PLANE('',#6413);
#6415=ORIENTED_EDGE('',*,*,#5788,.T.);
#6416=ORIENTED_EDGE('',*,*,#6403,.F.);
#6417=ORIENTED_EDGE('',*,*,#5359,.F.);
#6418=ORIENTED_EDGE('',*,*,#5307,.T.);
#6419=EDGE_LOOP('',(#6415,#6416,#6417,#6418));
#6420=FACE_OUTER_BOUND('',#6419,.F.);
#6421=ADVANCED_FACE('',(#6420),#6414,.F.);
#6422=CARTESIAN_POINT('',(-1.38E1,7.5E0,-3.35E0));
#6423=DIRECTION('',(0.E0,0.E0,1.E0));
#6424=DIRECTION('',(1.E0,0.E0,0.E0));
#6425=AXIS2_PLACEMENT_3D('',#6422,#6423,#6424);
#6426=PLANE('',#6425);
#6428=ORIENTED_EDGE('',*,*,#6427,.F.);
#6429=ORIENTED_EDGE('',*,*,#5909,.F.);
#6430=ORIENTED_EDGE('',*,*,#6379,.F.);
#6432=ORIENTED_EDGE('',*,*,#6431,.F.);
#6434=ORIENTED_EDGE('',*,*,#6433,.F.);
#6436=ORIENTED_EDGE('',*,*,#6435,.F.);
#6437=EDGE_LOOP('',(#6428,#6429,#6430,#6432,#6434,#6436));
#6438=FACE_OUTER_BOUND('',#6437,.F.);
#6440=ORIENTED_EDGE('',*,*,#6439,.F.);
#6442=ORIENTED_EDGE('',*,*,#6441,.T.);
#6444=ORIENTED_EDGE('',*,*,#6443,.T.);
#6446=ORIENTED_EDGE('',*,*,#6445,.F.);
#6447=EDGE_LOOP('',(#6440,#6442,#6444,#6446));
#6448=FACE_BOUND('',#6447,.F.);
#6449=ADVANCED_FACE('',(#6438,#6448),#6426,.T.);
#6450=CARTESIAN_POINT('',(-1.38E1,7.5E0,-3.35E0));
#6451=DIRECTION('',(0.E0,0.E0,1.E0));
#6452=DIRECTION('',(1.E0,0.E0,0.E0));
#6453=AXIS2_PLACEMENT_3D('',#6450,#6451,#6452);
#6454=PLANE('',#6453);
#6455=ORIENTED_EDGE('',*,*,#6344,.F.);
#6456=ORIENTED_EDGE('',*,*,#6358,.F.);
#6457=ORIENTED_EDGE('',*,*,#6373,.F.);
#6458=ORIENTED_EDGE('',*,*,#6187,.F.);
#6459=EDGE_LOOP('',(#6455,#6456,#6457,#6458));
#6460=FACE_OUTER_BOUND('',#6459,.F.);
#6462=ORIENTED_EDGE('',*,*,#6461,.F.);
#6464=ORIENTED_EDGE('',*,*,#6463,.T.);
#6466=ORIENTED_EDGE('',*,*,#6465,.T.);
#6468=ORIENTED_EDGE('',*,*,#6467,.F.);
#6469=EDGE_LOOP('',(#6462,#6464,#6466,#6468));
#6470=FACE_BOUND('',#6469,.F.);
#6471=ADVANCED_FACE('',(#6460,#6470),#6454,.T.);
#6472=CARTESIAN_POINT('',(6.6E0,3.9E0,3.55E0));
#6473=DIRECTION('',(-1.E0,0.E0,0.E0));
#6474=DIRECTION('',(0.E0,-1.E0,0.E0));
#6475=AXIS2_PLACEMENT_3D('',#6472,#6473,#6474);
#6476=PLANE('',#6475);
#6477=ORIENTED_EDGE('',*,*,#5936,.F.);
#6478=ORIENTED_EDGE('',*,*,#5911,.T.);
#6479=ORIENTED_EDGE('',*,*,#6427,.T.);
#6481=ORIENTED_EDGE('',*,*,#6480,.F.);
#6482=EDGE_LOOP('',(#6477,#6478,#6479,#6481));
#6483=FACE_OUTER_BOUND('',#6482,.F.);
#6484=ADVANCED_FACE('',(#6483),#6476,.F.);
#6485=CARTESIAN_POINT('',(6.6E0,1.1E0,3.55E0));
#6486=DIRECTION('',(-7.071067811865E-1,-7.071067811866E-1,0.E0));
#6487=DIRECTION('',(7.071067811866E-1,-7.071067811865E-1,0.E0));
#6488=AXIS2_PLACEMENT_3D('',#6485,#6486,#6487);
#6489=PLANE('',#6488);
#6490=ORIENTED_EDGE('',*,*,#5938,.F.);
#6491=ORIENTED_EDGE('',*,*,#6480,.T.);
#6492=ORIENTED_EDGE('',*,*,#6435,.T.);
#6494=ORIENTED_EDGE('',*,*,#6493,.F.);
#6495=EDGE_LOOP('',(#6490,#6491,#6492,#6494));
#6496=FACE_OUTER_BOUND('',#6495,.F.);
#6497=ADVANCED_FACE('',(#6496),#6489,.F.);
#6498=CARTESIAN_POINT('',(7.4E0,3.E-1,3.55E0));
#6499=DIRECTION('',(0.E0,-1.E0,0.E0));
#6500=DIRECTION('',(1.E0,0.E0,0.E0));
#6501=AXIS2_PLACEMENT_3D('',#6498,#6499,#6500);
#6502=PLANE('',#6501);
#6503=ORIENTED_EDGE('',*,*,#5940,.T.);
#6504=ORIENTED_EDGE('',*,*,#6493,.T.);
#6505=ORIENTED_EDGE('',*,*,#6433,.T.);
#6507=ORIENTED_EDGE('',*,*,#6506,.F.);
#6508=EDGE_LOOP('',(#6503,#6504,#6505,#6507));
#6509=FACE_OUTER_BOUND('',#6508,.F.);
#6510=ADVANCED_FACE('',(#6509),#6502,.F.);
#6511=CARTESIAN_POINT('',(9.4E0,3.E-1,3.55E0));
#6512=DIRECTION('',(7.071067811866E-1,-7.071067811865E-1,0.E0));
#6513=DIRECTION('',(7.071067811865E-1,7.071067811866E-1,0.E0));
#6514=AXIS2_PLACEMENT_3D('',#6511,#6512,#6513);
#6515=PLANE('',#6514);
#6516=ORIENTED_EDGE('',*,*,#5942,.F.);
#6517=ORIENTED_EDGE('',*,*,#6506,.T.);
#6518=ORIENTED_EDGE('',*,*,#6431,.T.);
#6519=ORIENTED_EDGE('',*,*,#6377,.F.);
#6520=EDGE_LOOP('',(#6516,#6517,#6518,#6519));
#6521=FACE_OUTER_BOUND('',#6520,.F.);
#6522=ADVANCED_FACE('',(#6521),#6515,.F.);
#6523=CARTESIAN_POINT('',(7.83E0,0.E0,0.E0));
#6524=DIRECTION('',(1.E0,0.E0,0.E0));
#6525=DIRECTION('',(0.E0,0.E0,-1.E0));
#6526=AXIS2_PLACEMENT_3D('',#6523,#6524,#6525);
#6527=PLANE('',#6526);
#6529=ORIENTED_EDGE('',*,*,#6528,.T.);
#6530=ORIENTED_EDGE('',*,*,#6439,.T.);
#6532=ORIENTED_EDGE('',*,*,#6531,.T.);
#6534=ORIENTED_EDGE('',*,*,#6533,.T.);
#6535=EDGE_LOOP('',(#6529,#6530,#6532,#6534));
#6536=FACE_OUTER_BOUND('',#6535,.F.);
#6537=ADVANCED_FACE('',(#6536),#6527,.F.);
#6538=CARTESIAN_POINT('',(7.83E0,0.E0,0.E0));
#6539=DIRECTION('',(1.E0,0.E0,0.E0));
#6540=DIRECTION('',(0.E0,0.E0,-1.E0));
#6541=AXIS2_PLACEMENT_3D('',#6538,#6539,#6540);
#6542=PLANE('',#6541);
#6544=ORIENTED_EDGE('',*,*,#6543,.T.);
#6546=ORIENTED_EDGE('',*,*,#6545,.F.);
#6548=ORIENTED_EDGE('',*,*,#6547,.T.);
#6550=ORIENTED_EDGE('',*,*,#6549,.T.);
#6552=ORIENTED_EDGE('',*,*,#6551,.T.);
#6553=EDGE_LOOP('',(#6544,#6546,#6548,#6550,#6552));
#6554=FACE_OUTER_BOUND('',#6553,.F.);
#6555=ADVANCED_FACE('',(#6554),#6542,.F.);
#6556=CARTESIAN_POINT('',(7.83E0,0.E0,0.E0));
#6557=DIRECTION('',(1.E0,0.E0,0.E0));
#6558=DIRECTION('',(0.E0,0.E0,-1.E0));
#6559=AXIS2_PLACEMENT_3D('',#6556,#6557,#6558);
#6560=PLANE('',#6559);
#6562=ORIENTED_EDGE('',*,*,#6561,.T.);
#6563=ORIENTED_EDGE('',*,*,#6461,.T.);
#6565=ORIENTED_EDGE('',*,*,#6564,.T.);
#6567=ORIENTED_EDGE('',*,*,#6566,.T.);
#6568=EDGE_LOOP('',(#6562,#6563,#6565,#6567));
#6569=FACE_OUTER_BOUND('',#6568,.F.);
#6570=ADVANCED_FACE('',(#6569),#6560,.F.);
#6571=CARTESIAN_POINT('',(7.83E0,0.E0,0.E0));
#6572=DIRECTION('',(1.E0,0.E0,0.E0));
#6573=DIRECTION('',(0.E0,0.E0,-1.E0));
#6574=AXIS2_PLACEMENT_3D('',#6571,#6572,#6573);
#6575=PLANE('',#6574);
#6577=ORIENTED_EDGE('',*,*,#6576,.T.);
#6579=ORIENTED_EDGE('',*,*,#6578,.F.);
#6581=ORIENTED_EDGE('',*,*,#6580,.T.);
#6583=ORIENTED_EDGE('',*,*,#6582,.T.);
#6585=ORIENTED_EDGE('',*,*,#6584,.T.);
#6586=EDGE_LOOP('',(#6577,#6579,#6581,#6583,#6585));
#6587=FACE_OUTER_BOUND('',#6586,.F.);
#6588=ADVANCED_FACE('',(#6587),#6575,.F.);
#6589=CARTESIAN_POINT('',(7.83E0,1.73E0,2.15E0));
#6590=DIRECTION('',(0.E0,-1.E0,0.E0));
#6591=DIRECTION('',(0.E0,0.E0,-1.E0));
#6592=AXIS2_PLACEMENT_3D('',#6589,#6590,#6591);
#6593=PLANE('',#6592);
#6594=ORIENTED_EDGE('',*,*,#6528,.F.);
#6596=ORIENTED_EDGE('',*,*,#6595,.T.);
#6598=ORIENTED_EDGE('',*,*,#6597,.T.);
#6599=ORIENTED_EDGE('',*,*,#6441,.F.);
#6600=EDGE_LOOP('',(#6594,#6596,#6598,#6599));
#6601=FACE_OUTER_BOUND('',#6600,.F.);
#6602=ADVANCED_FACE('',(#6601),#6593,.T.);
#6603=CARTESIAN_POINT('',(7.83E0,2.87E0,2.15E0));
#6604=DIRECTION('',(0.E0,0.E0,1.E0));
#6605=DIRECTION('',(0.E0,-1.E0,0.E0));
#6606=AXIS2_PLACEMENT_3D('',#6603,#6604,#6605);
#6607=PLANE('',#6606);
#6608=ORIENTED_EDGE('',*,*,#6533,.F.);
#6610=ORIENTED_EDGE('',*,*,#6609,.T.);
#6612=ORIENTED_EDGE('',*,*,#6611,.T.);
#6613=ORIENTED_EDGE('',*,*,#6595,.F.);
#6614=EDGE_LOOP('',(#6608,#6610,#6612,#6613));
#6615=FACE_OUTER_BOUND('',#6614,.F.);
#6616=ADVANCED_FACE('',(#6615),#6607,.T.);
#6617=CARTESIAN_POINT('',(7.83E0,2.87E0,-3.35E0));
#6618=DIRECTION('',(0.E0,1.E0,0.E0));
#6619=DIRECTION('',(0.E0,0.E0,1.E0));
#6620=AXIS2_PLACEMENT_3D('',#6617,#6618,#6619);
#6621=PLANE('',#6620);
#6622=ORIENTED_EDGE('',*,*,#6445,.T.);
#6624=ORIENTED_EDGE('',*,*,#6623,.T.);
#6625=ORIENTED_EDGE('',*,*,#6609,.F.);
#6626=ORIENTED_EDGE('',*,*,#6531,.F.);
#6627=EDGE_LOOP('',(#6622,#6624,#6625,#6626));
#6628=FACE_OUTER_BOUND('',#6627,.F.);
#6629=ADVANCED_FACE('',(#6628),#6621,.T.);
#6630=CARTESIAN_POINT('',(8.97E0,0.E0,0.E0));
#6631=DIRECTION('',(1.E0,0.E0,0.E0));
#6632=DIRECTION('',(0.E0,0.E0,-1.E0));
#6633=AXIS2_PLACEMENT_3D('',#6630,#6631,#6632);
#6634=PLANE('',#6633);
#6635=ORIENTED_EDGE('',*,*,#6597,.F.);
#6636=ORIENTED_EDGE('',*,*,#6611,.F.);
#6637=ORIENTED_EDGE('',*,*,#6623,.F.);
#6638=ORIENTED_EDGE('',*,*,#6443,.F.);
#6639=EDGE_LOOP('',(#6635,#6636,#6637,#6638));
#6640=FACE_OUTER_BOUND('',#6639,.F.);
#6641=ADVANCED_FACE('',(#6640),#6634,.T.);
#6642=CARTESIAN_POINT('',(8.97E0,0.E0,0.E0));
#6643=DIRECTION('',(1.E0,0.E0,0.E0));
#6644=DIRECTION('',(0.E0,0.E0,-1.E0));
#6645=AXIS2_PLACEMENT_3D('',#6642,#6643,#6644);
#6646=PLANE('',#6645);
#6648=ORIENTED_EDGE('',*,*,#6647,.F.);
#6650=ORIENTED_EDGE('',*,*,#6649,.F.);
#6652=ORIENTED_EDGE('',*,*,#6651,.F.);
#6654=ORIENTED_EDGE('',*,*,#6653,.F.);
#6656=ORIENTED_EDGE('',*,*,#6655,.T.);
#6657=EDGE_LOOP('',(#6648,#6650,#6652,#6654,#6656));
#6658=FACE_OUTER_BOUND('',#6657,.F.);
#6659=ADVANCED_FACE('',(#6658),#6646,.T.);
#6660=CARTESIAN_POINT('',(8.97E0,0.E0,0.E0));
#6661=DIRECTION('',(1.E0,0.E0,0.E0));
#6662=DIRECTION('',(0.E0,0.E0,-1.E0));
#6663=AXIS2_PLACEMENT_3D('',#6660,#6661,#6662);
#6664=PLANE('',#6663);
#6666=ORIENTED_EDGE('',*,*,#6665,.F.);
#6668=ORIENTED_EDGE('',*,*,#6667,.F.);
#6670=ORIENTED_EDGE('',*,*,#6669,.F.);
#6671=ORIENTED_EDGE('',*,*,#6465,.F.);
#6672=EDGE_LOOP('',(#6666,#6668,#6670,#6671));
#6673=FACE_OUTER_BOUND('',#6672,.F.);
#6674=ADVANCED_FACE('',(#6673),#6664,.T.);
#6675=CARTESIAN_POINT('',(8.97E0,0.E0,0.E0));
#6676=DIRECTION('',(1.E0,0.E0,0.E0));
#6677=DIRECTION('',(0.E0,0.E0,-1.E0));
#6678=AXIS2_PLACEMENT_3D('',#6675,#6676,#6677);
#6679=PLANE('',#6678);
#6681=ORIENTED_EDGE('',*,*,#6680,.F.);
#6683=ORIENTED_EDGE('',*,*,#6682,.F.);
#6685=ORIENTED_EDGE('',*,*,#6684,.F.);
#6687=ORIENTED_EDGE('',*,*,#6686,.F.);
#6689=ORIENTED_EDGE('',*,*,#6688,.T.);
#6690=EDGE_LOOP('',(#6681,#6683,#6685,#6687,#6689));
#6691=FACE_OUTER_BOUND('',#6690,.F.);
#6692=ADVANCED_FACE('',(#6691),#6679,.T.);
#6693=CARTESIAN_POINT('',(7.83E0,3.2E0,-1.055E1));
#6694=DIRECTION('',(0.E0,1.E0,0.E0));
#6695=DIRECTION('',(0.E0,0.E0,1.E0));
#6696=AXIS2_PLACEMENT_3D('',#6693,#6694,#6695);
#6697=PLANE('',#6696);
#6698=ORIENTED_EDGE('',*,*,#6543,.F.);
#6700=ORIENTED_EDGE('',*,*,#6699,.T.);
#6701=ORIENTED_EDGE('',*,*,#6647,.T.);
#6703=ORIENTED_EDGE('',*,*,#6702,.F.);
#6704=EDGE_LOOP('',(#6698,#6700,#6701,#6703));
#6705=FACE_OUTER_BOUND('',#6704,.F.);
#6706=ADVANCED_FACE('',(#6705),#6697,.T.);
#6707=CARTESIAN_POINT('',(7.83E0,3.063970234266E0,-1.055E1));
#6708=DIRECTION('',(0.E0,0.E0,-1.E0));
#6709=DIRECTION('',(0.E0,1.E0,0.E0));
#6710=AXIS2_PLACEMENT_3D('',#6707,#6708,#6709);
#6711=PLANE('',#6710);
#6712=ORIENTED_EDGE('',*,*,#6551,.F.);
#6714=ORIENTED_EDGE('',*,*,#6713,.T.);
#6715=ORIENTED_EDGE('',*,*,#6649,.T.);
#6716=ORIENTED_EDGE('',*,*,#6699,.F.);
#6717=EDGE_LOOP('',(#6712,#6714,#6715,#6716));
#6718=FACE_OUTER_BOUND('',#6717,.F.);
#6719=ADVANCED_FACE('',(#6718),#6711,.T.);
#6720=CARTESIAN_POINT('',(7.83E0,2.7E0,-9.55E0));
#6721=DIRECTION('',(0.E0,-9.396926207859E-1,-3.420201433257E-1));
#6722=DIRECTION('',(0.E0,3.420201433257E-1,-9.396926207859E-1));
#6723=AXIS2_PLACEMENT_3D('',#6720,#6721,#6722);
#6724=PLANE('',#6723);
#6725=ORIENTED_EDGE('',*,*,#6549,.F.);
#6727=ORIENTED_EDGE('',*,*,#6726,.T.);
#6728=ORIENTED_EDGE('',*,*,#6651,.T.);
#6729=ORIENTED_EDGE('',*,*,#6713,.F.);
#6730=EDGE_LOOP('',(#6725,#6727,#6728,#6729));
#6731=FACE_OUTER_BOUND('',#6730,.F.);
#6732=ADVANCED_FACE('',(#6731),#6724,.T.);
#6733=CARTESIAN_POINT('',(7.83E0,2.7E0,-6.45E0));
#6734=DIRECTION('',(0.E0,-1.E0,0.E0));
#6735=DIRECTION('',(0.E0,0.E0,-1.E0));
#6736=AXIS2_PLACEMENT_3D('',#6733,#6734,#6735);
#6737=PLANE('',#6736);
#6738=ORIENTED_EDGE('',*,*,#6547,.F.);
#6740=ORIENTED_EDGE('',*,*,#6739,.T.);
#6741=ORIENTED_EDGE('',*,*,#6653,.T.);
#6742=ORIENTED_EDGE('',*,*,#6726,.F.);
#6743=EDGE_LOOP('',(#6738,#6740,#6741,#6742));
#6744=FACE_OUTER_BOUND('',#6743,.F.);
#6745=ADVANCED_FACE('',(#6744),#6737,.T.);
#6746=CARTESIAN_POINT('',(7.4E0,4.8E0,-6.55E0));
#6747=DIRECTION('',(0.E0,0.E0,1.E0));
#6748=DIRECTION('',(1.E0,0.E0,0.E0));
#6749=AXIS2_PLACEMENT_3D('',#6746,#6747,#6748);
#6750=PLANE('',#6749);
#6752=ORIENTED_EDGE('',*,*,#6751,.T.);
#6754=ORIENTED_EDGE('',*,*,#6753,.F.);
#6755=ORIENTED_EDGE('',*,*,#5673,.F.);
#6757=ORIENTED_EDGE('',*,*,#6756,.T.);
#6758=EDGE_LOOP('',(#6752,#6754,#6755,#6757));
#6759=FACE_OUTER_BOUND('',#6758,.F.);
#6760=ORIENTED_EDGE('',*,*,#6545,.T.);
#6761=ORIENTED_EDGE('',*,*,#6702,.T.);
#6762=ORIENTED_EDGE('',*,*,#6655,.F.);
#6763=ORIENTED_EDGE('',*,*,#6739,.F.);
#6764=EDGE_LOOP('',(#6760,#6761,#6762,#6763));
#6765=FACE_BOUND('',#6764,.F.);
#6766=ADVANCED_FACE('',(#6759,#6765),#6750,.F.);
#6767=CARTESIAN_POINT('',(7.4E0,4.8E0,-6.55E0));
#6768=DIRECTION('',(0.E0,0.E0,1.E0));
#6769=DIRECTION('',(1.E0,0.E0,0.E0));
#6770=AXIS2_PLACEMENT_3D('',#6767,#6768,#6769);
#6771=PLANE('',#6770);
#6773=ORIENTED_EDGE('',*,*,#6772,.F.);
#6775=ORIENTED_EDGE('',*,*,#6774,.T.);
#6777=ORIENTED_EDGE('',*,*,#6776,.T.);
#6779=ORIENTED_EDGE('',*,*,#6778,.F.);
#6780=EDGE_LOOP('',(#6773,#6775,#6777,#6779));
#6781=FACE_OUTER_BOUND('',#6780,.F.);
#6782=ORIENTED_EDGE('',*,*,#6578,.T.);
#6784=ORIENTED_EDGE('',*,*,#6783,.T.);
#6785=ORIENTED_EDGE('',*,*,#6688,.F.);
#6787=ORIENTED_EDGE('',*,*,#6786,.F.);
#6788=EDGE_LOOP('',(#6782,#6784,#6785,#6787));
#6789=FACE_BOUND('',#6788,.F.);
#6790=ADVANCED_FACE('',(#6781,#6789),#6771,.F.);
#6791=CARTESIAN_POINT('',(7.83E0,-2.3E0,-9.55E0));
#6792=DIRECTION('',(0.E0,1.E0,0.E0));
#6793=DIRECTION('',(0.E0,0.E0,1.E0));
#6794=AXIS2_PLACEMENT_3D('',#6791,#6792,#6793);
#6795=PLANE('',#6794);
#6796=ORIENTED_EDGE('',*,*,#6576,.F.);
#6798=ORIENTED_EDGE('',*,*,#6797,.T.);
#6799=ORIENTED_EDGE('',*,*,#6680,.T.);
#6800=ORIENTED_EDGE('',*,*,#6783,.F.);
#6801=EDGE_LOOP('',(#6796,#6798,#6799,#6800));
#6802=FACE_OUTER_BOUND('',#6801,.F.);
#6803=ADVANCED_FACE('',(#6802),#6795,.T.);
#6804=CARTESIAN_POINT('',(7.83E0,-2.663970234266E0,-1.055E1));
#6805=DIRECTION('',(0.E0,9.396926207859E-1,-3.420201433257E-1));
#6806=DIRECTION('',(0.E0,3.420201433257E-1,9.396926207859E-1));
#6807=AXIS2_PLACEMENT_3D('',#6804,#6805,#6806);
#6808=PLANE('',#6807);
#6809=ORIENTED_EDGE('',*,*,#6584,.F.);
#6811=ORIENTED_EDGE('',*,*,#6810,.T.);
#6812=ORIENTED_EDGE('',*,*,#6682,.T.);
#6813=ORIENTED_EDGE('',*,*,#6797,.F.);
#6814=EDGE_LOOP('',(#6809,#6811,#6812,#6813));
#6815=FACE_OUTER_BOUND('',#6814,.F.);
#6816=ADVANCED_FACE('',(#6815),#6808,.T.);
#6817=CARTESIAN_POINT('',(7.83E0,-2.8E0,-1.055E1));
#6818=DIRECTION('',(0.E0,0.E0,-1.E0));
#6819=DIRECTION('',(0.E0,1.E0,0.E0));
#6820=AXIS2_PLACEMENT_3D('',#6817,#6818,#6819);
#6821=PLANE('',#6820);
#6822=ORIENTED_EDGE('',*,*,#6582,.F.);
#6824=ORIENTED_EDGE('',*,*,#6823,.T.);
#6825=ORIENTED_EDGE('',*,*,#6684,.T.);
#6826=ORIENTED_EDGE('',*,*,#6810,.F.);
#6827=EDGE_LOOP('',(#6822,#6824,#6825,#6826));
#6828=FACE_OUTER_BOUND('',#6827,.F.);
#6829=ADVANCED_FACE('',(#6828),#6821,.T.);
#6830=CARTESIAN_POINT('',(7.83E0,-2.8E0,-6.45E0));
#6831=DIRECTION('',(0.E0,-1.E0,0.E0));
#6832=DIRECTION('',(0.E0,0.E0,-1.E0));
#6833=AXIS2_PLACEMENT_3D('',#6830,#6831,#6832);
#6834=PLANE('',#6833);
#6835=ORIENTED_EDGE('',*,*,#6580,.F.);
#6836=ORIENTED_EDGE('',*,*,#6786,.T.);
#6837=ORIENTED_EDGE('',*,*,#6686,.T.);
#6838=ORIENTED_EDGE('',*,*,#6823,.F.);
#6839=EDGE_LOOP('',(#6835,#6836,#6837,#6838));
#6840=FACE_OUTER_BOUND('',#6839,.F.);
#6841=ADVANCED_FACE('',(#6840),#6834,.T.);
#6842=CARTESIAN_POINT('',(-1.11E1,3.E-1,-6.55E0));
#6843=DIRECTION('',(0.E0,1.E0,0.E0));
#6844=DIRECTION('',(1.E0,0.E0,0.E0));
#6845=AXIS2_PLACEMENT_3D('',#6842,#6843,#6844);
#6846=PLANE('',#6845);
#6848=ORIENTED_EDGE('',*,*,#6847,.F.);
#6849=ORIENTED_EDGE('',*,*,#6751,.F.);
#6851=ORIENTED_EDGE('',*,*,#6850,.F.);
#6853=ORIENTED_EDGE('',*,*,#6852,.F.);
#6855=ORIENTED_EDGE('',*,*,#6854,.F.);
#6857=ORIENTED_EDGE('',*,*,#6856,.F.);
#6859=ORIENTED_EDGE('',*,*,#6858,.F.);
#6861=ORIENTED_EDGE('',*,*,#6860,.F.);
#6863=ORIENTED_EDGE('',*,*,#6862,.F.);
#6865=ORIENTED_EDGE('',*,*,#6864,.F.);
#6867=ORIENTED_EDGE('',*,*,#6866,.F.);
#6869=ORIENTED_EDGE('',*,*,#6868,.F.);
#6871=ORIENTED_EDGE('',*,*,#6870,.F.);
#6873=ORIENTED_EDGE('',*,*,#6872,.F.);
#6875=ORIENTED_EDGE('',*,*,#6874,.F.);
#6877=ORIENTED_EDGE('',*,*,#6876,.F.);
#6879=ORIENTED_EDGE('',*,*,#6878,.F.);
#6881=ORIENTED_EDGE('',*,*,#6880,.F.);
#6883=ORIENTED_EDGE('',*,*,#6882,.F.);
#6885=ORIENTED_EDGE('',*,*,#6884,.F.);
#6887=ORIENTED_EDGE('',*,*,#6886,.T.);
#6889=ORIENTED_EDGE('',*,*,#6888,.T.);
#6891=ORIENTED_EDGE('',*,*,#6890,.F.);
#6893=ORIENTED_EDGE('',*,*,#6892,.F.);
#6894=EDGE_LOOP('',(#6848,#6849,#6851,#6853,#6855,#6857,#6859,#6861,#6863,#6865,
#6867,#6869,#6871,#6873,#6875,#6877,#6879,#6881,#6883,#6885,#6887,#6889,#6891,
#6893));
#6895=FACE_OUTER_BOUND('',#6894,.F.);
#6896=ADVANCED_FACE('',(#6895),#6846,.T.);
#6897=CARTESIAN_POINT('',(9.4E0,4.8E0,-6.55E0));
#6898=DIRECTION('',(1.E0,0.E0,0.E0));
#6899=DIRECTION('',(0.E0,0.E0,-1.E0));
#6900=AXIS2_PLACEMENT_3D('',#6897,#6898,#6899);
#6901=PLANE('',#6900);
#6902=ORIENTED_EDGE('',*,*,#6847,.T.);
#6904=ORIENTED_EDGE('',*,*,#6903,.T.);
#6906=ORIENTED_EDGE('',*,*,#6905,.T.);
#6908=ORIENTED_EDGE('',*,*,#6907,.F.);
#6909=ORIENTED_EDGE('',*,*,#5675,.F.);
#6910=ORIENTED_EDGE('',*,*,#6753,.T.);
#6911=EDGE_LOOP('',(#6902,#6904,#6906,#6908,#6909,#6910));
#6912=FACE_OUTER_BOUND('',#6911,.F.);
#6913=ADVANCED_FACE('',(#6912),#6901,.F.);
#6914=CARTESIAN_POINT('',(9.4E0,4.8E0,-6.55E0));
#6915=DIRECTION('',(1.E0,0.E0,0.E0));
#6916=DIRECTION('',(0.E0,0.E0,-1.E0));
#6917=AXIS2_PLACEMENT_3D('',#6914,#6915,#6916);
#6918=PLANE('',#6917);
#6920=ORIENTED_EDGE('',*,*,#6919,.F.);
#6921=ORIENTED_EDGE('',*,*,#6778,.T.);
#6923=ORIENTED_EDGE('',*,*,#6922,.T.);
#6925=ORIENTED_EDGE('',*,*,#6924,.F.);
#6927=ORIENTED_EDGE('',*,*,#6926,.T.);
#6929=ORIENTED_EDGE('',*,*,#6928,.T.);
#6930=EDGE_LOOP('',(#6920,#6921,#6923,#6925,#6927,#6929));
#6931=FACE_OUTER_BOUND('',#6930,.F.);
#6932=ADVANCED_FACE('',(#6931),#6918,.F.);
#6933=CARTESIAN_POINT('',(1.38E1,3.9E0,-6.7E0));
#6934=DIRECTION('',(0.E0,0.E0,1.E0));
#6935=DIRECTION('',(0.E0,-1.E0,0.E0));
#6936=AXIS2_PLACEMENT_3D('',#6933,#6934,#6935);
#6937=PLANE('',#6936);
#6938=ORIENTED_EDGE('',*,*,#6884,.T.);
#6940=ORIENTED_EDGE('',*,*,#6939,.T.);
#6942=ORIENTED_EDGE('',*,*,#6941,.T.);
#6944=ORIENTED_EDGE('',*,*,#6943,.F.);
#6945=EDGE_LOOP('',(#6938,#6940,#6942,#6944));
#6946=FACE_OUTER_BOUND('',#6945,.F.);
#6947=ADVANCED_FACE('',(#6946),#6937,.F.);
#6948=CARTESIAN_POINT('',(1.38E1,3.9E0,-6.7E0));
#6949=DIRECTION('',(0.E0,0.E0,1.E0));
#6950=DIRECTION('',(0.E0,-1.E0,0.E0));
#6951=AXIS2_PLACEMENT_3D('',#6948,#6949,#6950);
#6952=PLANE('',#6951);
#6953=ORIENTED_EDGE('',*,*,#6876,.T.);
#6955=ORIENTED_EDGE('',*,*,#6954,.T.);
#6957=ORIENTED_EDGE('',*,*,#6956,.T.);
#6959=ORIENTED_EDGE('',*,*,#6958,.F.);
#6960=EDGE_LOOP('',(#6953,#6955,#6957,#6959));
#6961=FACE_OUTER_BOUND('',#6960,.F.);
#6962=ADVANCED_FACE('',(#6961),#6952,.F.);
#6963=CARTESIAN_POINT('',(1.38E1,3.9E0,-6.7E0));
#6964=DIRECTION('',(0.E0,0.E0,1.E0));
#6965=DIRECTION('',(0.E0,-1.E0,0.E0));
#6966=AXIS2_PLACEMENT_3D('',#6963,#6964,#6965);
#6967=PLANE('',#6966);
#6968=ORIENTED_EDGE('',*,*,#6860,.T.);
#6970=ORIENTED_EDGE('',*,*,#6969,.T.);
#6972=ORIENTED_EDGE('',*,*,#6971,.T.);
#6974=ORIENTED_EDGE('',*,*,#6973,.F.);
#6975=EDGE_LOOP('',(#6968,#6970,#6972,#6974));
#6976=FACE_OUTER_BOUND('',#6975,.F.);
#6977=ADVANCED_FACE('',(#6976),#6967,.F.);
#6978=CARTESIAN_POINT('',(1.38E1,3.9E0,-6.7E0));
#6979=DIRECTION('',(0.E0,0.E0,1.E0));
#6980=DIRECTION('',(0.E0,-1.E0,0.E0));
#6981=AXIS2_PLACEMENT_3D('',#6978,#6979,#6980);
#6982=PLANE('',#6981);
#6983=ORIENTED_EDGE('',*,*,#6892,.T.);
#6985=ORIENTED_EDGE('',*,*,#6984,.F.);
#6987=ORIENTED_EDGE('',*,*,#6986,.T.);
#6988=ORIENTED_EDGE('',*,*,#6903,.F.);
#6989=EDGE_LOOP('',(#6983,#6985,#6987,#6988));
#6990=FACE_OUTER_BOUND('',#6989,.F.);
#6991=ADVANCED_FACE('',(#6990),#6982,.F.);
#6992=CARTESIAN_POINT('',(1.38E1,3.9E0,-6.7E0));
#6993=DIRECTION('',(0.E0,0.E0,1.E0));
#6994=DIRECTION('',(0.E0,-1.E0,0.E0));
#6995=AXIS2_PLACEMENT_3D('',#6992,#6993,#6994);
#6996=PLANE('',#6995);
#6998=ORIENTED_EDGE('',*,*,#6997,.F.);
#7000=ORIENTED_EDGE('',*,*,#6999,.F.);
#7002=ORIENTED_EDGE('',*,*,#7001,.F.);
#7004=ORIENTED_EDGE('',*,*,#7003,.T.);
#7005=EDGE_LOOP('',(#6998,#7000,#7002,#7004));
#7006=FACE_OUTER_BOUND('',#7005,.F.);
#7007=ADVANCED_FACE('',(#7006),#6996,.F.);
#7008=CARTESIAN_POINT('',(1.38E1,3.9E0,-6.7E0));
#7009=DIRECTION('',(0.E0,0.E0,1.E0));
#7010=DIRECTION('',(0.E0,-1.E0,0.E0));
#7011=AXIS2_PLACEMENT_3D('',#7008,#7009,#7010);
#7012=PLANE('',#7011);
#7014=ORIENTED_EDGE('',*,*,#7013,.F.);
#7016=ORIENTED_EDGE('',*,*,#7015,.F.);
#7018=ORIENTED_EDGE('',*,*,#7017,.F.);
#7020=ORIENTED_EDGE('',*,*,#7019,.T.);
#7021=EDGE_LOOP('',(#7014,#7016,#7018,#7020));
#7022=FACE_OUTER_BOUND('',#7021,.F.);
#7023=ADVANCED_FACE('',(#7022),#7012,.F.);
#7024=CARTESIAN_POINT('',(1.38E1,3.9E0,-6.7E0));
#7025=DIRECTION('',(0.E0,0.E0,1.E0));
#7026=DIRECTION('',(0.E0,-1.E0,0.E0));
#7027=AXIS2_PLACEMENT_3D('',#7024,#7025,#7026);
#7028=PLANE('',#7027);
#7030=ORIENTED_EDGE('',*,*,#7029,.F.);
#7032=ORIENTED_EDGE('',*,*,#7031,.F.);
#7034=ORIENTED_EDGE('',*,*,#7033,.F.);
#7036=ORIENTED_EDGE('',*,*,#7035,.T.);
#7037=EDGE_LOOP('',(#7030,#7032,#7034,#7036));
#7038=FACE_OUTER_BOUND('',#7037,.F.);
#7039=ADVANCED_FACE('',(#7038),#7028,.F.);
#7040=CARTESIAN_POINT('',(1.38E1,3.9E0,-6.7E0));
#7041=DIRECTION('',(0.E0,0.E0,1.E0));
#7042=DIRECTION('',(0.E0,-1.E0,0.E0));
#7043=AXIS2_PLACEMENT_3D('',#7040,#7041,#7042);
#7044=PLANE('',#7043);
#7046=ORIENTED_EDGE('',*,*,#7045,.F.);
#7047=ORIENTED_EDGE('',*,*,#6928,.F.);
#7049=ORIENTED_EDGE('',*,*,#7048,.F.);
#7051=ORIENTED_EDGE('',*,*,#7050,.F.);
#7053=ORIENTED_EDGE('',*,*,#7052,.F.);
#7055=ORIENTED_EDGE('',*,*,#7054,.F.);
#7057=ORIENTED_EDGE('',*,*,#7056,.F.);
#7059=ORIENTED_EDGE('',*,*,#7058,.F.);
#7060=EDGE_LOOP('',(#7046,#7047,#7049,#7051,#7053,#7055,#7057,#7059));
#7061=FACE_OUTER_BOUND('',#7060,.F.);
#7062=ADVANCED_FACE('',(#7061),#7044,.F.);
#7063=CARTESIAN_POINT('',(1.38E1,3.9E0,-6.7E0));
#7064=DIRECTION('',(0.E0,0.E0,1.E0));
#7065=DIRECTION('',(0.E0,-1.E0,0.E0));
#7066=AXIS2_PLACEMENT_3D('',#7063,#7064,#7065);
#7067=PLANE('',#7066);
#7069=ORIENTED_EDGE('',*,*,#7068,.T.);
#7071=ORIENTED_EDGE('',*,*,#7070,.F.);
#7073=ORIENTED_EDGE('',*,*,#7072,.F.);
#7075=ORIENTED_EDGE('',*,*,#7074,.F.);
#7076=EDGE_LOOP('',(#7069,#7071,#7073,#7075));
#7077=FACE_OUTER_BOUND('',#7076,.F.);
#7078=ADVANCED_FACE('',(#7077),#7067,.F.);
#7079=CARTESIAN_POINT('',(1.38E1,3.9E0,-6.7E0));
#7080=DIRECTION('',(0.E0,0.E0,1.E0));
#7081=DIRECTION('',(0.E0,-1.E0,0.E0));
#7082=AXIS2_PLACEMENT_3D('',#7079,#7080,#7081);
#7083=PLANE('',#7082);
#7085=ORIENTED_EDGE('',*,*,#7084,.T.);
#7087=ORIENTED_EDGE('',*,*,#7086,.T.);
#7089=ORIENTED_EDGE('',*,*,#7088,.F.);
#7090=ORIENTED_EDGE('',*,*,#6852,.T.);
#7091=EDGE_LOOP('',(#7085,#7087,#7089,#7090));
#7092=FACE_OUTER_BOUND('',#7091,.F.);
#7093=ADVANCED_FACE('',(#7092),#7083,.F.);
#7094=CARTESIAN_POINT('',(1.38E1,3.9E0,-6.7E0));
#7095=DIRECTION('',(0.E0,0.E0,1.E0));
#7096=DIRECTION('',(0.E0,-1.E0,0.E0));
#7097=AXIS2_PLACEMENT_3D('',#7094,#7095,#7096);
#7098=PLANE('',#7097);
#7100=ORIENTED_EDGE('',*,*,#7099,.T.);
#7102=ORIENTED_EDGE('',*,*,#7101,.F.);
#7104=ORIENTED_EDGE('',*,*,#7103,.F.);
#7106=ORIENTED_EDGE('',*,*,#7105,.F.);
#7107=EDGE_LOOP('',(#7100,#7102,#7104,#7106));
#7108=FACE_OUTER_BOUND('',#7107,.F.);
#7109=ADVANCED_FACE('',(#7108),#7098,.F.);
#7110=CARTESIAN_POINT('',(1.38E1,3.9E0,-6.7E0));
#7111=DIRECTION('',(0.E0,0.E0,1.E0));
#7112=DIRECTION('',(0.E0,-1.E0,0.E0));
#7113=AXIS2_PLACEMENT_3D('',#7110,#7111,#7112);
#7114=PLANE('',#7113);
#7116=ORIENTED_EDGE('',*,*,#7115,.T.);
#7118=ORIENTED_EDGE('',*,*,#7117,.T.);
#7120=ORIENTED_EDGE('',*,*,#7119,.F.);
#7121=ORIENTED_EDGE('',*,*,#6868,.T.);
#7122=EDGE_LOOP('',(#7116,#7118,#7120,#7121));
#7123=FACE_OUTER_BOUND('',#7122,.F.);
#7124=ADVANCED_FACE('',(#7123),#7114,.F.);
#7125=CARTESIAN_POINT('',(-9.4E0,4.8E0,-7.05E0));
#7126=DIRECTION('',(-1.E0,0.E0,0.E0));
#7127=DIRECTION('',(0.E0,0.E0,1.E0));
#7128=AXIS2_PLACEMENT_3D('',#7125,#7126,#7127);
#7129=PLANE('',#7128);
#7130=ORIENTED_EDGE('',*,*,#6882,.T.);
#7132=ORIENTED_EDGE('',*,*,#7131,.F.);
#7133=ORIENTED_EDGE('',*,*,#5639,.T.);
#7135=ORIENTED_EDGE('',*,*,#7134,.T.);
#7137=ORIENTED_EDGE('',*,*,#7136,.F.);
#7138=ORIENTED_EDGE('',*,*,#6939,.F.);
#7139=EDGE_LOOP('',(#7130,#7132,#7133,#7135,#7137,#7138));
#7140=FACE_OUTER_BOUND('',#7139,.F.);
#7141=ADVANCED_FACE('',(#7140),#7129,.F.);
#7142=CARTESIAN_POINT('',(-9.4E0,4.8E0,-7.05E0));
#7143=DIRECTION('',(-1.E0,0.E0,0.E0));
#7144=DIRECTION('',(0.E0,0.E0,1.E0));
#7145=AXIS2_PLACEMENT_3D('',#7142,#7143,#7144);
#7146=PLANE('',#7145);
#7148=ORIENTED_EDGE('',*,*,#7147,.F.);
#7149=ORIENTED_EDGE('',*,*,#7003,.F.);
#7151=ORIENTED_EDGE('',*,*,#7150,.F.);
#7153=ORIENTED_EDGE('',*,*,#7152,.T.);
#7155=ORIENTED_EDGE('',*,*,#7154,.F.);
#7157=ORIENTED_EDGE('',*,*,#7156,.F.);
#7158=EDGE_LOOP('',(#7148,#7149,#7151,#7153,#7155,#7157));
#7159=FACE_OUTER_BOUND('',#7158,.F.);
#7160=ADVANCED_FACE('',(#7159),#7146,.F.);
#7161=CARTESIAN_POINT('',(-9.4E0,4.8E0,-6.55E0));
#7162=DIRECTION('',(0.E0,0.E0,1.E0));
#7163=DIRECTION('',(1.E0,0.E0,0.E0));
#7164=AXIS2_PLACEMENT_3D('',#7161,#7162,#7163);
#7165=PLANE('',#7164);
#7166=ORIENTED_EDGE('',*,*,#6880,.T.);
#7168=ORIENTED_EDGE('',*,*,#7167,.F.);
#7169=ORIENTED_EDGE('',*,*,#5641,.F.);
#7170=ORIENTED_EDGE('',*,*,#7131,.T.);
#7171=EDGE_LOOP('',(#7166,#7168,#7169,#7170));
#7172=FACE_OUTER_BOUND('',#7171,.F.);
#7174=ORIENTED_EDGE('',*,*,#7173,.T.);
#7176=ORIENTED_EDGE('',*,*,#7175,.T.);
#7178=ORIENTED_EDGE('',*,*,#7177,.F.);
#7180=ORIENTED_EDGE('',*,*,#7179,.F.);
#7181=EDGE_LOOP('',(#7174,#7176,#7178,#7180));
#7182=FACE_BOUND('',#7181,.F.);
#7183=ADVANCED_FACE('',(#7172,#7182),#7165,.F.);
#7184=CARTESIAN_POINT('',(-9.4E0,4.8E0,-6.55E0));
#7185=DIRECTION('',(0.E0,0.E0,1.E0));
#7186=DIRECTION('',(1.E0,0.E0,0.E0));
#7187=AXIS2_PLACEMENT_3D('',#7184,#7185,#7186);
#7188=PLANE('',#7187);
#7190=ORIENTED_EDGE('',*,*,#7189,.F.);
#7191=ORIENTED_EDGE('',*,*,#7156,.T.);
#7193=ORIENTED_EDGE('',*,*,#7192,.T.);
#7195=ORIENTED_EDGE('',*,*,#7194,.F.);
#7196=EDGE_LOOP('',(#7190,#7191,#7193,#7195));
#7197=FACE_OUTER_BOUND('',#7196,.F.);
#7199=ORIENTED_EDGE('',*,*,#7198,.T.);
#7201=ORIENTED_EDGE('',*,*,#7200,.T.);
#7203=ORIENTED_EDGE('',*,*,#7202,.F.);
#7205=ORIENTED_EDGE('',*,*,#7204,.F.);
#7206=EDGE_LOOP('',(#7199,#7201,#7203,#7205));
#7207=FACE_BOUND('',#7206,.F.);
#7208=ADVANCED_FACE('',(#7197,#7207),#7188,.F.);
#7209=CARTESIAN_POINT('',(-8.97E0,0.E0,0.E0));
#7210=DIRECTION('',(1.E0,0.E0,0.E0));
#7211=DIRECTION('',(0.E0,0.E0,-1.E0));
#7212=AXIS2_PLACEMENT_3D('',#7209,#7210,#7211);
#7213=PLANE('',#7212);
#7215=ORIENTED_EDGE('',*,*,#7214,.T.);
#7217=ORIENTED_EDGE('',*,*,#7216,.T.);
#7219=ORIENTED_EDGE('',*,*,#7218,.T.);
#7221=ORIENTED_EDGE('',*,*,#7220,.T.);
#7222=ORIENTED_EDGE('',*,*,#7173,.F.);
#7223=EDGE_LOOP('',(#7215,#7217,#7219,#7221,#7222));
#7224=FACE_OUTER_BOUND('',#7223,.F.);
#7225=ADVANCED_FACE('',(#7224),#7213,.F.);
#7226=CARTESIAN_POINT('',(-8.97E0,0.E0,0.E0));
#7227=DIRECTION('',(1.E0,0.E0,0.E0));
#7228=DIRECTION('',(0.E0,0.E0,-1.E0));
#7229=AXIS2_PLACEMENT_3D('',#7226,#7227,#7228);
#7230=PLANE('',#7229);
#7232=ORIENTED_EDGE('',*,*,#7231,.T.);
#7234=ORIENTED_EDGE('',*,*,#7233,.T.);
#7236=ORIENTED_EDGE('',*,*,#7235,.T.);
#7238=ORIENTED_EDGE('',*,*,#7237,.T.);
#7239=ORIENTED_EDGE('',*,*,#7198,.F.);
#7240=EDGE_LOOP('',(#7232,#7234,#7236,#7238,#7239));
#7241=FACE_OUTER_BOUND('',#7240,.F.);
#7242=ADVANCED_FACE('',(#7241),#7230,.F.);
#7243=CARTESIAN_POINT('',(-8.97E0,0.E0,0.E0));
#7244=DIRECTION('',(1.E0,0.E0,0.E0));
#7245=DIRECTION('',(0.E0,0.E0,-1.E0));
#7246=AXIS2_PLACEMENT_3D('',#7243,#7244,#7245);
#7247=PLANE('',#7246);
#7249=ORIENTED_EDGE('',*,*,#7248,.T.);
#7251=ORIENTED_EDGE('',*,*,#7250,.T.);
#7253=ORIENTED_EDGE('',*,*,#7252,.T.);
#7255=ORIENTED_EDGE('',*,*,#7254,.T.);
#7256=EDGE_LOOP('',(#7249,#7251,#7253,#7255));
#7257=FACE_OUTER_BOUND('',#7256,.F.);
#7258=ADVANCED_FACE('',(#7257),#7247,.F.);
#7259=CARTESIAN_POINT('',(-8.97E0,0.E0,0.E0));
#7260=DIRECTION('',(1.E0,0.E0,0.E0));
#7261=DIRECTION('',(0.E0,0.E0,-1.E0));
#7262=AXIS2_PLACEMENT_3D('',#7259,#7260,#7261);
#7263=PLANE('',#7262);
#7265=ORIENTED_EDGE('',*,*,#7264,.T.);
#7267=ORIENTED_EDGE('',*,*,#7266,.T.);
#7269=ORIENTED_EDGE('',*,*,#7268,.T.);
#7271=ORIENTED_EDGE('',*,*,#7270,.T.);
#7272=EDGE_LOOP('',(#7265,#7267,#7269,#7271));
#7273=FACE_OUTER_BOUND('',#7272,.F.);
#7274=ADVANCED_FACE('',(#7273),#7263,.F.);
#7275=CARTESIAN_POINT('',(-8.97E0,2.7E0,-6.45E0));
#7276=DIRECTION('',(0.E0,-1.E0,0.E0));
#7277=DIRECTION('',(0.E0,0.E0,-1.E0));
#7278=AXIS2_PLACEMENT_3D('',#7275,#7276,#7277);
#7279=PLANE('',#7278);
#7280=ORIENTED_EDGE('',*,*,#7214,.F.);
#7281=ORIENTED_EDGE('',*,*,#7179,.T.);
#7283=ORIENTED_EDGE('',*,*,#7282,.T.);
#7285=ORIENTED_EDGE('',*,*,#7284,.F.);
#7286=EDGE_LOOP('',(#7280,#7281,#7283,#7285));
#7287=FACE_OUTER_BOUND('',#7286,.F.);
#7288=ADVANCED_FACE('',(#7287),#7279,.T.);
#7289=CARTESIAN_POINT('',(-7.83E0,0.E0,0.E0));
#7290=DIRECTION('',(1.E0,0.E0,0.E0));
#7291=DIRECTION('',(0.E0,0.E0,-1.E0));
#7292=AXIS2_PLACEMENT_3D('',#7289,#7290,#7291);
#7293=PLANE('',#7292);
#7294=ORIENTED_EDGE('',*,*,#7282,.F.);
#7295=ORIENTED_EDGE('',*,*,#7177,.T.);
#7297=ORIENTED_EDGE('',*,*,#7296,.F.);
#7299=ORIENTED_EDGE('',*,*,#7298,.F.);
#7301=ORIENTED_EDGE('',*,*,#7300,.F.);
#7302=EDGE_LOOP('',(#7294,#7295,#7297,#7299,#7301));
#7303=FACE_OUTER_BOUND('',#7302,.F.);
#7304=ADVANCED_FACE('',(#7303),#7293,.T.);
#7305=CARTESIAN_POINT('',(-7.83E0,0.E0,0.E0));
#7306=DIRECTION('',(1.E0,0.E0,0.E0));
#7307=DIRECTION('',(0.E0,0.E0,-1.E0));
#7308=AXIS2_PLACEMENT_3D('',#7305,#7306,#7307);
#7309=PLANE('',#7308);
#7311=ORIENTED_EDGE('',*,*,#7310,.F.);
#7312=ORIENTED_EDGE('',*,*,#7202,.T.);
#7314=ORIENTED_EDGE('',*,*,#7313,.F.);
#7316=ORIENTED_EDGE('',*,*,#7315,.F.);
#7318=ORIENTED_EDGE('',*,*,#7317,.F.);
#7319=EDGE_LOOP('',(#7311,#7312,#7314,#7316,#7318));
#7320=FACE_OUTER_BOUND('',#7319,.F.);
#7321=ADVANCED_FACE('',(#7320),#7309,.T.);
#7322=CARTESIAN_POINT('',(-7.83E0,0.E0,0.E0));
#7323=DIRECTION('',(1.E0,0.E0,0.E0));
#7324=DIRECTION('',(0.E0,0.E0,-1.E0));
#7325=AXIS2_PLACEMENT_3D('',#7322,#7323,#7324);
#7326=PLANE('',#7325);
#7328=ORIENTED_EDGE('',*,*,#7327,.F.);
#7330=ORIENTED_EDGE('',*,*,#7329,.F.);
#7332=ORIENTED_EDGE('',*,*,#7331,.F.);
#7334=ORIENTED_EDGE('',*,*,#7333,.F.);
#7335=EDGE_LOOP('',(#7328,#7330,#7332,#7334));
#7336=FACE_OUTER_BOUND('',#7335,.F.);
#7337=ADVANCED_FACE('',(#7336),#7326,.T.);
#7338=CARTESIAN_POINT('',(-7.83E0,0.E0,0.E0));
#7339=DIRECTION('',(1.E0,0.E0,0.E0));
#7340=DIRECTION('',(0.E0,0.E0,-1.E0));
#7341=AXIS2_PLACEMENT_3D('',#7338,#7339,#7340);
#7342=PLANE('',#7341);
#7344=ORIENTED_EDGE('',*,*,#7343,.F.);
#7346=ORIENTED_EDGE('',*,*,#7345,.F.);
#7348=ORIENTED_EDGE('',*,*,#7347,.F.);
#7350=ORIENTED_EDGE('',*,*,#7349,.F.);
#7351=EDGE_LOOP('',(#7344,#7346,#7348,#7350));
#7352=FACE_OUTER_BOUND('',#7351,.F.);
#7353=ADVANCED_FACE('',(#7352),#7342,.T.);
#7354=CARTESIAN_POINT('',(-8.97E0,3.2E0,-1.055E1));
#7355=DIRECTION('',(0.E0,1.E0,0.E0));
#7356=DIRECTION('',(0.E0,0.E0,1.E0));
#7357=AXIS2_PLACEMENT_3D('',#7354,#7355,#7356);
#7358=PLANE('',#7357);
#7359=ORIENTED_EDGE('',*,*,#7220,.F.);
#7361=ORIENTED_EDGE('',*,*,#7360,.T.);
#7362=ORIENTED_EDGE('',*,*,#7296,.T.);
#7363=ORIENTED_EDGE('',*,*,#7175,.F.);
#7364=EDGE_LOOP('',(#7359,#7361,#7362,#7363));
#7365=FACE_OUTER_BOUND('',#7364,.F.);
#7366=ADVANCED_FACE('',(#7365),#7358,.T.);
#7367=CARTESIAN_POINT('',(-8.97E0,3.063970234266E0,-1.055E1));
#7368=DIRECTION('',(0.E0,0.E0,-1.E0));
#7369=DIRECTION('',(0.E0,1.E0,0.E0));
#7370=AXIS2_PLACEMENT_3D('',#7367,#7368,#7369);
#7371=PLANE('',#7370);
#7372=ORIENTED_EDGE('',*,*,#7218,.F.);
#7374=ORIENTED_EDGE('',*,*,#7373,.T.);
#7375=ORIENTED_EDGE('',*,*,#7298,.T.);
#7376=ORIENTED_EDGE('',*,*,#7360,.F.);
#7377=EDGE_LOOP('',(#7372,#7374,#7375,#7376));
#7378=FACE_OUTER_BOUND('',#7377,.F.);
#7379=ADVANCED_FACE('',(#7378),#7371,.T.);
#7380=CARTESIAN_POINT('',(-8.97E0,2.7E0,-9.55E0));
#7381=DIRECTION('',(0.E0,-9.396926207859E-1,-3.420201433257E-1));
#7382=DIRECTION('',(0.E0,3.420201433257E-1,-9.396926207859E-1));
#7383=AXIS2_PLACEMENT_3D('',#7380,#7381,#7382);
#7384=PLANE('',#7383);
#7385=ORIENTED_EDGE('',*,*,#7216,.F.);
#7386=ORIENTED_EDGE('',*,*,#7284,.T.);
#7387=ORIENTED_EDGE('',*,*,#7300,.T.);
#7388=ORIENTED_EDGE('',*,*,#7373,.F.);
#7389=EDGE_LOOP('',(#7385,#7386,#7387,#7388));
#7390=FACE_OUTER_BOUND('',#7389,.F.);
#7391=ADVANCED_FACE('',(#7390),#7384,.T.);
#7392=CARTESIAN_POINT('',(-8.97E0,-2.8E0,-6.45E0));
#7393=DIRECTION('',(0.E0,-1.E0,0.E0));
#7394=DIRECTION('',(0.E0,0.E0,-1.E0));
#7395=AXIS2_PLACEMENT_3D('',#7392,#7393,#7394);
#7396=PLANE('',#7395);
#7397=ORIENTED_EDGE('',*,*,#7231,.F.);
#7398=ORIENTED_EDGE('',*,*,#7204,.T.);
#7399=ORIENTED_EDGE('',*,*,#7310,.T.);
#7401=ORIENTED_EDGE('',*,*,#7400,.F.);
#7402=EDGE_LOOP('',(#7397,#7398,#7399,#7401));
#7403=FACE_OUTER_BOUND('',#7402,.F.);
#7404=ADVANCED_FACE('',(#7403),#7396,.T.);
#7405=CARTESIAN_POINT('',(-8.97E0,-2.8E0,-1.055E1));
#7406=DIRECTION('',(0.E0,0.E0,-1.E0));
#7407=DIRECTION('',(0.E0,1.E0,0.E0));
#7408=AXIS2_PLACEMENT_3D('',#7405,#7406,#7407);
#7409=PLANE('',#7408);
#7410=ORIENTED_EDGE('',*,*,#7233,.F.);
#7411=ORIENTED_EDGE('',*,*,#7400,.T.);
#7412=ORIENTED_EDGE('',*,*,#7317,.T.);
#7414=ORIENTED_EDGE('',*,*,#7413,.F.);
#7415=EDGE_LOOP('',(#7410,#7411,#7412,#7414));
#7416=FACE_OUTER_BOUND('',#7415,.F.);
#7417=ADVANCED_FACE('',(#7416),#7409,.T.);
#7418=CARTESIAN_POINT('',(-8.97E0,-2.663970234266E0,-1.055E1));
#7419=DIRECTION('',(0.E0,9.396926207859E-1,-3.420201433257E-1));
#7420=DIRECTION('',(0.E0,3.420201433257E-1,9.396926207859E-1));
#7421=AXIS2_PLACEMENT_3D('',#7418,#7419,#7420);
#7422=PLANE('',#7421);
#7423=ORIENTED_EDGE('',*,*,#7235,.F.);
#7424=ORIENTED_EDGE('',*,*,#7413,.T.);
#7425=ORIENTED_EDGE('',*,*,#7315,.T.);
#7427=ORIENTED_EDGE('',*,*,#7426,.F.);
#7428=EDGE_LOOP('',(#7423,#7424,#7425,#7427));
#7429=FACE_OUTER_BOUND('',#7428,.F.);
#7430=ADVANCED_FACE('',(#7429),#7422,.T.);
#7431=CARTESIAN_POINT('',(-8.97E0,-2.3E0,-9.55E0));
#7432=DIRECTION('',(0.E0,1.E0,0.E0));
#7433=DIRECTION('',(0.E0,0.E0,1.E0));
#7434=AXIS2_PLACEMENT_3D('',#7431,#7432,#7433);
#7435=PLANE('',#7434);
#7436=ORIENTED_EDGE('',*,*,#7237,.F.);
#7437=ORIENTED_EDGE('',*,*,#7426,.T.);
#7438=ORIENTED_EDGE('',*,*,#7313,.T.);
#7439=ORIENTED_EDGE('',*,*,#7200,.F.);
#7440=EDGE_LOOP('',(#7436,#7437,#7438,#7439));
#7441=FACE_OUTER_BOUND('',#7440,.F.);
#7442=ADVANCED_FACE('',(#7441),#7435,.T.);
#7443=CARTESIAN_POINT('',(-8.97E0,2.87E0,-3.35E0));
#7444=DIRECTION('',(0.E0,1.E0,0.E0));
#7445=DIRECTION('',(0.E0,0.E0,1.E0));
#7446=AXIS2_PLACEMENT_3D('',#7443,#7444,#7445);
#7447=PLANE('',#7446);
#7448=ORIENTED_EDGE('',*,*,#7248,.F.);
#7450=ORIENTED_EDGE('',*,*,#7449,.T.);
#7451=ORIENTED_EDGE('',*,*,#7327,.T.);
#7453=ORIENTED_EDGE('',*,*,#7452,.F.);
#7454=EDGE_LOOP('',(#7448,#7450,#7451,#7453));
#7455=FACE_OUTER_BOUND('',#7454,.F.);
#7456=ADVANCED_FACE('',(#7455),#7447,.T.);
#7457=CARTESIAN_POINT('',(-1.38E1,7.5E0,-3.35E0));
#7458=DIRECTION('',(0.E0,0.E0,1.E0));
#7459=DIRECTION('',(1.E0,0.E0,0.E0));
#7460=AXIS2_PLACEMENT_3D('',#7457,#7458,#7459);
#7461=PLANE('',#7460);
#7463=ORIENTED_EDGE('',*,*,#7462,.F.);
#7465=ORIENTED_EDGE('',*,*,#7464,.F.);
#7466=ORIENTED_EDGE('',*,*,#6194,.F.);
#7467=ORIENTED_EDGE('',*,*,#5870,.F.);
#7468=EDGE_LOOP('',(#7463,#7465,#7466,#7467));
#7469=FACE_OUTER_BOUND('',#7468,.F.);
#7470=ORIENTED_EDGE('',*,*,#7270,.F.);
#7472=ORIENTED_EDGE('',*,*,#7471,.T.);
#7473=ORIENTED_EDGE('',*,*,#7345,.T.);
#7475=ORIENTED_EDGE('',*,*,#7474,.F.);
#7476=EDGE_LOOP('',(#7470,#7472,#7473,#7475));
#7477=FACE_BOUND('',#7476,.F.);
#7478=ADVANCED_FACE('',(#7469,#7477),#7461,.T.);
#7479=CARTESIAN_POINT('',(-1.38E1,7.5E0,-3.35E0));
#7480=DIRECTION('',(0.E0,0.E0,1.E0));
#7481=DIRECTION('',(1.E0,0.E0,0.E0));
#7482=AXIS2_PLACEMENT_3D('',#7479,#7480,#7481);
#7483=PLANE('',#7482);
#7485=ORIENTED_EDGE('',*,*,#7484,.F.);
#7487=ORIENTED_EDGE('',*,*,#7486,.F.);
#7488=ORIENTED_EDGE('',*,*,#5862,.F.);
#7489=ORIENTED_EDGE('',*,*,#5903,.F.);
#7491=ORIENTED_EDGE('',*,*,#7490,.F.);
#7493=ORIENTED_EDGE('',*,*,#7492,.F.);
#7494=EDGE_LOOP('',(#7485,#7487,#7488,#7489,#7491,#7493));
#7495=FACE_OUTER_BOUND('',#7494,.F.);
#7496=ORIENTED_EDGE('',*,*,#7254,.F.);
#7498=ORIENTED_EDGE('',*,*,#7497,.T.);
#7499=ORIENTED_EDGE('',*,*,#7329,.T.);
#7500=ORIENTED_EDGE('',*,*,#7449,.F.);
#7501=EDGE_LOOP('',(#7496,#7498,#7499,#7500));
#7502=FACE_BOUND('',#7501,.F.);
#7503=ADVANCED_FACE('',(#7495,#7502),#7483,.T.);
#7504=CARTESIAN_POINT('',(-6.6E0,-3.E-1,3.55E0));
#7505=DIRECTION('',(0.E0,1.E0,0.E0));
#7506=DIRECTION('',(-1.E0,0.E0,0.E0));
#7507=AXIS2_PLACEMENT_3D('',#7504,#7505,#7506);
#7508=PLANE('',#7507);
#7510=ORIENTED_EDGE('',*,*,#7509,.T.);
#7511=ORIENTED_EDGE('',*,*,#7462,.T.);
#7512=ORIENTED_EDGE('',*,*,#5868,.F.);
#7513=ORIENTED_EDGE('',*,*,#5986,.T.);
#7514=EDGE_LOOP('',(#7510,#7511,#7512,#7513));
#7515=FACE_OUTER_BOUND('',#7514,.F.);
#7516=ADVANCED_FACE('',(#7515),#7508,.F.);
#7517=CARTESIAN_POINT('',(-6.6E0,-3.9E0,3.55E0));
#7518=DIRECTION('',(1.E0,0.E0,0.E0));
#7519=DIRECTION('',(0.E0,1.E0,0.E0));
#7520=AXIS2_PLACEMENT_3D('',#7517,#7518,#7519);
#7521=PLANE('',#7520);
#7522=ORIENTED_EDGE('',*,*,#5984,.T.);
#7523=ORIENTED_EDGE('',*,*,#6196,.T.);
#7524=ORIENTED_EDGE('',*,*,#7464,.T.);
#7525=ORIENTED_EDGE('',*,*,#7509,.F.);
#7526=EDGE_LOOP('',(#7522,#7523,#7524,#7525));
#7527=FACE_OUTER_BOUND('',#7526,.F.);
#7528=ADVANCED_FACE('',(#7527),#7521,.F.);
#7529=CARTESIAN_POINT('',(-9.4E0,3.E-1,3.55E0));
#7530=DIRECTION('',(0.E0,-1.E0,0.E0));
#7531=DIRECTION('',(1.E0,0.E0,0.E0));
#7532=AXIS2_PLACEMENT_3D('',#7529,#7530,#7531);
#7533=PLANE('',#7532);
#7534=ORIENTED_EDGE('',*,*,#5991,.F.);
#7536=ORIENTED_EDGE('',*,*,#7535,.T.);
#7537=ORIENTED_EDGE('',*,*,#7484,.T.);
#7539=ORIENTED_EDGE('',*,*,#7538,.F.);
#7540=EDGE_LOOP('',(#7534,#7536,#7537,#7539));
#7541=FACE_OUTER_BOUND('',#7540,.F.);
#7542=ADVANCED_FACE('',(#7541),#7533,.F.);
#7543=CARTESIAN_POINT('',(-1.02E1,1.1E0,3.55E0));
#7544=DIRECTION('',(-7.071067811865E-1,-7.071067811866E-1,0.E0));
#7545=DIRECTION('',(7.071067811866E-1,-7.071067811865E-1,0.E0));
#7546=AXIS2_PLACEMENT_3D('',#7543,#7544,#7545);
#7547=PLANE('',#7546);
#7548=ORIENTED_EDGE('',*,*,#5989,.F.);
#7549=ORIENTED_EDGE('',*,*,#5864,.T.);
#7550=ORIENTED_EDGE('',*,*,#7486,.T.);
#7551=ORIENTED_EDGE('',*,*,#7535,.F.);
#7552=EDGE_LOOP('',(#7548,#7549,#7550,#7551));
#7553=FACE_OUTER_BOUND('',#7552,.F.);
#7554=ADVANCED_FACE('',(#7553),#7547,.F.);
#7555=CARTESIAN_POINT('',(-7.4E0,3.E-1,3.55E0));
#7556=DIRECTION('',(7.071067811865E-1,-7.071067811865E-1,0.E0));
#7557=DIRECTION('',(7.071067811865E-1,7.071067811865E-1,0.E0));
#7558=AXIS2_PLACEMENT_3D('',#7555,#7556,#7557);
#7559=PLANE('',#7558);
#7560=ORIENTED_EDGE('',*,*,#5993,.F.);
#7561=ORIENTED_EDGE('',*,*,#7538,.T.);
#7562=ORIENTED_EDGE('',*,*,#7492,.T.);
#7564=ORIENTED_EDGE('',*,*,#7563,.F.);
#7565=EDGE_LOOP('',(#7560,#7561,#7562,#7564));
#7566=FACE_OUTER_BOUND('',#7565,.F.);
#7567=ADVANCED_FACE('',(#7566),#7559,.F.);
#7568=CARTESIAN_POINT('',(-6.6E0,1.1E0,3.55E0));
#7569=DIRECTION('',(1.E0,0.E0,0.E0));
#7570=DIRECTION('',(0.E0,1.E0,0.E0));
#7571=AXIS2_PLACEMENT_3D('',#7568,#7569,#7570);
#7572=PLANE('',#7571);
#7573=ORIENTED_EDGE('',*,*,#5995,.F.);
#7574=ORIENTED_EDGE('',*,*,#7563,.T.);
#7575=ORIENTED_EDGE('',*,*,#7490,.T.);
#7576=ORIENTED_EDGE('',*,*,#5901,.F.);
#7577=EDGE_LOOP('',(#7573,#7574,#7575,#7576));
#7578=FACE_OUTER_BOUND('',#7577,.F.);
#7579=ADVANCED_FACE('',(#7578),#7572,.F.);
#7580=CARTESIAN_POINT('',(-8.97E0,-2.47E0,2.15E0));
#7581=DIRECTION('',(0.E0,-1.E0,0.E0));
#7582=DIRECTION('',(0.E0,0.E0,-1.E0));
#7583=AXIS2_PLACEMENT_3D('',#7580,#7581,#7582);
#7584=PLANE('',#7583);
#7585=ORIENTED_EDGE('',*,*,#7268,.F.);
#7587=ORIENTED_EDGE('',*,*,#7586,.T.);
#7588=ORIENTED_EDGE('',*,*,#7347,.T.);
#7589=ORIENTED_EDGE('',*,*,#7471,.F.);
#7590=EDGE_LOOP('',(#7585,#7587,#7588,#7589));
#7591=FACE_OUTER_BOUND('',#7590,.F.);
#7592=ADVANCED_FACE('',(#7591),#7584,.T.);
#7593=CARTESIAN_POINT('',(-8.97E0,-1.33E0,2.15E0));
#7594=DIRECTION('',(0.E0,0.E0,1.E0));
#7595=DIRECTION('',(0.E0,-1.E0,0.E0));
#7596=AXIS2_PLACEMENT_3D('',#7593,#7594,#7595);
#7597=PLANE('',#7596);
#7598=ORIENTED_EDGE('',*,*,#7266,.F.);
#7600=ORIENTED_EDGE('',*,*,#7599,.T.);
#7601=ORIENTED_EDGE('',*,*,#7349,.T.);
#7602=ORIENTED_EDGE('',*,*,#7586,.F.);
#7603=EDGE_LOOP('',(#7598,#7600,#7601,#7602));
#7604=FACE_OUTER_BOUND('',#7603,.F.);
#7605=ADVANCED_FACE('',(#7604),#7597,.T.);
#7606=CARTESIAN_POINT('',(-8.97E0,-1.33E0,-3.35E0));
#7607=DIRECTION('',(0.E0,1.E0,0.E0));
#7608=DIRECTION('',(0.E0,0.E0,1.E0));
#7609=AXIS2_PLACEMENT_3D('',#7606,#7607,#7608);
#7610=PLANE('',#7609);
#7611=ORIENTED_EDGE('',*,*,#7264,.F.);
#7612=ORIENTED_EDGE('',*,*,#7474,.T.);
#7613=ORIENTED_EDGE('',*,*,#7343,.T.);
#7614=ORIENTED_EDGE('',*,*,#7599,.F.);
#7615=EDGE_LOOP('',(#7611,#7612,#7613,#7614));
#7616=FACE_OUTER_BOUND('',#7615,.F.);
#7617=ADVANCED_FACE('',(#7616),#7610,.T.);
#7618=CARTESIAN_POINT('',(-8.97E0,1.73E0,2.15E0));
#7619=DIRECTION('',(0.E0,-1.E0,0.E0));
#7620=DIRECTION('',(0.E0,0.E0,-1.E0));
#7621=AXIS2_PLACEMENT_3D('',#7618,#7619,#7620);
#7622=PLANE('',#7621);
#7623=ORIENTED_EDGE('',*,*,#7252,.F.);
#7625=ORIENTED_EDGE('',*,*,#7624,.T.);
#7626=ORIENTED_EDGE('',*,*,#7331,.T.);
#7627=ORIENTED_EDGE('',*,*,#7497,.F.);
#7628=EDGE_LOOP('',(#7623,#7625,#7626,#7627));
#7629=FACE_OUTER_BOUND('',#7628,.F.);
#7630=ADVANCED_FACE('',(#7629),#7622,.T.);
#7631=CARTESIAN_POINT('',(-8.97E0,2.87E0,2.15E0));
#7632=DIRECTION('',(0.E0,0.E0,1.E0));
#7633=DIRECTION('',(0.E0,-1.E0,0.E0));
#7634=AXIS2_PLACEMENT_3D('',#7631,#7632,#7633);
#7635=PLANE('',#7634);
#7636=ORIENTED_EDGE('',*,*,#7250,.F.);
#7637=ORIENTED_EDGE('',*,*,#7452,.T.);
#7638=ORIENTED_EDGE('',*,*,#7333,.T.);
#7639=ORIENTED_EDGE('',*,*,#7624,.F.);
#7640=EDGE_LOOP('',(#7636,#7637,#7638,#7639));
#7641=FACE_OUTER_BOUND('',#7640,.F.);
#7642=ADVANCED_FACE('',(#7641),#7635,.T.);
#7643=CARTESIAN_POINT('',(-7.4E0,4.8E0,-6.55E0));
#7644=DIRECTION('',(1.E0,0.E0,0.E0));
#7645=DIRECTION('',(0.E0,0.E0,-1.E0));
#7646=AXIS2_PLACEMENT_3D('',#7643,#7644,#7645);
#7647=PLANE('',#7646);
#7648=ORIENTED_EDGE('',*,*,#6878,.T.);
#7649=ORIENTED_EDGE('',*,*,#6958,.T.);
#7651=ORIENTED_EDGE('',*,*,#7650,.T.);
#7653=ORIENTED_EDGE('',*,*,#7652,.F.);
#7654=ORIENTED_EDGE('',*,*,#5643,.F.);
#7655=ORIENTED_EDGE('',*,*,#7167,.T.);
#7656=EDGE_LOOP('',(#7648,#7649,#7651,#7653,#7654,#7655));
#7657=FACE_OUTER_BOUND('',#7656,.F.);
#7658=ADVANCED_FACE('',(#7657),#7647,.F.);
#7659=CARTESIAN_POINT('',(-7.4E0,4.8E0,-6.55E0));
#7660=DIRECTION('',(1.E0,0.E0,0.E0));
#7661=DIRECTION('',(0.E0,0.E0,-1.E0));
#7662=AXIS2_PLACEMENT_3D('',#7659,#7660,#7661);
#7663=PLANE('',#7662);
#7665=ORIENTED_EDGE('',*,*,#7664,.F.);
#7666=ORIENTED_EDGE('',*,*,#7194,.T.);
#7668=ORIENTED_EDGE('',*,*,#7667,.T.);
#7670=ORIENTED_EDGE('',*,*,#7669,.F.);
#7672=ORIENTED_EDGE('',*,*,#7671,.T.);
#7673=ORIENTED_EDGE('',*,*,#7015,.T.);
#7674=EDGE_LOOP('',(#7665,#7666,#7668,#7670,#7672,#7673));
#7675=FACE_OUTER_BOUND('',#7674,.F.);
#7676=ADVANCED_FACE('',(#7675),#7663,.F.);
#7677=CARTESIAN_POINT('',(1.38E1,3.9E0,-7.05E0));
#7678=DIRECTION('',(0.E0,1.E0,0.E0));
#7679=DIRECTION('',(0.E0,0.E0,1.E0));
#7680=AXIS2_PLACEMENT_3D('',#7677,#7678,#7679);
#7681=PLANE('',#7680);
#7682=ORIENTED_EDGE('',*,*,#6905,.F.);
#7683=ORIENTED_EDGE('',*,*,#6986,.F.);
#7685=ORIENTED_EDGE('',*,*,#7684,.F.);
#7687=ORIENTED_EDGE('',*,*,#7686,.F.);
#7688=EDGE_LOOP('',(#7682,#7683,#7685,#7687));
#7689=FACE_OUTER_BOUND('',#7688,.F.);
#7690=ADVANCED_FACE('',(#7689),#7681,.F.);
#7691=CARTESIAN_POINT('',(1.38E1,3.9E0,-7.05E0));
#7692=DIRECTION('',(0.E0,1.E0,0.E0));
#7693=DIRECTION('',(0.E0,0.E0,1.E0));
#7694=AXIS2_PLACEMENT_3D('',#7691,#7692,#7693);
#7695=PLANE('',#7694);
#7697=ORIENTED_EDGE('',*,*,#7696,.F.);
#7698=ORIENTED_EDGE('',*,*,#7086,.F.);
#7700=ORIENTED_EDGE('',*,*,#7699,.T.);
#7702=ORIENTED_EDGE('',*,*,#7701,.F.);
#7703=EDGE_LOOP('',(#7697,#7698,#7700,#7702));
#7704=FACE_OUTER_BOUND('',#7703,.F.);
#7705=ADVANCED_FACE('',(#7704),#7695,.F.);
#7706=CARTESIAN_POINT('',(1.38E1,3.9E0,-7.05E0));
#7707=DIRECTION('',(0.E0,1.E0,0.E0));
#7708=DIRECTION('',(0.E0,0.E0,1.E0));
#7709=AXIS2_PLACEMENT_3D('',#7706,#7707,#7708);
#7710=PLANE('',#7709);
#7712=ORIENTED_EDGE('',*,*,#7711,.F.);
#7713=ORIENTED_EDGE('',*,*,#6971,.F.);
#7715=ORIENTED_EDGE('',*,*,#7714,.T.);
#7717=ORIENTED_EDGE('',*,*,#7716,.F.);
#7718=EDGE_LOOP('',(#7712,#7713,#7715,#7717));
#7719=FACE_OUTER_BOUND('',#7718,.F.);
#7720=ADVANCED_FACE('',(#7719),#7710,.F.);
#7721=CARTESIAN_POINT('',(1.38E1,3.9E0,-7.05E0));
#7722=DIRECTION('',(0.E0,1.E0,0.E0));
#7723=DIRECTION('',(0.E0,0.E0,1.E0));
#7724=AXIS2_PLACEMENT_3D('',#7721,#7722,#7723);
#7725=PLANE('',#7724);
#7727=ORIENTED_EDGE('',*,*,#7726,.F.);
#7728=ORIENTED_EDGE('',*,*,#7117,.F.);
#7730=ORIENTED_EDGE('',*,*,#7729,.T.);
#7732=ORIENTED_EDGE('',*,*,#7731,.F.);
#7733=EDGE_LOOP('',(#7727,#7728,#7730,#7732));
#7734=FACE_OUTER_BOUND('',#7733,.F.);
#7735=ADVANCED_FACE('',(#7734),#7725,.F.);
#7736=CARTESIAN_POINT('',(1.38E1,3.9E0,-7.05E0));
#7737=DIRECTION('',(0.E0,1.E0,0.E0));
#7738=DIRECTION('',(0.E0,0.E0,1.E0));
#7739=AXIS2_PLACEMENT_3D('',#7736,#7737,#7738);
#7740=PLANE('',#7739);
#7741=ORIENTED_EDGE('',*,*,#7650,.F.);
#7742=ORIENTED_EDGE('',*,*,#6956,.F.);
#7744=ORIENTED_EDGE('',*,*,#7743,.T.);
#7746=ORIENTED_EDGE('',*,*,#7745,.F.);
#7747=EDGE_LOOP('',(#7741,#7742,#7744,#7746));
#7748=FACE_OUTER_BOUND('',#7747,.F.);
#7749=ADVANCED_FACE('',(#7748),#7740,.F.);
#7750=CARTESIAN_POINT('',(1.38E1,3.9E0,-7.05E0));
#7751=DIRECTION('',(0.E0,1.E0,0.E0));
#7752=DIRECTION('',(0.E0,0.E0,1.E0));
#7753=AXIS2_PLACEMENT_3D('',#7750,#7751,#7752);
#7754=PLANE('',#7753);
#7755=ORIENTED_EDGE('',*,*,#7136,.T.);
#7757=ORIENTED_EDGE('',*,*,#7756,.F.);
#7759=ORIENTED_EDGE('',*,*,#7758,.T.);
#7760=ORIENTED_EDGE('',*,*,#6941,.F.);
#7761=EDGE_LOOP('',(#7755,#7757,#7759,#7760));
#7762=FACE_OUTER_BOUND('',#7761,.F.);
#7763=ADVANCED_FACE('',(#7762),#7754,.F.);
#7764=CARTESIAN_POINT('',(1.11E1,7.5E0,-7.05E0));
#7765=DIRECTION('',(-1.E0,0.E0,0.E0));
#7766=DIRECTION('',(0.E0,0.E0,1.E0));
#7767=AXIS2_PLACEMENT_3D('',#7764,#7765,#7766);
#7768=PLANE('',#7767);
#7770=ORIENTED_EDGE('',*,*,#7769,.T.);
#7771=ORIENTED_EDGE('',*,*,#7050,.T.);
#7773=ORIENTED_EDGE('',*,*,#7772,.T.);
#7775=ORIENTED_EDGE('',*,*,#7774,.F.);
#7777=ORIENTED_EDGE('',*,*,#7776,.F.);
#7778=ORIENTED_EDGE('',*,*,#5514,.F.);
#7779=EDGE_LOOP('',(#7770,#7771,#7773,#7775,#7777,#7778));
#7780=FACE_OUTER_BOUND('',#7779,.F.);
#7781=ADVANCED_FACE('',(#7780),#7768,.F.);
#7782=CARTESIAN_POINT('',(1.11E1,7.5E0,-7.05E0));
#7783=DIRECTION('',(-1.E0,0.E0,0.E0));
#7784=DIRECTION('',(0.E0,0.E0,1.E0));
#7785=AXIS2_PLACEMENT_3D('',#7782,#7783,#7784);
#7786=PLANE('',#7785);
#7787=ORIENTED_EDGE('',*,*,#5502,.T.);
#7789=ORIENTED_EDGE('',*,*,#7788,.T.);
#7791=ORIENTED_EDGE('',*,*,#7790,.F.);
#7792=ORIENTED_EDGE('',*,*,#5207,.F.);
#7793=ORIENTED_EDGE('',*,*,#5267,.T.);
#7795=ORIENTED_EDGE('',*,*,#7794,.F.);
#7797=ORIENTED_EDGE('',*,*,#7796,.T.);
#7799=ORIENTED_EDGE('',*,*,#7798,.T.);
#7800=ORIENTED_EDGE('',*,*,#5259,.T.);
#7801=ORIENTED_EDGE('',*,*,#5625,.F.);
#7803=ORIENTED_EDGE('',*,*,#7802,.F.);
#7804=ORIENTED_EDGE('',*,*,#7684,.T.);
#7805=ORIENTED_EDGE('',*,*,#6984,.T.);
#7806=ORIENTED_EDGE('',*,*,#6890,.T.);
#7808=ORIENTED_EDGE('',*,*,#7807,.T.);
#7810=ORIENTED_EDGE('',*,*,#7809,.F.);
#7811=ORIENTED_EDGE('',*,*,#7058,.T.);
#7813=ORIENTED_EDGE('',*,*,#7812,.F.);
#7814=EDGE_LOOP('',(#7787,#7789,#7791,#7792,#7793,#7795,#7797,#7799,#7800,#7801,
#7803,#7804,#7805,#7806,#7808,#7810,#7811,#7813));
#7815=FACE_OUTER_BOUND('',#7814,.F.);
#7816=ADVANCED_FACE('',(#7815),#7786,.F.);
#7817=CARTESIAN_POINT('',(1.13E1,-3.8E0,-6.7E0));
#7818=DIRECTION('',(0.E0,-1.E0,0.E0));
#7819=DIRECTION('',(-1.E0,0.E0,0.E0));
#7820=AXIS2_PLACEMENT_3D('',#7817,#7818,#7819);
#7821=PLANE('',#7820);
#7822=ORIENTED_EDGE('',*,*,#7769,.F.);
#7823=ORIENTED_EDGE('',*,*,#5512,.T.);
#7825=ORIENTED_EDGE('',*,*,#7824,.F.);
#7826=ORIENTED_EDGE('',*,*,#7052,.T.);
#7827=EDGE_LOOP('',(#7822,#7823,#7825,#7826));
#7828=FACE_OUTER_BOUND('',#7827,.F.);
#7829=ADVANCED_FACE('',(#7828),#7821,.T.);
#7830=CARTESIAN_POINT('',(1.13E1,-3.4E0,-6.7E0));
#7831=DIRECTION('',(0.E0,0.E0,-1.E0));
#7832=DIRECTION('',(1.E0,0.E0,0.E0));
#7833=AXIS2_PLACEMENT_3D('',#7830,#7831,#7832);
#7834=CYLINDRICAL_SURFACE('',#7833,4.E-1);
#7835=ORIENTED_EDGE('',*,*,#5506,.F.);
#7837=ORIENTED_EDGE('',*,*,#7836,.F.);
#7838=ORIENTED_EDGE('',*,*,#7054,.T.);
#7839=ORIENTED_EDGE('',*,*,#7824,.T.);
#7840=ORIENTED_EDGE('',*,*,#5510,.F.);
#7842=ORIENTED_EDGE('',*,*,#7841,.F.);
#7843=EDGE_LOOP('',(#7835,#7837,#7838,#7839,#7840,#7842));
#7844=FACE_OUTER_BOUND('',#7843,.F.);
#7845=ADVANCED_FACE('',(#7844),#7834,.T.);
#7846=CARTESIAN_POINT('',(1.11E1,-3.E0,-6.7E0));
#7847=DIRECTION('',(0.E0,1.E0,0.E0));
#7848=DIRECTION('',(1.E0,0.E0,0.E0));
#7849=AXIS2_PLACEMENT_3D('',#7846,#7847,#7848);
#7850=PLANE('',#7849);
#7851=ORIENTED_EDGE('',*,*,#7812,.T.);
#7852=ORIENTED_EDGE('',*,*,#7056,.T.);
#7853=ORIENTED_EDGE('',*,*,#7836,.T.);
#7854=ORIENTED_EDGE('',*,*,#5504,.F.);
#7855=EDGE_LOOP('',(#7851,#7852,#7853,#7854));
#7856=FACE_OUTER_BOUND('',#7855,.F.);
#7857=ADVANCED_FACE('',(#7856),#7850,.T.);
#7858=CARTESIAN_POINT('',(1.38E1,3.9E0,3.3E0));
#7859=DIRECTION('',(0.E0,0.E0,-1.E0));
#7860=DIRECTION('',(1.E0,0.E0,0.E0));
#7861=AXIS2_PLACEMENT_3D('',#7858,#7859,#7860);
#7862=PLANE('',#7861);
#7863=ORIENTED_EDGE('',*,*,#5508,.F.);
#7864=ORIENTED_EDGE('',*,*,#7841,.T.);
#7865=EDGE_LOOP('',(#7863,#7864));
#7866=FACE_OUTER_BOUND('',#7865,.F.);
#7867=ADVANCED_FACE('',(#7866),#7862,.F.);
#7868=CARTESIAN_POINT('',(1.38E1,-3.9E0,-6.7E0));
#7869=DIRECTION('',(0.E0,-1.E0,0.E0));
#7870=DIRECTION('',(0.E0,0.E0,-1.E0));
#7871=AXIS2_PLACEMENT_3D('',#7868,#7869,#7870);
#7872=PLANE('',#7871);
#7873=ORIENTED_EDGE('',*,*,#6926,.F.);
#7875=ORIENTED_EDGE('',*,*,#7874,.T.);
#7876=ORIENTED_EDGE('',*,*,#7772,.F.);
#7877=ORIENTED_EDGE('',*,*,#7048,.T.);
#7878=EDGE_LOOP('',(#7873,#7875,#7876,#7877));
#7879=FACE_OUTER_BOUND('',#7878,.F.);
#7880=ADVANCED_FACE('',(#7879),#7872,.F.);
#7881=CARTESIAN_POINT('',(1.38E1,-3.9E0,-6.7E0));
#7882=DIRECTION('',(0.E0,-1.E0,0.E0));
#7883=DIRECTION('',(0.E0,0.E0,-1.E0));
#7884=AXIS2_PLACEMENT_3D('',#7881,#7882,#7883);
#7885=PLANE('',#7884);
#7887=ORIENTED_EDGE('',*,*,#7886,.F.);
#7889=ORIENTED_EDGE('',*,*,#7888,.T.);
#7891=ORIENTED_EDGE('',*,*,#7890,.T.);
#7892=ORIENTED_EDGE('',*,*,#7074,.T.);
#7893=EDGE_LOOP('',(#7887,#7889,#7891,#7892));
#7894=FACE_OUTER_BOUND('',#7893,.F.);
#7895=ADVANCED_FACE('',(#7894),#7885,.F.);
#7896=CARTESIAN_POINT('',(1.38E1,-3.9E0,-6.7E0));
#7897=DIRECTION('',(0.E0,-1.E0,0.E0));
#7898=DIRECTION('',(0.E0,0.E0,-1.E0));
#7899=AXIS2_PLACEMENT_3D('',#7896,#7897,#7898);
#7900=PLANE('',#7899);
#7902=ORIENTED_EDGE('',*,*,#7901,.F.);
#7904=ORIENTED_EDGE('',*,*,#7903,.T.);
#7906=ORIENTED_EDGE('',*,*,#7905,.T.);
#7907=ORIENTED_EDGE('',*,*,#7033,.T.);
#7908=EDGE_LOOP('',(#7902,#7904,#7906,#7907));
#7909=FACE_OUTER_BOUND('',#7908,.F.);
#7910=ADVANCED_FACE('',(#7909),#7900,.F.);
#7911=CARTESIAN_POINT('',(1.38E1,-3.9E0,-6.7E0));
#7912=DIRECTION('',(0.E0,-1.E0,0.E0));
#7913=DIRECTION('',(0.E0,0.E0,-1.E0));
#7914=AXIS2_PLACEMENT_3D('',#7911,#7912,#7913);
#7915=PLANE('',#7914);
#7917=ORIENTED_EDGE('',*,*,#7916,.F.);
#7919=ORIENTED_EDGE('',*,*,#7918,.T.);
#7921=ORIENTED_EDGE('',*,*,#7920,.T.);
#7922=ORIENTED_EDGE('',*,*,#7105,.T.);
#7923=EDGE_LOOP('',(#7917,#7919,#7921,#7922));
#7924=FACE_OUTER_BOUND('',#7923,.F.);
#7925=ADVANCED_FACE('',(#7924),#7915,.F.);
#7926=CARTESIAN_POINT('',(1.38E1,-3.9E0,-6.7E0));
#7927=DIRECTION('',(0.E0,-1.E0,0.E0));
#7928=DIRECTION('',(0.E0,0.E0,-1.E0));
#7929=AXIS2_PLACEMENT_3D('',#7926,#7927,#7928);
#7930=PLANE('',#7929);
#7931=ORIENTED_EDGE('',*,*,#7671,.F.);
#7933=ORIENTED_EDGE('',*,*,#7932,.T.);
#7935=ORIENTED_EDGE('',*,*,#7934,.T.);
#7936=ORIENTED_EDGE('',*,*,#7017,.T.);
#7937=EDGE_LOOP('',(#7931,#7933,#7935,#7936));
#7938=FACE_OUTER_BOUND('',#7937,.F.);
#7939=ADVANCED_FACE('',(#7938),#7930,.F.);
#7940=CARTESIAN_POINT('',(1.38E1,-3.9E0,-6.7E0));
#7941=DIRECTION('',(0.E0,-1.E0,0.E0));
#7942=DIRECTION('',(0.E0,0.E0,-1.E0));
#7943=AXIS2_PLACEMENT_3D('',#7940,#7941,#7942);
#7944=PLANE('',#7943);
#7945=ORIENTED_EDGE('',*,*,#7150,.T.);
#7946=ORIENTED_EDGE('',*,*,#7001,.T.);
#7948=ORIENTED_EDGE('',*,*,#7947,.T.);
#7950=ORIENTED_EDGE('',*,*,#7949,.T.);
#7951=EDGE_LOOP('',(#7945,#7946,#7948,#7950));
#7952=FACE_OUTER_BOUND('',#7951,.F.);
#7953=ADVANCED_FACE('',(#7952),#7944,.F.);
#7954=CARTESIAN_POINT('',(-1.38E1,-4.8E0,-7.05E0));
#7955=DIRECTION('',(0.E0,0.E0,-1.E0));
#7956=DIRECTION('',(0.E0,1.E0,0.E0));
#7957=AXIS2_PLACEMENT_3D('',#7954,#7955,#7956);
#7958=PLANE('',#7957);
#7959=ORIENTED_EDGE('',*,*,#6924,.T.);
#7961=ORIENTED_EDGE('',*,*,#7960,.T.);
#7962=ORIENTED_EDGE('',*,*,#7774,.T.);
#7963=ORIENTED_EDGE('',*,*,#7874,.F.);
#7964=EDGE_LOOP('',(#7959,#7961,#7962,#7963));
#7965=FACE_OUTER_BOUND('',#7964,.F.);
#7966=ADVANCED_FACE('',(#7965),#7958,.T.);
#7967=CARTESIAN_POINT('',(-1.38E1,-4.8E0,-7.05E0));
#7968=DIRECTION('',(0.E0,0.E0,-1.E0));
#7969=DIRECTION('',(0.E0,1.E0,0.E0));
#7970=AXIS2_PLACEMENT_3D('',#7967,#7968,#7969);
#7971=PLANE('',#7970);
#7972=ORIENTED_EDGE('',*,*,#6907,.T.);
#7973=ORIENTED_EDGE('',*,*,#7686,.T.);
#7974=ORIENTED_EDGE('',*,*,#7802,.T.);
#7975=ORIENTED_EDGE('',*,*,#5677,.F.);
#7976=EDGE_LOOP('',(#7972,#7973,#7974,#7975));
#7977=FACE_OUTER_BOUND('',#7976,.F.);
#7978=ADVANCED_FACE('',(#7977),#7971,.T.);
#7979=CARTESIAN_POINT('',(-1.38E1,-4.8E0,-7.05E0));
#7980=DIRECTION('',(0.E0,0.E0,-1.E0));
#7981=DIRECTION('',(0.E0,1.E0,0.E0));
#7982=AXIS2_PLACEMENT_3D('',#7979,#7980,#7981);
#7983=PLANE('',#7982);
#7985=ORIENTED_EDGE('',*,*,#7984,.T.);
#7987=ORIENTED_EDGE('',*,*,#7986,.T.);
#7989=ORIENTED_EDGE('',*,*,#7988,.F.);
#7990=ORIENTED_EDGE('',*,*,#7888,.F.);
#7991=EDGE_LOOP('',(#7985,#7987,#7989,#7990));
#7992=FACE_OUTER_BOUND('',#7991,.F.);
#7993=ADVANCED_FACE('',(#7992),#7983,.T.);
#7994=CARTESIAN_POINT('',(-1.38E1,-4.8E0,-7.05E0));
#7995=DIRECTION('',(0.E0,0.E0,-1.E0));
#7996=DIRECTION('',(0.E0,1.E0,0.E0));
#7997=AXIS2_PLACEMENT_3D('',#7994,#7995,#7996);
#7998=PLANE('',#7997);
#8000=ORIENTED_EDGE('',*,*,#7999,.T.);
#8001=ORIENTED_EDGE('',*,*,#7701,.T.);
#8003=ORIENTED_EDGE('',*,*,#8002,.F.);
#8004=ORIENTED_EDGE('',*,*,#5669,.F.);
#8005=EDGE_LOOP('',(#8000,#8001,#8003,#8004));
#8006=FACE_OUTER_BOUND('',#8005,.F.);
#8007=ADVANCED_FACE('',(#8006),#7998,.T.);
#8008=CARTESIAN_POINT('',(-1.38E1,-4.8E0,-7.05E0));
#8009=DIRECTION('',(0.E0,0.E0,-1.E0));
#8010=DIRECTION('',(0.E0,1.E0,0.E0));
#8011=AXIS2_PLACEMENT_3D('',#8008,#8009,#8010);
#8012=PLANE('',#8011);
#8014=ORIENTED_EDGE('',*,*,#8013,.T.);
#8016=ORIENTED_EDGE('',*,*,#8015,.T.);
#8018=ORIENTED_EDGE('',*,*,#8017,.F.);
#8019=ORIENTED_EDGE('',*,*,#7903,.F.);
#8020=EDGE_LOOP('',(#8014,#8016,#8018,#8019));
#8021=FACE_OUTER_BOUND('',#8020,.F.);
#8022=ADVANCED_FACE('',(#8021),#8012,.T.);
#8023=CARTESIAN_POINT('',(-1.38E1,-4.8E0,-7.05E0));
#8024=DIRECTION('',(0.E0,0.E0,-1.E0));
#8025=DIRECTION('',(0.E0,1.E0,0.E0));
#8026=AXIS2_PLACEMENT_3D('',#8023,#8024,#8025);
#8027=PLANE('',#8026);
#8029=ORIENTED_EDGE('',*,*,#8028,.T.);
#8030=ORIENTED_EDGE('',*,*,#7716,.T.);
#8032=ORIENTED_EDGE('',*,*,#8031,.F.);
#8033=ORIENTED_EDGE('',*,*,#5661,.F.);
#8034=EDGE_LOOP('',(#8029,#8030,#8032,#8033));
#8035=FACE_OUTER_BOUND('',#8034,.F.);
#8036=ADVANCED_FACE('',(#8035),#8027,.T.);
#8037=CARTESIAN_POINT('',(-1.38E1,-4.8E0,-7.05E0));
#8038=DIRECTION('',(0.E0,0.E0,-1.E0));
#8039=DIRECTION('',(0.E0,1.E0,0.E0));
#8040=AXIS2_PLACEMENT_3D('',#8037,#8038,#8039);
#8041=PLANE('',#8040);
#8043=ORIENTED_EDGE('',*,*,#8042,.T.);
#8045=ORIENTED_EDGE('',*,*,#8044,.T.);
#8047=ORIENTED_EDGE('',*,*,#8046,.F.);
#8048=ORIENTED_EDGE('',*,*,#7918,.F.);
#8049=EDGE_LOOP('',(#8043,#8045,#8047,#8048));
#8050=FACE_OUTER_BOUND('',#8049,.F.);
#8051=ADVANCED_FACE('',(#8050),#8041,.T.);
#8052=CARTESIAN_POINT('',(-1.38E1,-4.8E0,-7.05E0));
#8053=DIRECTION('',(0.E0,0.E0,-1.E0));
#8054=DIRECTION('',(0.E0,1.E0,0.E0));
#8055=AXIS2_PLACEMENT_3D('',#8052,#8053,#8054);
#8056=PLANE('',#8055);
#8058=ORIENTED_EDGE('',*,*,#8057,.T.);
#8059=ORIENTED_EDGE('',*,*,#7731,.T.);
#8061=ORIENTED_EDGE('',*,*,#8060,.F.);
#8062=ORIENTED_EDGE('',*,*,#5653,.F.);
#8063=EDGE_LOOP('',(#8058,#8059,#8061,#8062));
#8064=FACE_OUTER_BOUND('',#8063,.F.);
#8065=ADVANCED_FACE('',(#8064),#8056,.T.);
#8066=CARTESIAN_POINT('',(-1.38E1,-4.8E0,-7.05E0));
#8067=DIRECTION('',(0.E0,0.E0,-1.E0));
#8068=DIRECTION('',(0.E0,1.E0,0.E0));
#8069=AXIS2_PLACEMENT_3D('',#8066,#8067,#8068);
#8070=PLANE('',#8069);
#8071=ORIENTED_EDGE('',*,*,#7669,.T.);
#8073=ORIENTED_EDGE('',*,*,#8072,.T.);
#8075=ORIENTED_EDGE('',*,*,#8074,.F.);
#8076=ORIENTED_EDGE('',*,*,#7932,.F.);
#8077=EDGE_LOOP('',(#8071,#8073,#8075,#8076));
#8078=FACE_OUTER_BOUND('',#8077,.F.);
#8079=ADVANCED_FACE('',(#8078),#8070,.T.);
#8080=CARTESIAN_POINT('',(-1.38E1,-4.8E0,-7.05E0));
#8081=DIRECTION('',(0.E0,0.E0,-1.E0));
#8082=DIRECTION('',(0.E0,1.E0,0.E0));
#8083=AXIS2_PLACEMENT_3D('',#8080,#8081,#8082);
#8084=PLANE('',#8083);
#8085=ORIENTED_EDGE('',*,*,#7652,.T.);
#8086=ORIENTED_EDGE('',*,*,#7745,.T.);
#8088=ORIENTED_EDGE('',*,*,#8087,.F.);
#8089=ORIENTED_EDGE('',*,*,#5645,.F.);
#8090=EDGE_LOOP('',(#8085,#8086,#8088,#8089));
#8091=FACE_OUTER_BOUND('',#8090,.F.);
#8092=ADVANCED_FACE('',(#8091),#8084,.T.);
#8093=CARTESIAN_POINT('',(-1.38E1,-4.8E0,-7.05E0));
#8094=DIRECTION('',(0.E0,0.E0,-1.E0));
#8095=DIRECTION('',(0.E0,1.E0,0.E0));
#8096=AXIS2_PLACEMENT_3D('',#8093,#8094,#8095);
#8097=PLANE('',#8096);
#8098=ORIENTED_EDGE('',*,*,#7152,.F.);
#8099=ORIENTED_EDGE('',*,*,#7949,.F.);
#8101=ORIENTED_EDGE('',*,*,#8100,.F.);
#8103=ORIENTED_EDGE('',*,*,#8102,.T.);
#8104=EDGE_LOOP('',(#8098,#8099,#8101,#8103));
#8105=FACE_OUTER_BOUND('',#8104,.F.);
#8106=ADVANCED_FACE('',(#8105),#8097,.T.);
#8107=CARTESIAN_POINT('',(-1.38E1,-4.8E0,-7.05E0));
#8108=DIRECTION('',(0.E0,0.E0,-1.E0));
#8109=DIRECTION('',(0.E0,1.E0,0.E0));
#8110=AXIS2_PLACEMENT_3D('',#8107,#8108,#8109);
#8111=PLANE('',#8110);
#8112=ORIENTED_EDGE('',*,*,#7134,.F.);
#8113=ORIENTED_EDGE('',*,*,#5637,.F.);
#8115=ORIENTED_EDGE('',*,*,#8114,.F.);
#8116=ORIENTED_EDGE('',*,*,#7756,.T.);
#8117=EDGE_LOOP('',(#8112,#8113,#8115,#8116));
#8118=FACE_OUTER_BOUND('',#8117,.F.);
#8119=ADVANCED_FACE('',(#8118),#8111,.T.);
#8120=CARTESIAN_POINT('',(-1.38E1,-4.8E0,3.032265299996E0));
#8121=DIRECTION('',(0.E0,-1.E0,0.E0));
#8122=DIRECTION('',(0.E0,0.E0,-1.E0));
#8123=AXIS2_PLACEMENT_3D('',#8120,#8121,#8122);
#8124=PLANE('',#8123);
#8126=ORIENTED_EDGE('',*,*,#8125,.T.);
#8128=ORIENTED_EDGE('',*,*,#8127,.F.);
#8130=ORIENTED_EDGE('',*,*,#8129,.T.);
#8131=ORIENTED_EDGE('',*,*,#7776,.T.);
#8132=ORIENTED_EDGE('',*,*,#7960,.F.);
#8133=ORIENTED_EDGE('',*,*,#6922,.F.);
#8134=ORIENTED_EDGE('',*,*,#6776,.F.);
#8136=ORIENTED_EDGE('',*,*,#8135,.T.);
#8137=ORIENTED_EDGE('',*,*,#7986,.F.);
#8139=ORIENTED_EDGE('',*,*,#8138,.F.);
#8141=ORIENTED_EDGE('',*,*,#8140,.F.);
#8143=ORIENTED_EDGE('',*,*,#8142,.T.);
#8144=ORIENTED_EDGE('',*,*,#8015,.F.);
#8146=ORIENTED_EDGE('',*,*,#8145,.F.);
#8148=ORIENTED_EDGE('',*,*,#8147,.F.);
#8150=ORIENTED_EDGE('',*,*,#8149,.T.);
#8151=ORIENTED_EDGE('',*,*,#8044,.F.);
#8153=ORIENTED_EDGE('',*,*,#8152,.F.);
#8155=ORIENTED_EDGE('',*,*,#8154,.F.);
#8157=ORIENTED_EDGE('',*,*,#8156,.T.);
#8158=ORIENTED_EDGE('',*,*,#8072,.F.);
#8159=ORIENTED_EDGE('',*,*,#7667,.F.);
#8160=ORIENTED_EDGE('',*,*,#7192,.F.);
#8161=ORIENTED_EDGE('',*,*,#7154,.T.);
#8162=ORIENTED_EDGE('',*,*,#8102,.F.);
#8164=ORIENTED_EDGE('',*,*,#8163,.F.);
#8166=ORIENTED_EDGE('',*,*,#8165,.T.);
#8168=ORIENTED_EDGE('',*,*,#8167,.F.);
#8170=ORIENTED_EDGE('',*,*,#8169,.T.);
#8172=ORIENTED_EDGE('',*,*,#8171,.T.);
#8174=ORIENTED_EDGE('',*,*,#8173,.T.);
#8176=ORIENTED_EDGE('',*,*,#8175,.F.);
#8177=EDGE_LOOP('',(#8126,#8128,#8130,#8131,#8132,#8133,#8134,#8136,#8137,#8139,
#8141,#8143,#8144,#8146,#8148,#8150,#8151,#8153,#8155,#8157,#8158,#8159,#8160,
#8161,#8162,#8164,#8166,#8168,#8170,#8172,#8174,#8176));
#8178=FACE_OUTER_BOUND('',#8177,.F.);
#8179=ADVANCED_FACE('',(#8178),#8124,.T.);
#8180=CARTESIAN_POINT('',(-1.38E1,-7.5E0,6.25E0));
#8181=DIRECTION('',(0.E0,-7.660444431190E-1,-6.427876096865E-1));
#8182=DIRECTION('',(0.E0,6.427876096865E-1,-7.660444431190E-1));
#8183=AXIS2_PLACEMENT_3D('',#8180,#8181,#8182);
#8184=PLANE('',#8183);
#8186=ORIENTED_EDGE('',*,*,#8185,.F.);
#8188=ORIENTED_EDGE('',*,*,#8187,.T.);
#8190=ORIENTED_EDGE('',*,*,#8189,.T.);
#8191=ORIENTED_EDGE('',*,*,#8169,.F.);
#8193=ORIENTED_EDGE('',*,*,#8192,.T.);
#8194=ORIENTED_EDGE('',*,*,#8165,.F.);
#8195=ORIENTED_EDGE('',*,*,#5452,.F.);
#8196=EDGE_LOOP('',(#8186,#8188,#8190,#8191,#8193,#8194,#8195));
#8197=FACE_OUTER_BOUND('',#8196,.F.);
#8198=ADVANCED_FACE('',(#8197),#8184,.T.);
#8199=CARTESIAN_POINT('',(-1.38E1,-7.5E0,6.25E0));
#8200=DIRECTION('',(0.E0,-7.660444431190E-1,-6.427876096865E-1));
#8201=DIRECTION('',(0.E0,6.427876096865E-1,-7.660444431190E-1));
#8202=AXIS2_PLACEMENT_3D('',#8199,#8200,#8201);
#8203=PLANE('',#8202);
#8205=ORIENTED_EDGE('',*,*,#8204,.F.);
#8206=ORIENTED_EDGE('',*,*,#5516,.T.);
#8207=ORIENTED_EDGE('',*,*,#8129,.F.);
#8209=ORIENTED_EDGE('',*,*,#8208,.T.);
#8210=ORIENTED_EDGE('',*,*,#8125,.F.);
#8212=ORIENTED_EDGE('',*,*,#8211,.F.);
#8214=ORIENTED_EDGE('',*,*,#8213,.T.);
#8215=EDGE_LOOP('',(#8205,#8206,#8207,#8209,#8210,#8212,#8214));
#8216=FACE_OUTER_BOUND('',#8215,.F.);
#8217=ADVANCED_FACE('',(#8216),#8203,.T.);
#8218=CARTESIAN_POINT('',(-1.35E1,-7.2E0,6.2281564E0));
#8219=DIRECTION('',(0.E0,0.E0,1.E0));
#8220=DIRECTION('',(-1.E0,0.E0,0.E0));
#8221=AXIS2_PLACEMENT_3D('',#8218,#8219,#8220);
#8222=CYLINDRICAL_SURFACE('',#8221,3.E-1);
#8223=ORIENTED_EDGE('',*,*,#5404,.T.);
#8225=ORIENTED_EDGE('',*,*,#8224,.F.);
#8226=ORIENTED_EDGE('',*,*,#8185,.T.);
#8227=ORIENTED_EDGE('',*,*,#5450,.T.);
#8228=ORIENTED_EDGE('',*,*,#5139,.T.);
#8229=EDGE_LOOP('',(#8223,#8225,#8226,#8227,#8228));
#8230=FACE_OUTER_BOUND('',#8229,.F.);
#8231=ADVANCED_FACE('',(#8230),#8222,.T.);
#8232=CARTESIAN_POINT('',(-1.38E1,-7.5E0,7.05E0));
#8233=DIRECTION('',(0.E0,-1.E0,0.E0));
#8234=DIRECTION('',(0.E0,0.E0,-1.E0));
#8235=AXIS2_PLACEMENT_3D('',#8232,#8233,#8234);
#8236=PLANE('',#8235);
#8237=ORIENTED_EDGE('',*,*,#8224,.T.);
#8238=ORIENTED_EDGE('',*,*,#5402,.T.);
#8240=ORIENTED_EDGE('',*,*,#8239,.T.);
#8241=ORIENTED_EDGE('',*,*,#8213,.F.);
#8243=ORIENTED_EDGE('',*,*,#8242,.F.);
#8244=ORIENTED_EDGE('',*,*,#8187,.F.);
#8245=EDGE_LOOP('',(#8237,#8238,#8240,#8241,#8243,#8244));
#8246=FACE_OUTER_BOUND('',#8245,.F.);
#8247=ADVANCED_FACE('',(#8246),#8236,.T.);
#8248=CARTESIAN_POINT('',(1.35E1,-7.2E0,7.0653768E0));
#8249=DIRECTION('',(0.E0,0.E0,-1.E0));
#8250=DIRECTION('',(1.E0,0.E0,0.E0));
#8251=AXIS2_PLACEMENT_3D('',#8248,#8249,#8250);
#8252=CYLINDRICAL_SURFACE('',#8251,3.E-1);
#8253=ORIENTED_EDGE('',*,*,#5518,.T.);
#8254=ORIENTED_EDGE('',*,*,#8204,.T.);
#8255=ORIENTED_EDGE('',*,*,#8239,.F.);
#8256=ORIENTED_EDGE('',*,*,#5400,.T.);
#8257=ORIENTED_EDGE('',*,*,#5325,.T.);
#8258=EDGE_LOOP('',(#8253,#8254,#8255,#8256,#8257));
#8259=FACE_OUTER_BOUND('',#8258,.F.);
#8260=ADVANCED_FACE('',(#8259),#8252,.T.);
#8261=CARTESIAN_POINT('',(-5.E-1,-7.5E0,6.25E0));
#8262=DIRECTION('',(0.E0,-9.063077870367E-1,-4.226182617407E-1));
#8263=DIRECTION('',(0.E0,4.226182617407E-1,-9.063077870367E-1));
#8264=AXIS2_PLACEMENT_3D('',#8261,#8262,#8263);
#8265=PLANE('',#8264);
#8266=ORIENTED_EDGE('',*,*,#8242,.T.);
#8268=ORIENTED_EDGE('',*,*,#8267,.T.);
#8269=ORIENTED_EDGE('',*,*,#8173,.F.);
#8271=ORIENTED_EDGE('',*,*,#8270,.F.);
#8272=EDGE_LOOP('',(#8266,#8268,#8269,#8271));
#8273=FACE_OUTER_BOUND('',#8272,.F.);
#8274=ADVANCED_FACE('',(#8273),#8265,.T.);
#8275=CARTESIAN_POINT('',(5.E-1,0.E0,0.E0));
#8276=DIRECTION('',(1.E0,0.E0,0.E0));
#8277=DIRECTION('',(0.E0,1.E0,0.E0));
#8278=AXIS2_PLACEMENT_3D('',#8275,#8276,#8277);
#8279=PLANE('',#8278);
#8280=ORIENTED_EDGE('',*,*,#8211,.T.);
#8281=ORIENTED_EDGE('',*,*,#8175,.T.);
#8282=ORIENTED_EDGE('',*,*,#8267,.F.);
#8283=EDGE_LOOP('',(#8280,#8281,#8282));
#8284=FACE_OUTER_BOUND('',#8283,.F.);
#8285=ADVANCED_FACE('',(#8284),#8279,.T.);
#8286=CARTESIAN_POINT('',(-5.E-1,0.E0,0.E0));
#8287=DIRECTION('',(1.E0,0.E0,0.E0));
#8288=DIRECTION('',(0.E0,1.E0,0.E0));
#8289=AXIS2_PLACEMENT_3D('',#8286,#8287,#8288);
#8290=PLANE('',#8289);
#8291=ORIENTED_EDGE('',*,*,#8189,.F.);
#8292=ORIENTED_EDGE('',*,*,#8270,.T.);
#8293=ORIENTED_EDGE('',*,*,#8171,.F.);
#8294=EDGE_LOOP('',(#8291,#8292,#8293));
#8295=FACE_OUTER_BOUND('',#8294,.F.);
#8296=ADVANCED_FACE('',(#8295),#8290,.F.);
#8297=CARTESIAN_POINT('',(-8.4E0,-4.8E0,3.032265299996E0));
#8298=DIRECTION('',(0.E0,-1.E0,0.E0));
#8299=DIRECTION('',(1.E0,0.E0,0.E0));
#8300=AXIS2_PLACEMENT_3D('',#8297,#8298,#8299);
#8301=CYLINDRICAL_SURFACE('',#8300,8.E-1);
#8302=ORIENTED_EDGE('',*,*,#8192,.F.);
#8303=ORIENTED_EDGE('',*,*,#8167,.T.);
#8304=EDGE_LOOP('',(#8302,#8303));
#8305=FACE_OUTER_BOUND('',#8304,.F.);
#8306=ADVANCED_FACE('',(#8305),#8301,.F.);
#8307=CARTESIAN_POINT('',(8.4E0,-4.8E0,3.032265299996E0));
#8308=DIRECTION('',(0.E0,-1.E0,0.E0));
#8309=DIRECTION('',(1.E0,0.E0,0.E0));
#8310=AXIS2_PLACEMENT_3D('',#8307,#8308,#8309);
#8311=CYLINDRICAL_SURFACE('',#8310,8.E-1);
#8312=ORIENTED_EDGE('',*,*,#8208,.F.);
#8313=ORIENTED_EDGE('',*,*,#8127,.T.);
#8314=EDGE_LOOP('',(#8312,#8313));
#8315=FACE_OUTER_BOUND('',#8314,.F.);
#8316=ADVANCED_FACE('',(#8315),#8311,.F.);
#8317=CARTESIAN_POINT('',(7.4E0,4.8E0,-7.05E0));
#8318=DIRECTION('',(-1.E0,0.E0,0.E0));
#8319=DIRECTION('',(0.E0,0.E0,1.E0));
#8320=AXIS2_PLACEMENT_3D('',#8317,#8318,#8319);
#8321=PLANE('',#8320);
#8322=ORIENTED_EDGE('',*,*,#6850,.T.);
#8323=ORIENTED_EDGE('',*,*,#6756,.F.);
#8324=ORIENTED_EDGE('',*,*,#5671,.T.);
#8325=ORIENTED_EDGE('',*,*,#8002,.T.);
#8326=ORIENTED_EDGE('',*,*,#7699,.F.);
#8327=ORIENTED_EDGE('',*,*,#7084,.F.);
#8328=EDGE_LOOP('',(#8322,#8323,#8324,#8325,#8326,#8327));
#8329=FACE_OUTER_BOUND('',#8328,.F.);
#8330=ADVANCED_FACE('',(#8329),#8321,.F.);
#8331=CARTESIAN_POINT('',(7.4E0,4.8E0,-7.05E0));
#8332=DIRECTION('',(-1.E0,0.E0,0.E0));
#8333=DIRECTION('',(0.E0,0.E0,1.E0));
#8334=AXIS2_PLACEMENT_3D('',#8331,#8332,#8333);
#8335=PLANE('',#8334);
#8337=ORIENTED_EDGE('',*,*,#8336,.F.);
#8338=ORIENTED_EDGE('',*,*,#7068,.F.);
#8339=ORIENTED_EDGE('',*,*,#7890,.F.);
#8340=ORIENTED_EDGE('',*,*,#7988,.T.);
#8341=ORIENTED_EDGE('',*,*,#8135,.F.);
#8342=ORIENTED_EDGE('',*,*,#6774,.F.);
#8343=EDGE_LOOP('',(#8337,#8338,#8339,#8340,#8341,#8342));
#8344=FACE_OUTER_BOUND('',#8343,.F.);
#8345=ADVANCED_FACE('',(#8344),#8335,.F.);
#8346=CARTESIAN_POINT('',(1.11E1,-3.E-1,-6.55E0));
#8347=DIRECTION('',(0.E0,-1.E0,0.E0));
#8348=DIRECTION('',(-1.E0,0.E0,0.E0));
#8349=AXIS2_PLACEMENT_3D('',#8346,#8347,#8348);
#8350=PLANE('',#8349);
#8351=ORIENTED_EDGE('',*,*,#6919,.T.);
#8352=ORIENTED_EDGE('',*,*,#7045,.T.);
#8353=ORIENTED_EDGE('',*,*,#7809,.T.);
#8355=ORIENTED_EDGE('',*,*,#8354,.T.);
#8357=ORIENTED_EDGE('',*,*,#8356,.F.);
#8358=ORIENTED_EDGE('',*,*,#6997,.T.);
#8359=ORIENTED_EDGE('',*,*,#7147,.T.);
#8360=ORIENTED_EDGE('',*,*,#7189,.T.);
#8361=ORIENTED_EDGE('',*,*,#7664,.T.);
#8362=ORIENTED_EDGE('',*,*,#7013,.T.);
#8364=ORIENTED_EDGE('',*,*,#8363,.T.);
#8366=ORIENTED_EDGE('',*,*,#8365,.T.);
#8368=ORIENTED_EDGE('',*,*,#8367,.T.);
#8369=ORIENTED_EDGE('',*,*,#7101,.T.);
#8371=ORIENTED_EDGE('',*,*,#8370,.T.);
#8373=ORIENTED_EDGE('',*,*,#8372,.T.);
#8375=ORIENTED_EDGE('',*,*,#8374,.T.);
#8376=ORIENTED_EDGE('',*,*,#7029,.T.);
#8378=ORIENTED_EDGE('',*,*,#8377,.T.);
#8380=ORIENTED_EDGE('',*,*,#8379,.T.);
#8382=ORIENTED_EDGE('',*,*,#8381,.T.);
#8383=ORIENTED_EDGE('',*,*,#7070,.T.);
#8384=ORIENTED_EDGE('',*,*,#8336,.T.);
#8385=ORIENTED_EDGE('',*,*,#6772,.T.);
#8386=EDGE_LOOP('',(#8351,#8352,#8353,#8355,#8357,#8358,#8359,#8360,#8361,#8362,
#8364,#8366,#8368,#8369,#8371,#8373,#8375,#8376,#8378,#8380,#8382,#8383,#8384,
#8385));
#8387=FACE_OUTER_BOUND('',#8386,.F.);
#8388=ADVANCED_FACE('',(#8387),#8350,.T.);
#8389=CARTESIAN_POINT('',(-1.38E1,-4.8E0,-7.05E0));
#8390=DIRECTION('',(0.E0,0.E0,-1.E0));
#8391=DIRECTION('',(0.E0,1.E0,0.E0));
#8392=AXIS2_PLACEMENT_3D('',#8389,#8390,#8391);
#8393=PLANE('',#8392);
#8395=ORIENTED_EDGE('',*,*,#8394,.F.);
#8396=ORIENTED_EDGE('',*,*,#8354,.F.);
#8397=ORIENTED_EDGE('',*,*,#7807,.F.);
#8398=ORIENTED_EDGE('',*,*,#6888,.F.);
#8399=EDGE_LOOP('',(#8395,#8396,#8397,#8398));
#8400=FACE_OUTER_BOUND('',#8399,.F.);
#8401=ADVANCED_FACE('',(#8400),#8393,.T.);
#8402=CARTESIAN_POINT('',(-1.11E1,7.5E0,3.032265299996E0));
#8403=DIRECTION('',(1.E0,0.E0,0.E0));
#8404=DIRECTION('',(0.E0,0.E0,-1.E0));
#8405=AXIS2_PLACEMENT_3D('',#8402,#8403,#8404);
#8406=PLANE('',#8405);
#8408=ORIENTED_EDGE('',*,*,#8407,.T.);
#8410=ORIENTED_EDGE('',*,*,#8409,.T.);
#8411=ORIENTED_EDGE('',*,*,#5445,.F.);
#8412=ORIENTED_EDGE('',*,*,#8163,.T.);
#8413=ORIENTED_EDGE('',*,*,#8100,.T.);
#8414=ORIENTED_EDGE('',*,*,#7947,.F.);
#8415=ORIENTED_EDGE('',*,*,#6999,.T.);
#8416=ORIENTED_EDGE('',*,*,#8356,.T.);
#8417=ORIENTED_EDGE('',*,*,#8394,.T.);
#8418=ORIENTED_EDGE('',*,*,#6886,.F.);
#8419=ORIENTED_EDGE('',*,*,#6943,.T.);
#8420=ORIENTED_EDGE('',*,*,#7758,.F.);
#8421=ORIENTED_EDGE('',*,*,#8114,.T.);
#8422=ORIENTED_EDGE('',*,*,#5635,.T.);
#8423=ORIENTED_EDGE('',*,*,#5183,.F.);
#8425=ORIENTED_EDGE('',*,*,#8424,.T.);
#8427=ORIENTED_EDGE('',*,*,#8426,.F.);
#8429=ORIENTED_EDGE('',*,*,#8428,.F.);
#8430=ORIENTED_EDGE('',*,*,#5175,.F.);
#8431=ORIENTED_EDGE('',*,*,#5225,.T.);
#8432=EDGE_LOOP('',(#8408,#8410,#8411,#8412,#8413,#8414,#8415,#8416,#8417,#8418,
#8419,#8420,#8421,#8422,#8423,#8425,#8427,#8429,#8430,#8431));
#8433=FACE_OUTER_BOUND('',#8432,.F.);
#8434=ADVANCED_FACE('',(#8433),#8406,.F.);
#8435=CARTESIAN_POINT('',(-1.5E1,-1.9E0,-9.5E-1));
#8436=DIRECTION('',(0.E0,0.E0,-1.E0));
#8437=DIRECTION('',(1.E0,0.E0,0.E0));
#8438=AXIS2_PLACEMENT_3D('',#8435,#8436,#8437);
#8439=PLANE('',#8438);
#8441=ORIENTED_EDGE('',*,*,#8440,.T.);
#8442=ORIENTED_EDGE('',*,*,#8407,.F.);
#8443=ORIENTED_EDGE('',*,*,#5233,.F.);
#8445=ORIENTED_EDGE('',*,*,#8444,.F.);
#8446=EDGE_LOOP('',(#8441,#8442,#8443,#8445));
#8447=FACE_OUTER_BOUND('',#8446,.F.);
#8448=ADVANCED_FACE('',(#8447),#8439,.T.);
#8449=CARTESIAN_POINT('',(0.E0,-1.8E0,0.E0));
#8450=DIRECTION('',(0.E0,-1.E0,0.E0));
#8451=DIRECTION('',(1.E0,0.E0,0.E0));
#8452=AXIS2_PLACEMENT_3D('',#8449,#8450,#8451);
#8453=PLANE('',#8452);
#8454=ORIENTED_EDGE('',*,*,#5377,.T.);
#8455=ORIENTED_EDGE('',*,*,#5135,.F.);
#8456=ORIENTED_EDGE('',*,*,#5447,.F.);
#8457=ORIENTED_EDGE('',*,*,#8409,.F.);
#8458=ORIENTED_EDGE('',*,*,#8440,.F.);
#8460=ORIENTED_EDGE('',*,*,#8459,.F.);
#8461=EDGE_LOOP('',(#8454,#8455,#8456,#8457,#8458,#8460));
#8462=FACE_OUTER_BOUND('',#8461,.F.);
#8463=ADVANCED_FACE('',(#8462),#8453,.T.);
#8464=CARTESIAN_POINT('',(0.E0,-1.8E0,0.E0));
#8465=DIRECTION('',(0.E0,-1.E0,0.E0));
#8466=DIRECTION('',(1.E0,0.E0,0.E0));
#8467=AXIS2_PLACEMENT_3D('',#8464,#8465,#8466);
#8468=PLANE('',#8467);
#8469=ORIENTED_EDGE('',*,*,#5397,.T.);
#8471=ORIENTED_EDGE('',*,*,#8470,.F.);
#8473=ORIENTED_EDGE('',*,*,#8472,.F.);
#8474=ORIENTED_EDGE('',*,*,#7788,.F.);
#8475=ORIENTED_EDGE('',*,*,#5500,.F.);
#8476=ORIENTED_EDGE('',*,*,#5321,.F.);
#8477=EDGE_LOOP('',(#8469,#8471,#8473,#8474,#8475,#8476));
#8478=FACE_OUTER_BOUND('',#8477,.F.);
#8479=ADVANCED_FACE('',(#8478),#8468,.T.);
#8480=CARTESIAN_POINT('',(-1.5E1,-1.9E0,7.05E0));
#8481=DIRECTION('',(-1.E0,0.E0,0.E0));
#8482=DIRECTION('',(0.E0,0.E0,-1.E0));
#8483=AXIS2_PLACEMENT_3D('',#8480,#8481,#8482);
#8484=PLANE('',#8483);
#8485=ORIENTED_EDGE('',*,*,#8459,.T.);
#8486=ORIENTED_EDGE('',*,*,#8444,.T.);
#8487=ORIENTED_EDGE('',*,*,#5231,.F.);
#8488=ORIENTED_EDGE('',*,*,#5379,.F.);
#8489=EDGE_LOOP('',(#8485,#8486,#8487,#8488));
#8490=FACE_OUTER_BOUND('',#8489,.F.);
#8491=ADVANCED_FACE('',(#8490),#8484,.T.);
#8492=CARTESIAN_POINT('',(1.5E1,-1.9E0,-9.5E-1));
#8493=DIRECTION('',(1.E0,0.E0,0.E0));
#8494=DIRECTION('',(0.E0,0.E0,1.E0));
#8495=AXIS2_PLACEMENT_3D('',#8492,#8493,#8494);
#8496=PLANE('',#8495);
#8497=ORIENTED_EDGE('',*,*,#8470,.T.);
#8498=ORIENTED_EDGE('',*,*,#5395,.T.);
#8499=ORIENTED_EDGE('',*,*,#5211,.F.);
#8501=ORIENTED_EDGE('',*,*,#8500,.F.);
#8502=EDGE_LOOP('',(#8497,#8498,#8499,#8501));
#8503=FACE_OUTER_BOUND('',#8502,.F.);
#8504=ADVANCED_FACE('',(#8503),#8496,.T.);
#8505=CARTESIAN_POINT('',(1.11E1,-1.9E0,-9.5E-1));
#8506=DIRECTION('',(0.E0,0.E0,-1.E0));
#8507=DIRECTION('',(1.E0,0.E0,0.E0));
#8508=AXIS2_PLACEMENT_3D('',#8505,#8506,#8507);
#8509=PLANE('',#8508);
#8510=ORIENTED_EDGE('',*,*,#8472,.T.);
#8511=ORIENTED_EDGE('',*,*,#8500,.T.);
#8512=ORIENTED_EDGE('',*,*,#5209,.F.);
#8513=ORIENTED_EDGE('',*,*,#7790,.T.);
#8514=EDGE_LOOP('',(#8510,#8511,#8512,#8513));
#8515=FACE_OUTER_BOUND('',#8514,.F.);
#8516=ADVANCED_FACE('',(#8515),#8509,.T.);
#8517=CARTESIAN_POINT('',(-1.38E1,2.875E0,7.05E0));
#8518=DIRECTION('',(0.E0,-1.E0,0.E0));
#8519=DIRECTION('',(1.E0,0.E0,0.E0));
#8520=AXIS2_PLACEMENT_3D('',#8517,#8518,#8519);
#8521=PLANE('',#8520);
#8523=ORIENTED_EDGE('',*,*,#8522,.F.);
#8525=ORIENTED_EDGE('',*,*,#8524,.T.);
#8527=ORIENTED_EDGE('',*,*,#8526,.F.);
#8529=ORIENTED_EDGE('',*,*,#8528,.T.);
#8530=ORIENTED_EDGE('',*,*,#5261,.T.);
#8531=ORIENTED_EDGE('',*,*,#7798,.F.);
#8533=ORIENTED_EDGE('',*,*,#8532,.F.);
#8535=ORIENTED_EDGE('',*,*,#8534,.F.);
#8536=EDGE_LOOP('',(#8523,#8525,#8527,#8529,#8530,#8531,#8533,#8535));
#8537=FACE_OUTER_BOUND('',#8536,.F.);
#8538=ADVANCED_FACE('',(#8537),#8521,.F.);
#8539=CARTESIAN_POINT('',(-1.38E1,2.875E0,7.05E0));
#8540=DIRECTION('',(0.E0,-1.E0,0.E0));
#8541=DIRECTION('',(1.E0,0.E0,0.E0));
#8542=AXIS2_PLACEMENT_3D('',#8539,#8540,#8541);
#8543=PLANE('',#8542);
#8545=ORIENTED_EDGE('',*,*,#8544,.F.);
#8546=ORIENTED_EDGE('',*,*,#8424,.F.);
#8547=ORIENTED_EDGE('',*,*,#5181,.F.);
#8549=ORIENTED_EDGE('',*,*,#8548,.T.);
#8551=ORIENTED_EDGE('',*,*,#8550,.T.);
#8553=ORIENTED_EDGE('',*,*,#8552,.F.);
#8555=ORIENTED_EDGE('',*,*,#8554,.F.);
#8557=ORIENTED_EDGE('',*,*,#8556,.F.);
#8558=EDGE_LOOP('',(#8545,#8546,#8547,#8549,#8551,#8553,#8555,#8557));
#8559=FACE_OUTER_BOUND('',#8558,.F.);
#8560=ADVANCED_FACE('',(#8559),#8543,.F.);
#8561=CARTESIAN_POINT('',(1.29E1,2.125E0,-1.065E1));
#8562=DIRECTION('',(9.848077530122E-1,0.E0,1.736481776669E-1));
#8563=DIRECTION('',(-1.736481776669E-1,0.E0,9.848077530122E-1));
#8564=AXIS2_PLACEMENT_3D('',#8561,#8562,#8563);
#8565=PLANE('',#8564);
#8566=ORIENTED_EDGE('',*,*,#8522,.T.);
#8568=ORIENTED_EDGE('',*,*,#8567,.F.);
#8570=ORIENTED_EDGE('',*,*,#8569,.F.);
#8572=ORIENTED_EDGE('',*,*,#8571,.F.);
#8573=EDGE_LOOP('',(#8566,#8568,#8570,#8572));
#8574=FACE_OUTER_BOUND('',#8573,.F.);
#8575=ADVANCED_FACE('',(#8574),#8565,.F.);
#8576=CARTESIAN_POINT('',(1.164289702605E1,2.125E0,-6.4E0));
#8577=DIRECTION('',(0.E0,-1.E0,0.E0));
#8578=DIRECTION('',(1.E0,0.E0,0.E0));
#8579=AXIS2_PLACEMENT_3D('',#8576,#8577,#8578);
#8580=CYLINDRICAL_SURFACE('',#8579,5.E-1);
#8581=ORIENTED_EDGE('',*,*,#8534,.T.);
#8583=ORIENTED_EDGE('',*,*,#8582,.F.);
#8585=ORIENTED_EDGE('',*,*,#8584,.F.);
#8586=ORIENTED_EDGE('',*,*,#8567,.T.);
#8587=EDGE_LOOP('',(#8581,#8583,#8585,#8586));
#8588=FACE_OUTER_BOUND('',#8587,.F.);
#8589=ADVANCED_FACE('',(#8588),#8580,.F.);
#8590=CARTESIAN_POINT('',(1.164289702605E1,2.125E0,-5.9E0));
#8591=DIRECTION('',(0.E0,0.E0,1.E0));
#8592=DIRECTION('',(-1.E0,0.E0,0.E0));
#8593=AXIS2_PLACEMENT_3D('',#8590,#8591,#8592);
#8594=PLANE('',#8593);
#8595=ORIENTED_EDGE('',*,*,#8532,.T.);
#8596=ORIENTED_EDGE('',*,*,#7796,.F.);
#8598=ORIENTED_EDGE('',*,*,#8597,.F.);
#8599=ORIENTED_EDGE('',*,*,#8582,.T.);
#8600=EDGE_LOOP('',(#8595,#8596,#8598,#8599));
#8601=FACE_OUTER_BOUND('',#8600,.F.);
#8602=ADVANCED_FACE('',(#8601),#8594,.F.);
#8603=CARTESIAN_POINT('',(-1.38E1,2.125E0,7.05E0));
#8604=DIRECTION('',(0.E0,-1.E0,0.E0));
#8605=DIRECTION('',(1.E0,0.E0,0.E0));
#8606=AXIS2_PLACEMENT_3D('',#8603,#8604,#8605);
#8607=PLANE('',#8606);
#8608=ORIENTED_EDGE('',*,*,#8569,.T.);
#8609=ORIENTED_EDGE('',*,*,#8584,.T.);
#8610=ORIENTED_EDGE('',*,*,#8597,.T.);
#8611=ORIENTED_EDGE('',*,*,#7794,.T.);
#8612=ORIENTED_EDGE('',*,*,#5265,.F.);
#8614=ORIENTED_EDGE('',*,*,#8613,.F.);
#8616=ORIENTED_EDGE('',*,*,#8615,.T.);
#8618=ORIENTED_EDGE('',*,*,#8617,.F.);
#8619=EDGE_LOOP('',(#8608,#8609,#8610,#8611,#8612,#8614,#8616,#8618));
#8620=FACE_OUTER_BOUND('',#8619,.F.);
#8621=ADVANCED_FACE('',(#8620),#8607,.T.);
#8622=CARTESIAN_POINT('',(-1.38E1,2.125E0,7.05E0));
#8623=DIRECTION('',(0.E0,-1.E0,0.E0));
#8624=DIRECTION('',(1.E0,0.E0,0.E0));
#8625=AXIS2_PLACEMENT_3D('',#8622,#8623,#8624);
#8626=PLANE('',#8625);
#8628=ORIENTED_EDGE('',*,*,#8627,.T.);
#8630=ORIENTED_EDGE('',*,*,#8629,.T.);
#8632=ORIENTED_EDGE('',*,*,#8631,.T.);
#8634=ORIENTED_EDGE('',*,*,#8633,.T.);
#8636=ORIENTED_EDGE('',*,*,#8635,.F.);
#8638=ORIENTED_EDGE('',*,*,#8637,.F.);
#8639=ORIENTED_EDGE('',*,*,#5177,.T.);
#8640=ORIENTED_EDGE('',*,*,#8428,.T.);
#8641=EDGE_LOOP('',(#8628,#8630,#8632,#8634,#8636,#8638,#8639,#8640));
#8642=FACE_OUTER_BOUND('',#8641,.F.);
#8643=ADVANCED_FACE('',(#8642),#8626,.T.);
#8644=CARTESIAN_POINT('',(1.31E1,2.875E0,-1.065E1));
#8645=DIRECTION('',(1.E0,0.E0,0.E0));
#8646=DIRECTION('',(0.E0,0.E0,1.E0));
#8647=AXIS2_PLACEMENT_3D('',#8644,#8645,#8646);
#8648=PLANE('',#8647);
#8649=ORIENTED_EDGE('',*,*,#5263,.F.);
#8650=ORIENTED_EDGE('',*,*,#8528,.F.);
#8652=ORIENTED_EDGE('',*,*,#8651,.T.);
#8653=ORIENTED_EDGE('',*,*,#8613,.T.);
#8654=EDGE_LOOP('',(#8649,#8650,#8652,#8653));
#8655=FACE_OUTER_BOUND('',#8654,.F.);
#8656=ADVANCED_FACE('',(#8655),#8648,.T.);
#8657=CARTESIAN_POINT('',(1.29E1,2.5E0,-9.5E0));
#8658=DIRECTION('',(0.E0,0.E0,-1.E0));
#8659=DIRECTION('',(1.E0,0.E0,0.E0));
#8660=AXIS2_PLACEMENT_3D('',#8657,#8658,#8659);
#8661=PLANE('',#8660);
#8663=ORIENTED_EDGE('',*,*,#8662,.T.);
#8664=ORIENTED_EDGE('',*,*,#8615,.F.);
#8665=ORIENTED_EDGE('',*,*,#8651,.F.);
#8666=ORIENTED_EDGE('',*,*,#8526,.T.);
#8668=ORIENTED_EDGE('',*,*,#8667,.T.);
#8670=ORIENTED_EDGE('',*,*,#8669,.T.);
#8671=EDGE_LOOP('',(#8663,#8664,#8665,#8666,#8668,#8670));
#8672=FACE_OUTER_BOUND('',#8671,.F.);
#8673=ADVANCED_FACE('',(#8672),#8661,.F.);
#8674=CARTESIAN_POINT('',(1.29E1,2.5E0,6.1765E0));
#8675=DIRECTION('',(1.E0,0.E0,0.E0));
#8676=DIRECTION('',(0.E0,-1.E0,0.E0));
#8677=AXIS2_PLACEMENT_3D('',#8674,#8675,#8676);
#8678=PLANE('',#8677);
#8680=ORIENTED_EDGE('',*,*,#8679,.T.);
#8681=ORIENTED_EDGE('',*,*,#8617,.T.);
#8682=ORIENTED_EDGE('',*,*,#8662,.F.);
#8684=ORIENTED_EDGE('',*,*,#8683,.F.);
#8685=ORIENTED_EDGE('',*,*,#5247,.T.);
#8687=ORIENTED_EDGE('',*,*,#8686,.F.);
#8689=ORIENTED_EDGE('',*,*,#8688,.T.);
#8690=EDGE_LOOP('',(#8680,#8681,#8682,#8684,#8685,#8687,#8689));
#8691=FACE_OUTER_BOUND('',#8690,.F.);
#8692=ADVANCED_FACE('',(#8691),#8678,.F.);
#8693=CARTESIAN_POINT('',(1.29E1,2.5E0,6.1765E0));
#8694=DIRECTION('',(1.E0,0.E0,0.E0));
#8695=DIRECTION('',(0.E0,-1.E0,0.E0));
#8696=AXIS2_PLACEMENT_3D('',#8693,#8694,#8695);
#8697=PLANE('',#8696);
#8699=ORIENTED_EDGE('',*,*,#8698,.T.);
#8701=ORIENTED_EDGE('',*,*,#8700,.F.);
#8703=ORIENTED_EDGE('',*,*,#8702,.F.);
#8704=ORIENTED_EDGE('',*,*,#5251,.T.);
#8706=ORIENTED_EDGE('',*,*,#8705,.T.);
#8707=ORIENTED_EDGE('',*,*,#8667,.F.);
#8708=ORIENTED_EDGE('',*,*,#8524,.F.);
#8709=EDGE_LOOP('',(#8699,#8701,#8703,#8704,#8706,#8707,#8708));
#8710=FACE_OUTER_BOUND('',#8709,.F.);
#8711=ADVANCED_FACE('',(#8710),#8697,.F.);
#8712=CARTESIAN_POINT('',(1.11E1,2.875E0,-1.065E1));
#8713=DIRECTION('',(0.E0,0.E0,-1.E0));
#8714=DIRECTION('',(1.E0,0.E0,0.E0));
#8715=AXIS2_PLACEMENT_3D('',#8712,#8713,#8714);
#8716=PLANE('',#8715);
#8717=ORIENTED_EDGE('',*,*,#8571,.T.);
#8718=ORIENTED_EDGE('',*,*,#8679,.F.);
#8720=ORIENTED_EDGE('',*,*,#8719,.F.);
#8722=ORIENTED_EDGE('',*,*,#8721,.F.);
#8724=ORIENTED_EDGE('',*,*,#8723,.F.);
#8725=ORIENTED_EDGE('',*,*,#8698,.F.);
#8726=EDGE_LOOP('',(#8717,#8718,#8720,#8722,#8724,#8725));
#8727=FACE_OUTER_BOUND('',#8726,.F.);
#8728=ADVANCED_FACE('',(#8727),#8716,.T.);
#8729=CARTESIAN_POINT('',(1.353119250603E1,1.7E0,-1.0075E1));
#8730=DIRECTION('',(0.E0,-8.865848461655E-1,-4.625660066950E-1));
#8731=DIRECTION('',(-1.E0,0.E0,0.E0));
#8732=AXIS2_PLACEMENT_3D('',#8729,#8730,#8731);
#8733=PLANE('',#8732);
#8735=ORIENTED_EDGE('',*,*,#8734,.T.);
#8737=ORIENTED_EDGE('',*,*,#8736,.T.);
#8738=ORIENTED_EDGE('',*,*,#8719,.T.);
#8739=ORIENTED_EDGE('',*,*,#8688,.F.);
#8740=EDGE_LOOP('',(#8735,#8737,#8738,#8739));
#8741=FACE_OUTER_BOUND('',#8740,.F.);
#8742=ADVANCED_FACE('',(#8741),#8733,.T.);
#8743=CARTESIAN_POINT('',(1.465943883099E1,1.4E0,5.43E0));
#8744=DIRECTION('',(0.E0,1.E0,0.E0));
#8745=DIRECTION('',(-1.E0,0.E0,0.E0));
#8746=AXIS2_PLACEMENT_3D('',#8743,#8744,#8745);
#8747=PLANE('',#8746);
#8748=ORIENTED_EDGE('',*,*,#5245,.T.);
#8749=ORIENTED_EDGE('',*,*,#5285,.F.);
#8750=ORIENTED_EDGE('',*,*,#5795,.F.);
#8752=ORIENTED_EDGE('',*,*,#8751,.T.);
#8754=ORIENTED_EDGE('',*,*,#8753,.T.);
#8756=ORIENTED_EDGE('',*,*,#8755,.T.);
#8757=ORIENTED_EDGE('',*,*,#8734,.F.);
#8758=ORIENTED_EDGE('',*,*,#8686,.T.);
#8759=EDGE_LOOP('',(#8748,#8749,#8750,#8752,#8754,#8756,#8757,#8758));
#8760=FACE_OUTER_BOUND('',#8759,.F.);
#8761=ADVANCED_FACE('',(#8760),#8747,.F.);
#8762=CARTESIAN_POINT('',(1.29E1,2.5E0,6.1765E0));
#8763=DIRECTION('',(0.E0,0.E0,-1.E0));
#8764=DIRECTION('',(0.E0,-1.E0,0.E0));
#8765=AXIS2_PLACEMENT_3D('',#8762,#8763,#8764);
#8766=CYLINDRICAL_SURFACE('',#8765,1.675E0);
#8768=ORIENTED_EDGE('',*,*,#8767,.T.);
#8770=ORIENTED_EDGE('',*,*,#8769,.T.);
#8771=ORIENTED_EDGE('',*,*,#8751,.F.);
#8772=ORIENTED_EDGE('',*,*,#5793,.F.);
#8773=EDGE_LOOP('',(#8768,#8770,#8771,#8772));
#8774=FACE_OUTER_BOUND('',#8773,.F.);
#8775=ADVANCED_FACE('',(#8774),#8766,.T.);
#8776=CARTESIAN_POINT('',(1.38E1,3.6E0,5.43E0));
#8777=DIRECTION('',(0.E0,-1.E0,0.E0));
#8778=DIRECTION('',(1.E0,0.E0,0.E0));
#8779=AXIS2_PLACEMENT_3D('',#8776,#8777,#8778);
#8780=PLANE('',#8779);
#8781=ORIENTED_EDGE('',*,*,#5253,.F.);
#8782=ORIENTED_EDGE('',*,*,#8702,.T.);
#8784=ORIENTED_EDGE('',*,*,#8783,.T.);
#8786=ORIENTED_EDGE('',*,*,#8785,.F.);
#8788=ORIENTED_EDGE('',*,*,#8787,.F.);
#8789=ORIENTED_EDGE('',*,*,#8767,.F.);
#8790=ORIENTED_EDGE('',*,*,#5791,.F.);
#8791=ORIENTED_EDGE('',*,*,#5303,.T.);
#8792=EDGE_LOOP('',(#8781,#8782,#8784,#8786,#8788,#8789,#8790,#8791));
#8793=FACE_OUTER_BOUND('',#8792,.F.);
#8794=ADVANCED_FACE('',(#8793),#8780,.F.);
#8795=CARTESIAN_POINT('',(1.353119250603E1,3.3E0,-1.0075E1));
#8796=DIRECTION('',(0.E0,8.865848461655E-1,-4.625660066950E-1));
#8797=DIRECTION('',(1.E0,0.E0,0.E0));
#8798=AXIS2_PLACEMENT_3D('',#8795,#8796,#8797);
#8799=PLANE('',#8798);
#8800=ORIENTED_EDGE('',*,*,#8783,.F.);
#8801=ORIENTED_EDGE('',*,*,#8700,.T.);
#8802=ORIENTED_EDGE('',*,*,#8723,.T.);
#8804=ORIENTED_EDGE('',*,*,#8803,.F.);
#8805=EDGE_LOOP('',(#8800,#8801,#8802,#8804));
#8806=FACE_OUTER_BOUND('',#8805,.F.);
#8807=ADVANCED_FACE('',(#8806),#8799,.T.);
#8808=CARTESIAN_POINT('',(1.465415460369E1,3.651540460623E0,-9.477E0));
#8809=CARTESIAN_POINT('',(1.431203252182E1,3.434951579627E0,-9.875666666667E0));
#8810=CARTESIAN_POINT('',(1.396991043994E1,3.218362698632E0,-1.027433333333E1));
#8811=CARTESIAN_POINT('',(1.362778835807E1,3.001773817636E0,-1.0673E1));
#8812=CARTESIAN_POINT('',(1.466268973466E1,3.638453836388E0,-9.477E0));
#8813=CARTESIAN_POINT('',(1.431971211874E1,3.424731700088E0,-9.875666666667E0));
#8814=CARTESIAN_POINT('',(1.397673450283E1,3.211009563789E0,-1.027433333333E1));
#8815=CARTESIAN_POINT('',(1.363375688691E1,2.997287427489E0,-1.0673E1));
#8816=CARTESIAN_POINT('',(1.477595384199E1,3.460510343833E0,-9.477E0));
#8817=CARTESIAN_POINT('',(1.442172134505E1,3.285440806401E0,-9.875666666667E0));
#8818=CARTESIAN_POINT('',(1.406748884810E1,3.110371268969E0,-1.027433333333E1));
#8819=CARTESIAN_POINT('',(1.371325635116E1,2.935301731537E0,-1.0673E1));
#8820=CARTESIAN_POINT('',(1.494192697256E1,3.085569398810E0,-9.477E0));
#8821=CARTESIAN_POINT('',(1.457339803501E1,2.983476603718E0,-9.875666666667E0));
#8822=CARTESIAN_POINT('',(1.420486909746E1,2.881383808625E0,-1.027433333333E1));
#8823=CARTESIAN_POINT('',(1.383634015991E1,2.779291013532E0,-1.0673E1));
#8824=CARTESIAN_POINT('',(1.502378651372E1,2.5E0,-9.477E0));
#8825=CARTESIAN_POINT('',(1.464905098250E1,2.5E0,-9.875666666667E0));
#8826=CARTESIAN_POINT('',(1.427431545127E1,2.5E0,-1.027433333333E1));
#8827=CARTESIAN_POINT('',(1.389957992004E1,2.5E0,-1.0673E1));
#8828=CARTESIAN_POINT('',(1.494192697256E1,1.914430601190E0,-9.477E0));
#8829=CARTESIAN_POINT('',(1.457339803501E1,2.016523396282E0,-9.875666666667E0));
#8830=CARTESIAN_POINT('',(1.420486909746E1,2.118616191375E0,-1.027433333333E1));
#8831=CARTESIAN_POINT('',(1.383634015991E1,2.220708986468E0,-1.0673E1));
#8832=CARTESIAN_POINT('',(1.477595384199E1,1.539489656167E0,-9.477E0));
#8833=CARTESIAN_POINT('',(1.442172134505E1,1.714559193599E0,-9.875666666667E0));
#8834=CARTESIAN_POINT('',(1.406748884810E1,1.889628731031E0,-1.027433333333E1));
#8835=CARTESIAN_POINT('',(1.371325635116E1,2.064698268463E0,-1.0673E1));
#8836=CARTESIAN_POINT('',(1.466268973466E1,1.361546163612E0,-9.477E0));
#8837=CARTESIAN_POINT('',(1.431971211874E1,1.575268299912E0,-9.875666666667E0));
#8838=CARTESIAN_POINT('',(1.397673450283E1,1.788990436211E0,-1.027433333333E1));
#8839=CARTESIAN_POINT('',(1.363375688691E1,2.002712572511E0,-1.0673E1));
#8840=CARTESIAN_POINT('',(1.465415460369E1,1.348459539377E0,-9.477E0));
#8841=CARTESIAN_POINT('',(1.431203252182E1,1.565048420373E0,-9.875666666667E0));
#8842=CARTESIAN_POINT('',(1.396991043994E1,1.781637301368E0,-1.027433333333E1));
#8843=CARTESIAN_POINT('',(1.362778835807E1,1.998226182364E0,-1.0673E1));
#8844=B_SPLINE_SURFACE_WITH_KNOTS('',3,3,((#8808,#8809,#8810,#8811),(#8812,
#8813,#8814,#8815),(#8816,#8817,#8818,#8819),(#8820,#8821,#8822,#8823),(#8824,
#8825,#8826,#8827),(#8828,#8829,#8830,#8831),(#8832,#8833,#8834,#8835),(#8836,
#8837,#8838,#8839),(#8840,#8841,#8842,#8843)),.UNSPECIFIED.,.F.,.F.,.F.,(4,1,1,
1,1,1,4),(4,4),(-2.E-2,0.E0,2.5E-1,5.E-1,7.5E-1,1.E0,1.02E0),(-2.E-2,1.02E0),
.UNSPECIFIED.);
#8846=ORIENTED_EDGE('',*,*,#8845,.F.);
#8847=ORIENTED_EDGE('',*,*,#8803,.T.);
#8848=ORIENTED_EDGE('',*,*,#8721,.T.);
#8849=ORIENTED_EDGE('',*,*,#8736,.F.);
#8850=EDGE_LOOP('',(#8846,#8847,#8848,#8849));
#8851=FACE_OUTER_BOUND('',#8850,.F.);
#8852=ADVANCED_FACE('',(#8851),#8844,.T.);
#8853=CARTESIAN_POINT('',(1.29E1,2.5E0,6.1765E0));
#8854=DIRECTION('',(0.E0,0.E0,-1.E0));
#8855=DIRECTION('',(0.E0,-1.E0,0.E0));
#8856=AXIS2_PLACEMENT_3D('',#8853,#8854,#8855);
#8857=CYLINDRICAL_SURFACE('',#8856,2.075E0);
#8858=ORIENTED_EDGE('',*,*,#8785,.T.);
#8859=ORIENTED_EDGE('',*,*,#8845,.T.);
#8860=ORIENTED_EDGE('',*,*,#8755,.F.);
#8862=ORIENTED_EDGE('',*,*,#8861,.F.);
#8863=EDGE_LOOP('',(#8858,#8859,#8860,#8862));
#8864=FACE_OUTER_BOUND('',#8863,.F.);
#8865=ADVANCED_FACE('',(#8864),#8857,.T.);
#8866=CARTESIAN_POINT('',(1.29E1,2.5E0,-8.85E0));
#8867=DIRECTION('',(0.E0,0.E0,-1.E0));
#8868=DIRECTION('',(0.E0,-1.E0,0.E0));
#8869=AXIS2_PLACEMENT_3D('',#8866,#8867,#8868);
#8870=PLANE('',#8869);
#8871=ORIENTED_EDGE('',*,*,#8787,.T.);
#8872=ORIENTED_EDGE('',*,*,#8861,.T.);
#8873=ORIENTED_EDGE('',*,*,#8753,.F.);
#8874=ORIENTED_EDGE('',*,*,#8769,.F.);
#8875=EDGE_LOOP('',(#8871,#8872,#8873,#8874));
#8876=FACE_OUTER_BOUND('',#8875,.F.);
#8877=ADVANCED_FACE('',(#8876),#8870,.F.);
#8878=CARTESIAN_POINT('',(1.29E1,2.5E0,6.1765E0));
#8879=DIRECTION('',(0.E0,0.E0,-1.E0));
#8880=DIRECTION('',(0.E0,-1.E0,0.E0));
#8881=AXIS2_PLACEMENT_3D('',#8878,#8879,#8880);
#8882=CYLINDRICAL_SURFACE('',#8881,6.25E-1);
#8883=ORIENTED_EDGE('',*,*,#5249,.T.);
#8884=ORIENTED_EDGE('',*,*,#8683,.T.);
#8885=ORIENTED_EDGE('',*,*,#8669,.F.);
#8886=ORIENTED_EDGE('',*,*,#8705,.F.);
#8887=EDGE_LOOP('',(#8883,#8884,#8885,#8886));
#8888=FACE_OUTER_BOUND('',#8887,.F.);
#8889=ADVANCED_FACE('',(#8888),#8882,.F.);
#8890=CARTESIAN_POINT('',(-1.11E1,2.125E0,-5.9E0));
#8891=DIRECTION('',(0.E0,0.E0,1.E0));
#8892=DIRECTION('',(-1.E0,0.E0,0.E0));
#8893=AXIS2_PLACEMENT_3D('',#8890,#8891,#8892);
#8894=PLANE('',#8893);
#8895=ORIENTED_EDGE('',*,*,#8544,.T.);
#8897=ORIENTED_EDGE('',*,*,#8896,.F.);
#8898=ORIENTED_EDGE('',*,*,#8627,.F.);
#8899=ORIENTED_EDGE('',*,*,#8426,.T.);
#8900=EDGE_LOOP('',(#8895,#8897,#8898,#8899));
#8901=FACE_OUTER_BOUND('',#8900,.F.);
#8902=ADVANCED_FACE('',(#8901),#8894,.F.);
#8903=CARTESIAN_POINT('',(-1.164289702605E1,2.125E0,-6.4E0));
#8904=DIRECTION('',(0.E0,-1.E0,0.E0));
#8905=DIRECTION('',(1.E0,0.E0,0.E0));
#8906=AXIS2_PLACEMENT_3D('',#8903,#8904,#8905);
#8907=CYLINDRICAL_SURFACE('',#8906,5.E-1);
#8908=ORIENTED_EDGE('',*,*,#8556,.T.);
#8910=ORIENTED_EDGE('',*,*,#8909,.F.);
#8911=ORIENTED_EDGE('',*,*,#8629,.F.);
#8912=ORIENTED_EDGE('',*,*,#8896,.T.);
#8913=EDGE_LOOP('',(#8908,#8910,#8911,#8912));
#8914=FACE_OUTER_BOUND('',#8913,.F.);
#8915=ADVANCED_FACE('',(#8914),#8907,.F.);
#8916=CARTESIAN_POINT('',(-1.213530090255E1,2.125E0,-6.313175911167E0));
#8917=DIRECTION('',(-9.848077530122E-1,0.E0,1.736481776669E-1));
#8918=DIRECTION('',(-1.736481776669E-1,0.E0,-9.848077530122E-1));
#8919=AXIS2_PLACEMENT_3D('',#8916,#8917,#8918);
#8920=PLANE('',#8919);
#8921=ORIENTED_EDGE('',*,*,#8554,.T.);
#8923=ORIENTED_EDGE('',*,*,#8922,.T.);
#8924=ORIENTED_EDGE('',*,*,#8631,.F.);
#8925=ORIENTED_EDGE('',*,*,#8909,.T.);
#8926=EDGE_LOOP('',(#8921,#8923,#8924,#8925));
#8927=FACE_OUTER_BOUND('',#8926,.F.);
#8928=ADVANCED_FACE('',(#8927),#8920,.F.);
#8929=CARTESIAN_POINT('',(-1.31E1,2.875E0,-1.065E1));
#8930=DIRECTION('',(0.E0,0.E0,-1.E0));
#8931=DIRECTION('',(1.E0,0.E0,0.E0));
#8932=AXIS2_PLACEMENT_3D('',#8929,#8930,#8931);
#8933=PLANE('',#8932);
#8934=ORIENTED_EDGE('',*,*,#8922,.F.);
#8936=ORIENTED_EDGE('',*,*,#8935,.F.);
#8938=ORIENTED_EDGE('',*,*,#8937,.F.);
#8940=ORIENTED_EDGE('',*,*,#8939,.F.);
#8942=ORIENTED_EDGE('',*,*,#8941,.F.);
#8944=ORIENTED_EDGE('',*,*,#8943,.F.);
#8945=EDGE_LOOP('',(#8934,#8936,#8938,#8940,#8942,#8944));
#8946=FACE_OUTER_BOUND('',#8945,.F.);
#8947=ADVANCED_FACE('',(#8946),#8933,.T.);
#8948=CARTESIAN_POINT('',(-1.29E1,2.5E0,-1.02465E1));
#8949=DIRECTION('',(-1.E0,0.E0,0.E0));
#8950=DIRECTION('',(0.E0,-1.E0,0.E0));
#8951=AXIS2_PLACEMENT_3D('',#8948,#8949,#8950);
#8952=PLANE('',#8951);
#8953=ORIENTED_EDGE('',*,*,#8935,.T.);
#8954=ORIENTED_EDGE('',*,*,#8552,.T.);
#8956=ORIENTED_EDGE('',*,*,#8955,.F.);
#8958=ORIENTED_EDGE('',*,*,#8957,.T.);
#8959=ORIENTED_EDGE('',*,*,#5190,.F.);
#8961=ORIENTED_EDGE('',*,*,#8960,.F.);
#8963=ORIENTED_EDGE('',*,*,#8962,.T.);
#8964=EDGE_LOOP('',(#8953,#8954,#8956,#8958,#8959,#8961,#8963));
#8965=FACE_OUTER_BOUND('',#8964,.F.);
#8966=ADVANCED_FACE('',(#8965),#8952,.F.);
#8967=CARTESIAN_POINT('',(-1.29E1,2.5E0,-1.02465E1));
#8968=DIRECTION('',(-1.E0,0.E0,0.E0));
#8969=DIRECTION('',(0.E0,-1.E0,0.E0));
#8970=AXIS2_PLACEMENT_3D('',#8967,#8968,#8969);
#8971=PLANE('',#8970);
#8972=ORIENTED_EDGE('',*,*,#8943,.T.);
#8974=ORIENTED_EDGE('',*,*,#8973,.F.);
#8975=ORIENTED_EDGE('',*,*,#5152,.T.);
#8976=ORIENTED_EDGE('',*,*,#5194,.F.);
#8978=ORIENTED_EDGE('',*,*,#8977,.F.);
#8980=ORIENTED_EDGE('',*,*,#8979,.F.);
#8981=ORIENTED_EDGE('',*,*,#8633,.F.);
#8982=EDGE_LOOP('',(#8972,#8974,#8975,#8976,#8978,#8980,#8981));
#8983=FACE_OUTER_BOUND('',#8982,.F.);
#8984=ADVANCED_FACE('',(#8983),#8971,.F.);
#8985=CARTESIAN_POINT('',(-1.29E1,2.5E0,-9.5E0));
#8986=DIRECTION('',(0.E0,0.E0,-1.E0));
#8987=DIRECTION('',(1.E0,0.E0,0.E0));
#8988=AXIS2_PLACEMENT_3D('',#8985,#8986,#8987);
#8989=PLANE('',#8988);
#8990=ORIENTED_EDGE('',*,*,#8550,.F.);
#8992=ORIENTED_EDGE('',*,*,#8991,.T.);
#8993=ORIENTED_EDGE('',*,*,#8635,.T.);
#8994=ORIENTED_EDGE('',*,*,#8979,.T.);
#8996=ORIENTED_EDGE('',*,*,#8995,.F.);
#8997=ORIENTED_EDGE('',*,*,#8955,.T.);
#8998=EDGE_LOOP('',(#8990,#8992,#8993,#8994,#8996,#8997));
#8999=FACE_OUTER_BOUND('',#8998,.F.);
#9000=ADVANCED_FACE('',(#8999),#8989,.F.);
#9001=CARTESIAN_POINT('',(-1.31E1,2.875E0,5.415772485184E0));
#9002=DIRECTION('',(-1.E0,0.E0,0.E0));
#9003=DIRECTION('',(0.E0,0.E0,-1.E0));
#9004=AXIS2_PLACEMENT_3D('',#9001,#9002,#9003);
#9005=PLANE('',#9004);
#9006=ORIENTED_EDGE('',*,*,#8548,.F.);
#9007=ORIENTED_EDGE('',*,*,#5179,.T.);
#9008=ORIENTED_EDGE('',*,*,#8637,.T.);
#9009=ORIENTED_EDGE('',*,*,#8991,.F.);
#9010=EDGE_LOOP('',(#9006,#9007,#9008,#9009));
#9011=FACE_OUTER_BOUND('',#9010,.F.);
#9012=ADVANCED_FACE('',(#9011),#9005,.T.);
#9013=CARTESIAN_POINT('',(-1.29E1,2.5E0,-1.02465E1));
#9014=DIRECTION('',(0.E0,0.E0,1.E0));
#9015=DIRECTION('',(0.E0,-1.E0,0.E0));
#9016=AXIS2_PLACEMENT_3D('',#9013,#9014,#9015);
#9017=CYLINDRICAL_SURFACE('',#9016,6.25E-1);
#9018=ORIENTED_EDGE('',*,*,#8957,.F.);
#9019=ORIENTED_EDGE('',*,*,#8995,.T.);
#9020=ORIENTED_EDGE('',*,*,#8977,.T.);
#9021=ORIENTED_EDGE('',*,*,#5192,.F.);
#9022=EDGE_LOOP('',(#9018,#9019,#9020,#9021));
#9023=FACE_OUTER_BOUND('',#9022,.F.);
#9024=ADVANCED_FACE('',(#9023),#9017,.F.);
#9025=CARTESIAN_POINT('',(-1.465943883099E1,3.6E0,5.43E0));
#9026=DIRECTION('',(0.E0,-1.E0,0.E0));
#9027=DIRECTION('',(1.E0,0.E0,0.E0));
#9028=AXIS2_PLACEMENT_3D('',#9025,#9026,#9027);
#9029=PLANE('',#9028);
#9030=ORIENTED_EDGE('',*,*,#5117,.F.);
#9031=ORIENTED_EDGE('',*,*,#5773,.F.);
#9033=ORIENTED_EDGE('',*,*,#9032,.F.);
#9035=ORIENTED_EDGE('',*,*,#9034,.F.);
#9037=ORIENTED_EDGE('',*,*,#9036,.F.);
#9039=ORIENTED_EDGE('',*,*,#9038,.F.);
#9040=ORIENTED_EDGE('',*,*,#8960,.T.);
#9041=ORIENTED_EDGE('',*,*,#5188,.T.);
#9042=EDGE_LOOP('',(#9030,#9031,#9033,#9035,#9037,#9039,#9040,#9041));
#9043=FACE_OUTER_BOUND('',#9042,.F.);
#9044=ADVANCED_FACE('',(#9043),#9029,.F.);
#9045=CARTESIAN_POINT('',(-1.29E1,2.5E0,-1.02465E1));
#9046=DIRECTION('',(0.E0,0.E0,1.E0));
#9047=DIRECTION('',(0.E0,-1.E0,0.E0));
#9048=AXIS2_PLACEMENT_3D('',#9045,#9046,#9047);
#9049=CYLINDRICAL_SURFACE('',#9048,1.675E0);
#9050=ORIENTED_EDGE('',*,*,#9032,.T.);
#9051=ORIENTED_EDGE('',*,*,#5771,.T.);
#9052=ORIENTED_EDGE('',*,*,#5160,.F.);
#9054=ORIENTED_EDGE('',*,*,#9053,.F.);
#9055=EDGE_LOOP('',(#9050,#9051,#9052,#9054));
#9056=FACE_OUTER_BOUND('',#9055,.F.);
#9057=ADVANCED_FACE('',(#9056),#9049,.T.);
#9058=CARTESIAN_POINT('',(-1.29E1,2.5E0,-8.85E0));
#9059=DIRECTION('',(0.E0,0.E0,1.E0));
#9060=DIRECTION('',(0.E0,-1.E0,0.E0));
#9061=AXIS2_PLACEMENT_3D('',#9058,#9059,#9060);
#9062=PLANE('',#9061);
#9063=ORIENTED_EDGE('',*,*,#9034,.T.);
#9064=ORIENTED_EDGE('',*,*,#9053,.T.);
#9065=ORIENTED_EDGE('',*,*,#5158,.T.);
#9067=ORIENTED_EDGE('',*,*,#9066,.F.);
#9068=EDGE_LOOP('',(#9063,#9064,#9065,#9067));
#9069=FACE_OUTER_BOUND('',#9068,.F.);
#9070=ADVANCED_FACE('',(#9069),#9062,.T.);
#9071=CARTESIAN_POINT('',(-1.29E1,2.5E0,-1.02465E1));
#9072=DIRECTION('',(0.E0,0.E0,1.E0));
#9073=DIRECTION('',(0.E0,-1.E0,0.E0));
#9074=AXIS2_PLACEMENT_3D('',#9071,#9072,#9073);
#9075=CYLINDRICAL_SURFACE('',#9074,2.075E0);
#9077=ORIENTED_EDGE('',*,*,#9076,.F.);
#9078=ORIENTED_EDGE('',*,*,#9036,.T.);
#9079=ORIENTED_EDGE('',*,*,#9066,.T.);
#9080=ORIENTED_EDGE('',*,*,#5156,.F.);
#9081=EDGE_LOOP('',(#9077,#9078,#9079,#9080));
#9082=FACE_OUTER_BOUND('',#9081,.F.);
#9083=ADVANCED_FACE('',(#9082),#9075,.T.);
#9084=CARTESIAN_POINT('',(-1.465415460369E1,1.348459539377E0,-9.477E0));
#9085=CARTESIAN_POINT('',(-1.431203252182E1,1.565048420373E0,
-9.875666666667E0));
#9086=CARTESIAN_POINT('',(-1.396991043994E1,1.781637301368E0,
-1.027433333333E1));
#9087=CARTESIAN_POINT('',(-1.362778835807E1,1.998226182364E0,-1.0673E1));
#9088=CARTESIAN_POINT('',(-1.466268973466E1,1.361546163612E0,-9.477E0));
#9089=CARTESIAN_POINT('',(-1.431971211874E1,1.575268299912E0,
-9.875666666667E0));
#9090=CARTESIAN_POINT('',(-1.397673450283E1,1.788990436211E0,
-1.027433333333E1));
#9091=CARTESIAN_POINT('',(-1.363375688691E1,2.002712572511E0,-1.0673E1));
#9092=CARTESIAN_POINT('',(-1.477595384199E1,1.539489656167E0,-9.477E0));
#9093=CARTESIAN_POINT('',(-1.442172134505E1,1.714559193599E0,
-9.875666666667E0));
#9094=CARTESIAN_POINT('',(-1.406748884810E1,1.889628731031E0,
-1.027433333333E1));
#9095=CARTESIAN_POINT('',(-1.371325635116E1,2.064698268463E0,-1.0673E1));
#9096=CARTESIAN_POINT('',(-1.494192697256E1,1.914430601190E0,-9.477E0));
#9097=CARTESIAN_POINT('',(-1.457339803501E1,2.016523396282E0,
-9.875666666667E0));
#9098=CARTESIAN_POINT('',(-1.420486909746E1,2.118616191375E0,
-1.027433333333E1));
#9099=CARTESIAN_POINT('',(-1.383634015991E1,2.220708986468E0,-1.0673E1));
#9100=CARTESIAN_POINT('',(-1.502378651372E1,2.5E0,-9.477E0));
#9101=CARTESIAN_POINT('',(-1.464905098250E1,2.5E0,-9.875666666667E0));
#9102=CARTESIAN_POINT('',(-1.427431545127E1,2.5E0,-1.027433333333E1));
#9103=CARTESIAN_POINT('',(-1.389957992004E1,2.5E0,-1.0673E1));
#9104=CARTESIAN_POINT('',(-1.494192697256E1,3.085569398810E0,-9.477E0));
#9105=CARTESIAN_POINT('',(-1.457339803501E1,2.983476603718E0,
-9.875666666667E0));
#9106=CARTESIAN_POINT('',(-1.420486909746E1,2.881383808625E0,
-1.027433333333E1));
#9107=CARTESIAN_POINT('',(-1.383634015991E1,2.779291013532E0,-1.0673E1));
#9108=CARTESIAN_POINT('',(-1.477595384199E1,3.460510343833E0,-9.477E0));
#9109=CARTESIAN_POINT('',(-1.442172134505E1,3.285440806401E0,
-9.875666666667E0));
#9110=CARTESIAN_POINT('',(-1.406748884810E1,3.110371268969E0,
-1.027433333333E1));
#9111=CARTESIAN_POINT('',(-1.371325635116E1,2.935301731537E0,-1.0673E1));
#9112=CARTESIAN_POINT('',(-1.466268973466E1,3.638453836388E0,-9.477E0));
#9113=CARTESIAN_POINT('',(-1.431971211874E1,3.424731700088E0,
-9.875666666667E0));
#9114=CARTESIAN_POINT('',(-1.397673450283E1,3.211009563789E0,
-1.027433333333E1));
#9115=CARTESIAN_POINT('',(-1.363375688691E1,2.997287427489E0,-1.0673E1));
#9116=CARTESIAN_POINT('',(-1.465415460369E1,3.651540460623E0,-9.477E0));
#9117=CARTESIAN_POINT('',(-1.431203252182E1,3.434951579627E0,
-9.875666666667E0));
#9118=CARTESIAN_POINT('',(-1.396991043994E1,3.218362698632E0,
-1.027433333333E1));
#9119=CARTESIAN_POINT('',(-1.362778835807E1,3.001773817636E0,-1.0673E1));
#9120=B_SPLINE_SURFACE_WITH_KNOTS('',3,3,((#9084,#9085,#9086,#9087),(#9088,
#9089,#9090,#9091),(#9092,#9093,#9094,#9095),(#9096,#9097,#9098,#9099),(#9100,
#9101,#9102,#9103),(#9104,#9105,#9106,#9107),(#9108,#9109,#9110,#9111),(#9112,
#9113,#9114,#9115),(#9116,#9117,#9118,#9119)),.UNSPECIFIED.,.F.,.F.,.F.,(4,1,1,
1,1,1,4),(4,4),(-2.E-2,0.E0,2.5E-1,5.E-1,7.5E-1,1.E0,1.02E0),(-2.E-2,1.02E0),
.UNSPECIFIED.);
#9121=ORIENTED_EDGE('',*,*,#9076,.T.);
#9123=ORIENTED_EDGE('',*,*,#9122,.T.);
#9124=ORIENTED_EDGE('',*,*,#8939,.T.);
#9126=ORIENTED_EDGE('',*,*,#9125,.F.);
#9127=EDGE_LOOP('',(#9121,#9123,#9124,#9126));
#9128=FACE_OUTER_BOUND('',#9127,.F.);
#9129=ADVANCED_FACE('',(#9128),#9120,.T.);
#9130=CARTESIAN_POINT('',(-1.353119250603E1,1.7E0,-1.0075E1));
#9131=DIRECTION('',(0.E0,-8.865848461655E-1,-4.625660066950E-1));
#9132=DIRECTION('',(-1.E0,0.E0,0.E0));
#9133=AXIS2_PLACEMENT_3D('',#9130,#9131,#9132);
#9134=PLANE('',#9133);
#9135=ORIENTED_EDGE('',*,*,#5154,.F.);
#9136=ORIENTED_EDGE('',*,*,#8973,.T.);
#9137=ORIENTED_EDGE('',*,*,#8941,.T.);
#9138=ORIENTED_EDGE('',*,*,#9122,.F.);
#9139=EDGE_LOOP('',(#9135,#9136,#9137,#9138));
#9140=FACE_OUTER_BOUND('',#9139,.F.);
#9141=ADVANCED_FACE('',(#9140),#9134,.T.);
#9142=CARTESIAN_POINT('',(-1.353119250603E1,3.3E0,-1.0075E1));
#9143=DIRECTION('',(0.E0,8.865848461655E-1,-4.625660066950E-1));
#9144=DIRECTION('',(1.E0,0.E0,0.E0));
#9145=AXIS2_PLACEMENT_3D('',#9142,#9143,#9144);
#9146=PLANE('',#9145);
#9147=ORIENTED_EDGE('',*,*,#9038,.T.);
#9148=ORIENTED_EDGE('',*,*,#9125,.T.);
#9149=ORIENTED_EDGE('',*,*,#8937,.T.);
#9150=ORIENTED_EDGE('',*,*,#8962,.F.);
#9151=EDGE_LOOP('',(#9147,#9148,#9149,#9150));
#9152=FACE_OUTER_BOUND('',#9151,.F.);
#9153=ADVANCED_FACE('',(#9152),#9146,.T.);
#9154=CARTESIAN_POINT('',(-5.2E0,4.8E0,-7.05E0));
#9155=DIRECTION('',(-1.E0,0.E0,0.E0));
#9156=DIRECTION('',(0.E0,0.E0,1.E0));
#9157=AXIS2_PLACEMENT_3D('',#9154,#9155,#9156);
#9158=PLANE('',#9157);
#9159=ORIENTED_EDGE('',*,*,#6874,.T.);
#9161=ORIENTED_EDGE('',*,*,#9160,.F.);
#9162=ORIENTED_EDGE('',*,*,#5647,.T.);
#9163=ORIENTED_EDGE('',*,*,#8087,.T.);
#9164=ORIENTED_EDGE('',*,*,#7743,.F.);
#9165=ORIENTED_EDGE('',*,*,#6954,.F.);
#9166=EDGE_LOOP('',(#9159,#9161,#9162,#9163,#9164,#9165));
#9167=FACE_OUTER_BOUND('',#9166,.F.);
#9168=ADVANCED_FACE('',(#9167),#9158,.F.);
#9169=CARTESIAN_POINT('',(-5.2E0,4.8E0,-7.05E0));
#9170=DIRECTION('',(-1.E0,0.E0,0.E0));
#9171=DIRECTION('',(0.E0,0.E0,1.E0));
#9172=AXIS2_PLACEMENT_3D('',#9169,#9170,#9171);
#9173=PLANE('',#9172);
#9174=ORIENTED_EDGE('',*,*,#8363,.F.);
#9175=ORIENTED_EDGE('',*,*,#7019,.F.);
#9176=ORIENTED_EDGE('',*,*,#7934,.F.);
#9177=ORIENTED_EDGE('',*,*,#8074,.T.);
#9178=ORIENTED_EDGE('',*,*,#8156,.F.);
#9180=ORIENTED_EDGE('',*,*,#9179,.F.);
#9181=EDGE_LOOP('',(#9174,#9175,#9176,#9177,#9178,#9180));
#9182=FACE_OUTER_BOUND('',#9181,.F.);
#9183=ADVANCED_FACE('',(#9182),#9173,.F.);
#9184=CARTESIAN_POINT('',(-5.2E0,4.8E0,-6.55E0));
#9185=DIRECTION('',(0.E0,0.E0,1.E0));
#9186=DIRECTION('',(1.E0,0.E0,0.E0));
#9187=AXIS2_PLACEMENT_3D('',#9184,#9185,#9186);
#9188=PLANE('',#9187);
#9189=ORIENTED_EDGE('',*,*,#6872,.T.);
#9191=ORIENTED_EDGE('',*,*,#9190,.F.);
#9192=ORIENTED_EDGE('',*,*,#5649,.F.);
#9193=ORIENTED_EDGE('',*,*,#9160,.T.);
#9194=EDGE_LOOP('',(#9189,#9191,#9192,#9193));
#9195=FACE_OUTER_BOUND('',#9194,.F.);
#9197=ORIENTED_EDGE('',*,*,#9196,.T.);
#9199=ORIENTED_EDGE('',*,*,#9198,.T.);
#9201=ORIENTED_EDGE('',*,*,#9200,.F.);
#9203=ORIENTED_EDGE('',*,*,#9202,.F.);
#9204=EDGE_LOOP('',(#9197,#9199,#9201,#9203));
#9205=FACE_BOUND('',#9204,.F.);
#9206=ADVANCED_FACE('',(#9195,#9205),#9188,.F.);
#9207=CARTESIAN_POINT('',(-5.2E0,4.8E0,-6.55E0));
#9208=DIRECTION('',(0.E0,0.E0,1.E0));
#9209=DIRECTION('',(1.E0,0.E0,0.E0));
#9210=AXIS2_PLACEMENT_3D('',#9207,#9208,#9209);
#9211=PLANE('',#9210);
#9212=ORIENTED_EDGE('',*,*,#8365,.F.);
#9213=ORIENTED_EDGE('',*,*,#9179,.T.);
#9214=ORIENTED_EDGE('',*,*,#8154,.T.);
#9216=ORIENTED_EDGE('',*,*,#9215,.F.);
#9217=EDGE_LOOP('',(#9212,#9213,#9214,#9216));
#9218=FACE_OUTER_BOUND('',#9217,.F.);
#9220=ORIENTED_EDGE('',*,*,#9219,.T.);
#9222=ORIENTED_EDGE('',*,*,#9221,.T.);
#9224=ORIENTED_EDGE('',*,*,#9223,.F.);
#9226=ORIENTED_EDGE('',*,*,#9225,.F.);
#9227=EDGE_LOOP('',(#9220,#9222,#9224,#9226));
#9228=FACE_BOUND('',#9227,.F.);
#9229=ADVANCED_FACE('',(#9218,#9228),#9211,.F.);
#9230=CARTESIAN_POINT('',(-4.77E0,0.E0,0.E0));
#9231=DIRECTION('',(1.E0,0.E0,0.E0));
#9232=DIRECTION('',(0.E0,0.E0,-1.E0));
#9233=AXIS2_PLACEMENT_3D('',#9230,#9231,#9232);
#9234=PLANE('',#9233);
#9236=ORIENTED_EDGE('',*,*,#9235,.T.);
#9238=ORIENTED_EDGE('',*,*,#9237,.T.);
#9240=ORIENTED_EDGE('',*,*,#9239,.T.);
#9242=ORIENTED_EDGE('',*,*,#9241,.T.);
#9243=ORIENTED_EDGE('',*,*,#9196,.F.);
#9244=EDGE_LOOP('',(#9236,#9238,#9240,#9242,#9243));
#9245=FACE_OUTER_BOUND('',#9244,.F.);
#9246=ADVANCED_FACE('',(#9245),#9234,.F.);
#9247=CARTESIAN_POINT('',(-4.77E0,0.E0,0.E0));
#9248=DIRECTION('',(1.E0,0.E0,0.E0));
#9249=DIRECTION('',(0.E0,0.E0,-1.E0));
#9250=AXIS2_PLACEMENT_3D('',#9247,#9248,#9249);
#9251=PLANE('',#9250);
#9253=ORIENTED_EDGE('',*,*,#9252,.T.);
#9255=ORIENTED_EDGE('',*,*,#9254,.T.);
#9257=ORIENTED_EDGE('',*,*,#9256,.T.);
#9259=ORIENTED_EDGE('',*,*,#9258,.T.);
#9260=ORIENTED_EDGE('',*,*,#9219,.F.);
#9261=EDGE_LOOP('',(#9253,#9255,#9257,#9259,#9260));
#9262=FACE_OUTER_BOUND('',#9261,.F.);
#9263=ADVANCED_FACE('',(#9262),#9251,.F.);
#9264=CARTESIAN_POINT('',(-4.77E0,0.E0,0.E0));
#9265=DIRECTION('',(1.E0,0.E0,0.E0));
#9266=DIRECTION('',(0.E0,0.E0,-1.E0));
#9267=AXIS2_PLACEMENT_3D('',#9264,#9265,#9266);
#9268=PLANE('',#9267);
#9270=ORIENTED_EDGE('',*,*,#9269,.T.);
#9272=ORIENTED_EDGE('',*,*,#9271,.T.);
#9274=ORIENTED_EDGE('',*,*,#9273,.T.);
#9276=ORIENTED_EDGE('',*,*,#9275,.T.);
#9277=EDGE_LOOP('',(#9270,#9272,#9274,#9276));
#9278=FACE_OUTER_BOUND('',#9277,.F.);
#9279=ADVANCED_FACE('',(#9278),#9268,.F.);
#9280=CARTESIAN_POINT('',(-4.77E0,0.E0,0.E0));
#9281=DIRECTION('',(1.E0,0.E0,0.E0));
#9282=DIRECTION('',(0.E0,0.E0,-1.E0));
#9283=AXIS2_PLACEMENT_3D('',#9280,#9281,#9282);
#9284=PLANE('',#9283);
#9286=ORIENTED_EDGE('',*,*,#9285,.T.);
#9288=ORIENTED_EDGE('',*,*,#9287,.T.);
#9290=ORIENTED_EDGE('',*,*,#9289,.T.);
#9292=ORIENTED_EDGE('',*,*,#9291,.T.);
#9293=EDGE_LOOP('',(#9286,#9288,#9290,#9292));
#9294=FACE_OUTER_BOUND('',#9293,.F.);
#9295=ADVANCED_FACE('',(#9294),#9284,.F.);
#9296=CARTESIAN_POINT('',(-4.77E0,2.7E0,-6.45E0));
#9297=DIRECTION('',(0.E0,-1.E0,0.E0));
#9298=DIRECTION('',(0.E0,0.E0,-1.E0));
#9299=AXIS2_PLACEMENT_3D('',#9296,#9297,#9298);
#9300=PLANE('',#9299);
#9301=ORIENTED_EDGE('',*,*,#9235,.F.);
#9302=ORIENTED_EDGE('',*,*,#9202,.T.);
#9304=ORIENTED_EDGE('',*,*,#9303,.T.);
#9306=ORIENTED_EDGE('',*,*,#9305,.F.);
#9307=EDGE_LOOP('',(#9301,#9302,#9304,#9306));
#9308=FACE_OUTER_BOUND('',#9307,.F.);
#9309=ADVANCED_FACE('',(#9308),#9300,.T.);
#9310=CARTESIAN_POINT('',(-3.63E0,0.E0,0.E0));
#9311=DIRECTION('',(1.E0,0.E0,0.E0));
#9312=DIRECTION('',(0.E0,0.E0,-1.E0));
#9313=AXIS2_PLACEMENT_3D('',#9310,#9311,#9312);
#9314=PLANE('',#9313);
#9315=ORIENTED_EDGE('',*,*,#9303,.F.);
#9316=ORIENTED_EDGE('',*,*,#9200,.T.);
#9318=ORIENTED_EDGE('',*,*,#9317,.F.);
#9320=ORIENTED_EDGE('',*,*,#9319,.F.);
#9322=ORIENTED_EDGE('',*,*,#9321,.F.);
#9323=EDGE_LOOP('',(#9315,#9316,#9318,#9320,#9322));
#9324=FACE_OUTER_BOUND('',#9323,.F.);
#9325=ADVANCED_FACE('',(#9324),#9314,.T.);
#9326=CARTESIAN_POINT('',(-3.63E0,0.E0,0.E0));
#9327=DIRECTION('',(1.E0,0.E0,0.E0));
#9328=DIRECTION('',(0.E0,0.E0,-1.E0));
#9329=AXIS2_PLACEMENT_3D('',#9326,#9327,#9328);
#9330=PLANE('',#9329);
#9332=ORIENTED_EDGE('',*,*,#9331,.F.);
#9333=ORIENTED_EDGE('',*,*,#9223,.T.);
#9335=ORIENTED_EDGE('',*,*,#9334,.F.);
#9337=ORIENTED_EDGE('',*,*,#9336,.F.);
#9339=ORIENTED_EDGE('',*,*,#9338,.F.);
#9340=EDGE_LOOP('',(#9332,#9333,#9335,#9337,#9339));
#9341=FACE_OUTER_BOUND('',#9340,.F.);
#9342=ADVANCED_FACE('',(#9341),#9330,.T.);
#9343=CARTESIAN_POINT('',(-3.63E0,0.E0,0.E0));
#9344=DIRECTION('',(1.E0,0.E0,0.E0));
#9345=DIRECTION('',(0.E0,0.E0,-1.E0));
#9346=AXIS2_PLACEMENT_3D('',#9343,#9344,#9345);
#9347=PLANE('',#9346);
#9349=ORIENTED_EDGE('',*,*,#9348,.F.);
#9351=ORIENTED_EDGE('',*,*,#9350,.F.);
#9353=ORIENTED_EDGE('',*,*,#9352,.F.);
#9355=ORIENTED_EDGE('',*,*,#9354,.F.);
#9356=EDGE_LOOP('',(#9349,#9351,#9353,#9355));
#9357=FACE_OUTER_BOUND('',#9356,.F.);
#9358=ADVANCED_FACE('',(#9357),#9347,.T.);
#9359=CARTESIAN_POINT('',(-3.63E0,0.E0,0.E0));
#9360=DIRECTION('',(1.E0,0.E0,0.E0));
#9361=DIRECTION('',(0.E0,0.E0,-1.E0));
#9362=AXIS2_PLACEMENT_3D('',#9359,#9360,#9361);
#9363=PLANE('',#9362);
#9365=ORIENTED_EDGE('',*,*,#9364,.F.);
#9367=ORIENTED_EDGE('',*,*,#9366,.F.);
#9369=ORIENTED_EDGE('',*,*,#9368,.F.);
#9371=ORIENTED_EDGE('',*,*,#9370,.F.);
#9372=EDGE_LOOP('',(#9365,#9367,#9369,#9371));
#9373=FACE_OUTER_BOUND('',#9372,.F.);
#9374=ADVANCED_FACE('',(#9373),#9363,.T.);
#9375=CARTESIAN_POINT('',(-4.77E0,3.2E0,-1.055E1));
#9376=DIRECTION('',(0.E0,1.E0,0.E0));
#9377=DIRECTION('',(0.E0,0.E0,1.E0));
#9378=AXIS2_PLACEMENT_3D('',#9375,#9376,#9377);
#9379=PLANE('',#9378);
#9380=ORIENTED_EDGE('',*,*,#9241,.F.);
#9382=ORIENTED_EDGE('',*,*,#9381,.T.);
#9383=ORIENTED_EDGE('',*,*,#9317,.T.);
#9384=ORIENTED_EDGE('',*,*,#9198,.F.);
#9385=EDGE_LOOP('',(#9380,#9382,#9383,#9384));
#9386=FACE_OUTER_BOUND('',#9385,.F.);
#9387=ADVANCED_FACE('',(#9386),#9379,.T.);
#9388=CARTESIAN_POINT('',(-4.77E0,3.063970234266E0,-1.055E1));
#9389=DIRECTION('',(0.E0,0.E0,-1.E0));
#9390=DIRECTION('',(0.E0,1.E0,0.E0));
#9391=AXIS2_PLACEMENT_3D('',#9388,#9389,#9390);
#9392=PLANE('',#9391);
#9393=ORIENTED_EDGE('',*,*,#9239,.F.);
#9395=ORIENTED_EDGE('',*,*,#9394,.T.);
#9396=ORIENTED_EDGE('',*,*,#9319,.T.);
#9397=ORIENTED_EDGE('',*,*,#9381,.F.);
#9398=EDGE_LOOP('',(#9393,#9395,#9396,#9397));
#9399=FACE_OUTER_BOUND('',#9398,.F.);
#9400=ADVANCED_FACE('',(#9399),#9392,.T.);
#9401=CARTESIAN_POINT('',(-4.77E0,2.7E0,-9.55E0));
#9402=DIRECTION('',(0.E0,-9.396926207859E-1,-3.420201433257E-1));
#9403=DIRECTION('',(0.E0,3.420201433257E-1,-9.396926207859E-1));
#9404=AXIS2_PLACEMENT_3D('',#9401,#9402,#9403);
#9405=PLANE('',#9404);
#9406=ORIENTED_EDGE('',*,*,#9237,.F.);
#9407=ORIENTED_EDGE('',*,*,#9305,.T.);
#9408=ORIENTED_EDGE('',*,*,#9321,.T.);
#9409=ORIENTED_EDGE('',*,*,#9394,.F.);
#9410=EDGE_LOOP('',(#9406,#9407,#9408,#9409));
#9411=FACE_OUTER_BOUND('',#9410,.F.);
#9412=ADVANCED_FACE('',(#9411),#9405,.T.);
#9413=CARTESIAN_POINT('',(-4.77E0,-2.8E0,-6.45E0));
#9414=DIRECTION('',(0.E0,-1.E0,0.E0));
#9415=DIRECTION('',(0.E0,0.E0,-1.E0));
#9416=AXIS2_PLACEMENT_3D('',#9413,#9414,#9415);
#9417=PLANE('',#9416);
#9418=ORIENTED_EDGE('',*,*,#9252,.F.);
#9419=ORIENTED_EDGE('',*,*,#9225,.T.);
#9420=ORIENTED_EDGE('',*,*,#9331,.T.);
#9422=ORIENTED_EDGE('',*,*,#9421,.F.);
#9423=EDGE_LOOP('',(#9418,#9419,#9420,#9422));
#9424=FACE_OUTER_BOUND('',#9423,.F.);
#9425=ADVANCED_FACE('',(#9424),#9417,.T.);
#9426=CARTESIAN_POINT('',(-4.77E0,-2.8E0,-1.055E1));
#9427=DIRECTION('',(0.E0,0.E0,-1.E0));
#9428=DIRECTION('',(0.E0,1.E0,0.E0));
#9429=AXIS2_PLACEMENT_3D('',#9426,#9427,#9428);
#9430=PLANE('',#9429);
#9431=ORIENTED_EDGE('',*,*,#9254,.F.);
#9432=ORIENTED_EDGE('',*,*,#9421,.T.);
#9433=ORIENTED_EDGE('',*,*,#9338,.T.);
#9435=ORIENTED_EDGE('',*,*,#9434,.F.);
#9436=EDGE_LOOP('',(#9431,#9432,#9433,#9435));
#9437=FACE_OUTER_BOUND('',#9436,.F.);
#9438=ADVANCED_FACE('',(#9437),#9430,.T.);
#9439=CARTESIAN_POINT('',(-4.77E0,-2.663970234266E0,-1.055E1));
#9440=DIRECTION('',(0.E0,9.396926207859E-1,-3.420201433257E-1));
#9441=DIRECTION('',(0.E0,3.420201433257E-1,9.396926207859E-1));
#9442=AXIS2_PLACEMENT_3D('',#9439,#9440,#9441);
#9443=PLANE('',#9442);
#9444=ORIENTED_EDGE('',*,*,#9256,.F.);
#9445=ORIENTED_EDGE('',*,*,#9434,.T.);
#9446=ORIENTED_EDGE('',*,*,#9336,.T.);
#9448=ORIENTED_EDGE('',*,*,#9447,.F.);
#9449=EDGE_LOOP('',(#9444,#9445,#9446,#9448));
#9450=FACE_OUTER_BOUND('',#9449,.F.);
#9451=ADVANCED_FACE('',(#9450),#9443,.T.);
#9452=CARTESIAN_POINT('',(-4.77E0,-2.3E0,-9.55E0));
#9453=DIRECTION('',(0.E0,1.E0,0.E0));
#9454=DIRECTION('',(0.E0,0.E0,1.E0));
#9455=AXIS2_PLACEMENT_3D('',#9452,#9453,#9454);
#9456=PLANE('',#9455);
#9457=ORIENTED_EDGE('',*,*,#9258,.F.);
#9458=ORIENTED_EDGE('',*,*,#9447,.T.);
#9459=ORIENTED_EDGE('',*,*,#9334,.T.);
#9460=ORIENTED_EDGE('',*,*,#9221,.F.);
#9461=EDGE_LOOP('',(#9457,#9458,#9459,#9460));
#9462=FACE_OUTER_BOUND('',#9461,.F.);
#9463=ADVANCED_FACE('',(#9462),#9456,.T.);
#9464=CARTESIAN_POINT('',(-4.77E0,2.87E0,-3.35E0));
#9465=DIRECTION('',(0.E0,1.E0,0.E0));
#9466=DIRECTION('',(0.E0,0.E0,1.E0));
#9467=AXIS2_PLACEMENT_3D('',#9464,#9465,#9466);
#9468=PLANE('',#9467);
#9469=ORIENTED_EDGE('',*,*,#9269,.F.);
#9471=ORIENTED_EDGE('',*,*,#9470,.T.);
#9472=ORIENTED_EDGE('',*,*,#9348,.T.);
#9474=ORIENTED_EDGE('',*,*,#9473,.F.);
#9475=EDGE_LOOP('',(#9469,#9471,#9472,#9474));
#9476=FACE_OUTER_BOUND('',#9475,.F.);
#9477=ADVANCED_FACE('',(#9476),#9468,.T.);
#9478=CARTESIAN_POINT('',(-1.38E1,7.5E0,-3.35E0));
#9479=DIRECTION('',(0.E0,0.E0,1.E0));
#9480=DIRECTION('',(1.E0,0.E0,0.E0));
#9481=AXIS2_PLACEMENT_3D('',#9478,#9479,#9480);
#9482=PLANE('',#9481);
#9483=ORIENTED_EDGE('',*,*,#6201,.F.);
#9485=ORIENTED_EDGE('',*,*,#9484,.F.);
#9487=ORIENTED_EDGE('',*,*,#9486,.F.);
#9489=ORIENTED_EDGE('',*,*,#9488,.F.);
#9490=EDGE_LOOP('',(#9483,#9485,#9487,#9489));
#9491=FACE_OUTER_BOUND('',#9490,.F.);
#9492=ORIENTED_EDGE('',*,*,#9291,.F.);
#9494=ORIENTED_EDGE('',*,*,#9493,.T.);
#9495=ORIENTED_EDGE('',*,*,#9366,.T.);
#9497=ORIENTED_EDGE('',*,*,#9496,.F.);
#9498=EDGE_LOOP('',(#9492,#9494,#9495,#9497));
#9499=FACE_BOUND('',#9498,.F.);
#9500=ADVANCED_FACE('',(#9491,#9499),#9482,.T.);
#9501=CARTESIAN_POINT('',(-1.38E1,7.5E0,-3.35E0));
#9502=DIRECTION('',(0.E0,0.E0,1.E0));
#9503=DIRECTION('',(1.E0,0.E0,0.E0));
#9504=AXIS2_PLACEMENT_3D('',#9501,#9502,#9503);
#9505=PLANE('',#9504);
#9507=ORIENTED_EDGE('',*,*,#9506,.F.);
#9509=ORIENTED_EDGE('',*,*,#9508,.F.);
#9511=ORIENTED_EDGE('',*,*,#9510,.F.);
#9512=ORIENTED_EDGE('',*,*,#5895,.F.);
#9514=ORIENTED_EDGE('',*,*,#9513,.F.);
#9516=ORIENTED_EDGE('',*,*,#9515,.F.);
#9517=EDGE_LOOP('',(#9507,#9509,#9511,#9512,#9514,#9516));
#9518=FACE_OUTER_BOUND('',#9517,.F.);
#9519=ORIENTED_EDGE('',*,*,#9275,.F.);
#9521=ORIENTED_EDGE('',*,*,#9520,.T.);
#9522=ORIENTED_EDGE('',*,*,#9350,.T.);
#9523=ORIENTED_EDGE('',*,*,#9470,.F.);
#9524=EDGE_LOOP('',(#9519,#9521,#9522,#9523));
#9525=FACE_BOUND('',#9524,.F.);
#9526=ADVANCED_FACE('',(#9518,#9525),#9505,.T.);
#9527=CARTESIAN_POINT('',(-6.E0,-3.E-1,3.55E0));
#9528=DIRECTION('',(-1.E0,0.E0,0.E0));
#9529=DIRECTION('',(0.E0,-1.E0,0.E0));
#9530=AXIS2_PLACEMENT_3D('',#9527,#9528,#9529);
#9531=PLANE('',#9530);
#9532=ORIENTED_EDGE('',*,*,#5980,.T.);
#9534=ORIENTED_EDGE('',*,*,#9533,.T.);
#9535=ORIENTED_EDGE('',*,*,#9484,.T.);
#9536=ORIENTED_EDGE('',*,*,#6199,.F.);
#9537=EDGE_LOOP('',(#9532,#9534,#9535,#9536));
#9538=FACE_OUTER_BOUND('',#9537,.F.);
#9539=ADVANCED_FACE('',(#9538),#9531,.F.);
#9540=CARTESIAN_POINT('',(-2.4E0,-3.E-1,3.55E0));
#9541=DIRECTION('',(0.E0,1.E0,0.E0));
#9542=DIRECTION('',(-1.E0,0.E0,0.E0));
#9543=AXIS2_PLACEMENT_3D('',#9540,#9541,#9542);
#9544=PLANE('',#9543);
#9545=ORIENTED_EDGE('',*,*,#5978,.F.);
#9547=ORIENTED_EDGE('',*,*,#9546,.T.);
#9548=ORIENTED_EDGE('',*,*,#9486,.T.);
#9549=ORIENTED_EDGE('',*,*,#9533,.F.);
#9550=EDGE_LOOP('',(#9545,#9547,#9548,#9549));
#9551=FACE_OUTER_BOUND('',#9550,.F.);
#9552=ADVANCED_FACE('',(#9551),#9544,.F.);
#9553=CARTESIAN_POINT('',(-2.4E0,-3.9E0,3.55E0));
#9554=DIRECTION('',(1.E0,0.E0,0.E0));
#9555=DIRECTION('',(0.E0,1.E0,0.E0));
#9556=AXIS2_PLACEMENT_3D('',#9553,#9554,#9555);
#9557=PLANE('',#9556);
#9558=ORIENTED_EDGE('',*,*,#5976,.F.);
#9559=ORIENTED_EDGE('',*,*,#6203,.T.);
#9560=ORIENTED_EDGE('',*,*,#9488,.T.);
#9561=ORIENTED_EDGE('',*,*,#9546,.F.);
#9562=EDGE_LOOP('',(#9558,#9559,#9560,#9561));
#9563=FACE_OUTER_BOUND('',#9562,.F.);
#9564=ADVANCED_FACE('',(#9563),#9557,.F.);
#9565=CARTESIAN_POINT('',(-5.2E0,3.E-1,3.55E0));
#9566=DIRECTION('',(0.E0,-1.E0,0.E0));
#9567=DIRECTION('',(1.E0,0.E0,0.E0));
#9568=AXIS2_PLACEMENT_3D('',#9565,#9566,#9567);
#9569=PLANE('',#9568);
#9570=ORIENTED_EDGE('',*,*,#6002,.F.);
#9572=ORIENTED_EDGE('',*,*,#9571,.T.);
#9573=ORIENTED_EDGE('',*,*,#9506,.T.);
#9575=ORIENTED_EDGE('',*,*,#9574,.F.);
#9576=EDGE_LOOP('',(#9570,#9572,#9573,#9575));
#9577=FACE_OUTER_BOUND('',#9576,.F.);
#9578=ADVANCED_FACE('',(#9577),#9569,.F.);
#9579=CARTESIAN_POINT('',(-6.E0,1.1E0,3.55E0));
#9580=DIRECTION('',(-7.071067811865E-1,-7.071067811865E-1,0.E0));
#9581=DIRECTION('',(7.071067811865E-1,-7.071067811865E-1,0.E0));
#9582=AXIS2_PLACEMENT_3D('',#9579,#9580,#9581);
#9583=PLANE('',#9582);
#9584=ORIENTED_EDGE('',*,*,#6000,.F.);
#9586=ORIENTED_EDGE('',*,*,#9585,.T.);
#9587=ORIENTED_EDGE('',*,*,#9508,.T.);
#9588=ORIENTED_EDGE('',*,*,#9571,.F.);
#9589=EDGE_LOOP('',(#9584,#9586,#9587,#9588));
#9590=FACE_OUTER_BOUND('',#9589,.F.);
#9591=ADVANCED_FACE('',(#9590),#9583,.F.);
#9592=CARTESIAN_POINT('',(-6.E0,3.9E0,3.55E0));
#9593=DIRECTION('',(-1.E0,0.E0,0.E0));
#9594=DIRECTION('',(0.E0,-1.E0,0.E0));
#9595=AXIS2_PLACEMENT_3D('',#9592,#9593,#9594);
#9596=PLANE('',#9595);
#9597=ORIENTED_EDGE('',*,*,#5998,.F.);
#9598=ORIENTED_EDGE('',*,*,#5897,.T.);
#9599=ORIENTED_EDGE('',*,*,#9510,.T.);
#9600=ORIENTED_EDGE('',*,*,#9585,.F.);
#9601=EDGE_LOOP('',(#9597,#9598,#9599,#9600));
#9602=FACE_OUTER_BOUND('',#9601,.F.);
#9603=ADVANCED_FACE('',(#9602),#9596,.F.);
#9604=CARTESIAN_POINT('',(-3.2E0,3.E-1,3.55E0));
#9605=DIRECTION('',(7.071067811865E-1,-7.071067811865E-1,0.E0));
#9606=DIRECTION('',(7.071067811865E-1,7.071067811865E-1,0.E0));
#9607=AXIS2_PLACEMENT_3D('',#9604,#9605,#9606);
#9608=PLANE('',#9607);
#9609=ORIENTED_EDGE('',*,*,#6004,.F.);
#9610=ORIENTED_EDGE('',*,*,#9574,.T.);
#9611=ORIENTED_EDGE('',*,*,#9515,.T.);
#9613=ORIENTED_EDGE('',*,*,#9612,.F.);
#9614=EDGE_LOOP('',(#9609,#9610,#9611,#9613));
#9615=FACE_OUTER_BOUND('',#9614,.F.);
#9616=ADVANCED_FACE('',(#9615),#9608,.F.);
#9617=CARTESIAN_POINT('',(-2.4E0,1.1E0,3.55E0));
#9618=DIRECTION('',(1.E0,0.E0,0.E0));
#9619=DIRECTION('',(0.E0,1.E0,0.E0));
#9620=AXIS2_PLACEMENT_3D('',#9617,#9618,#9619);
#9621=PLANE('',#9620);
#9622=ORIENTED_EDGE('',*,*,#6006,.T.);
#9623=ORIENTED_EDGE('',*,*,#9612,.T.);
#9624=ORIENTED_EDGE('',*,*,#9513,.T.);
#9625=ORIENTED_EDGE('',*,*,#5893,.F.);
#9626=EDGE_LOOP('',(#9622,#9623,#9624,#9625));
#9627=FACE_OUTER_BOUND('',#9626,.F.);
#9628=ADVANCED_FACE('',(#9627),#9621,.F.);
#9629=CARTESIAN_POINT('',(-4.77E0,-2.47E0,2.15E0));
#9630=DIRECTION('',(0.E0,-1.E0,0.E0));
#9631=DIRECTION('',(0.E0,0.E0,-1.E0));
#9632=AXIS2_PLACEMENT_3D('',#9629,#9630,#9631);
#9633=PLANE('',#9632);
#9634=ORIENTED_EDGE('',*,*,#9289,.F.);
#9636=ORIENTED_EDGE('',*,*,#9635,.T.);
#9637=ORIENTED_EDGE('',*,*,#9368,.T.);
#9638=ORIENTED_EDGE('',*,*,#9493,.F.);
#9639=EDGE_LOOP('',(#9634,#9636,#9637,#9638));
#9640=FACE_OUTER_BOUND('',#9639,.F.);
#9641=ADVANCED_FACE('',(#9640),#9633,.T.);
#9642=CARTESIAN_POINT('',(-4.77E0,-1.33E0,2.15E0));
#9643=DIRECTION('',(0.E0,0.E0,1.E0));
#9644=DIRECTION('',(0.E0,-1.E0,0.E0));
#9645=AXIS2_PLACEMENT_3D('',#9642,#9643,#9644);
#9646=PLANE('',#9645);
#9647=ORIENTED_EDGE('',*,*,#9287,.F.);
#9649=ORIENTED_EDGE('',*,*,#9648,.T.);
#9650=ORIENTED_EDGE('',*,*,#9370,.T.);
#9651=ORIENTED_EDGE('',*,*,#9635,.F.);
#9652=EDGE_LOOP('',(#9647,#9649,#9650,#9651));
#9653=FACE_OUTER_BOUND('',#9652,.F.);
#9654=ADVANCED_FACE('',(#9653),#9646,.T.);
#9655=CARTESIAN_POINT('',(-4.77E0,-1.33E0,-3.35E0));
#9656=DIRECTION('',(0.E0,1.E0,0.E0));
#9657=DIRECTION('',(0.E0,0.E0,1.E0));
#9658=AXIS2_PLACEMENT_3D('',#9655,#9656,#9657);
#9659=PLANE('',#9658);
#9660=ORIENTED_EDGE('',*,*,#9285,.F.);
#9661=ORIENTED_EDGE('',*,*,#9496,.T.);
#9662=ORIENTED_EDGE('',*,*,#9364,.T.);
#9663=ORIENTED_EDGE('',*,*,#9648,.F.);
#9664=EDGE_LOOP('',(#9660,#9661,#9662,#9663));
#9665=FACE_OUTER_BOUND('',#9664,.F.);
#9666=ADVANCED_FACE('',(#9665),#9659,.T.);
#9667=CARTESIAN_POINT('',(-4.77E0,1.73E0,2.15E0));
#9668=DIRECTION('',(0.E0,-1.E0,0.E0));
#9669=DIRECTION('',(0.E0,0.E0,-1.E0));
#9670=AXIS2_PLACEMENT_3D('',#9667,#9668,#9669);
#9671=PLANE('',#9670);
#9672=ORIENTED_EDGE('',*,*,#9273,.F.);
#9674=ORIENTED_EDGE('',*,*,#9673,.T.);
#9675=ORIENTED_EDGE('',*,*,#9352,.T.);
#9676=ORIENTED_EDGE('',*,*,#9520,.F.);
#9677=EDGE_LOOP('',(#9672,#9674,#9675,#9676));
#9678=FACE_OUTER_BOUND('',#9677,.F.);
#9679=ADVANCED_FACE('',(#9678),#9671,.T.);
#9680=CARTESIAN_POINT('',(-4.77E0,2.87E0,2.15E0));
#9681=DIRECTION('',(0.E0,0.E0,1.E0));
#9682=DIRECTION('',(0.E0,-1.E0,0.E0));
#9683=AXIS2_PLACEMENT_3D('',#9680,#9681,#9682);
#9684=PLANE('',#9683);
#9685=ORIENTED_EDGE('',*,*,#9271,.F.);
#9686=ORIENTED_EDGE('',*,*,#9473,.T.);
#9687=ORIENTED_EDGE('',*,*,#9354,.T.);
#9688=ORIENTED_EDGE('',*,*,#9673,.F.);
#9689=EDGE_LOOP('',(#9685,#9686,#9687,#9688));
#9690=FACE_OUTER_BOUND('',#9689,.F.);
#9691=ADVANCED_FACE('',(#9690),#9684,.T.);
#9692=CARTESIAN_POINT('',(-3.2E0,4.8E0,-6.55E0));
#9693=DIRECTION('',(1.E0,0.E0,0.E0));
#9694=DIRECTION('',(0.E0,0.E0,-1.E0));
#9695=AXIS2_PLACEMENT_3D('',#9692,#9693,#9694);
#9696=PLANE('',#9695);
#9697=ORIENTED_EDGE('',*,*,#6870,.T.);
#9698=ORIENTED_EDGE('',*,*,#7119,.T.);
#9699=ORIENTED_EDGE('',*,*,#7726,.T.);
#9700=ORIENTED_EDGE('',*,*,#8057,.F.);
#9701=ORIENTED_EDGE('',*,*,#5651,.F.);
#9702=ORIENTED_EDGE('',*,*,#9190,.T.);
#9703=EDGE_LOOP('',(#9697,#9698,#9699,#9700,#9701,#9702));
#9704=FACE_OUTER_BOUND('',#9703,.F.);
#9705=ADVANCED_FACE('',(#9704),#9696,.F.);
#9706=CARTESIAN_POINT('',(-3.2E0,4.8E0,-6.55E0));
#9707=DIRECTION('',(1.E0,0.E0,0.E0));
#9708=DIRECTION('',(0.E0,0.E0,-1.E0));
#9709=AXIS2_PLACEMENT_3D('',#9706,#9707,#9708);
#9710=PLANE('',#9709);
#9711=ORIENTED_EDGE('',*,*,#8367,.F.);
#9712=ORIENTED_EDGE('',*,*,#9215,.T.);
#9713=ORIENTED_EDGE('',*,*,#8152,.T.);
#9714=ORIENTED_EDGE('',*,*,#8042,.F.);
#9715=ORIENTED_EDGE('',*,*,#7916,.T.);
#9716=ORIENTED_EDGE('',*,*,#7103,.T.);
#9717=EDGE_LOOP('',(#9711,#9712,#9713,#9714,#9715,#9716));
#9718=FACE_OUTER_BOUND('',#9717,.F.);
#9719=ADVANCED_FACE('',(#9718),#9710,.F.);
#9720=CARTESIAN_POINT('',(-1.E0,4.8E0,-7.05E0));
#9721=DIRECTION('',(-1.E0,0.E0,0.E0));
#9722=DIRECTION('',(0.E0,0.E0,1.E0));
#9723=AXIS2_PLACEMENT_3D('',#9720,#9721,#9722);
#9724=PLANE('',#9723);
#9725=ORIENTED_EDGE('',*,*,#6866,.T.);
#9727=ORIENTED_EDGE('',*,*,#9726,.F.);
#9728=ORIENTED_EDGE('',*,*,#5655,.T.);
#9729=ORIENTED_EDGE('',*,*,#8060,.T.);
#9730=ORIENTED_EDGE('',*,*,#7729,.F.);
#9731=ORIENTED_EDGE('',*,*,#7115,.F.);
#9732=EDGE_LOOP('',(#9725,#9727,#9728,#9729,#9730,#9731));
#9733=FACE_OUTER_BOUND('',#9732,.F.);
#9734=ADVANCED_FACE('',(#9733),#9724,.F.);
#9735=CARTESIAN_POINT('',(-1.E0,4.8E0,-7.05E0));
#9736=DIRECTION('',(-1.E0,0.E0,0.E0));
#9737=DIRECTION('',(0.E0,0.E0,1.E0));
#9738=AXIS2_PLACEMENT_3D('',#9735,#9736,#9737);
#9739=PLANE('',#9738);
#9740=ORIENTED_EDGE('',*,*,#8370,.F.);
#9741=ORIENTED_EDGE('',*,*,#7099,.F.);
#9742=ORIENTED_EDGE('',*,*,#7920,.F.);
#9743=ORIENTED_EDGE('',*,*,#8046,.T.);
#9744=ORIENTED_EDGE('',*,*,#8149,.F.);
#9746=ORIENTED_EDGE('',*,*,#9745,.F.);
#9747=EDGE_LOOP('',(#9740,#9741,#9742,#9743,#9744,#9746));
#9748=FACE_OUTER_BOUND('',#9747,.F.);
#9749=ADVANCED_FACE('',(#9748),#9739,.F.);
#9750=CARTESIAN_POINT('',(-1.E0,4.8E0,-6.55E0));
#9751=DIRECTION('',(0.E0,0.E0,1.E0));
#9752=DIRECTION('',(1.E0,0.E0,0.E0));
#9753=AXIS2_PLACEMENT_3D('',#9750,#9751,#9752);
#9754=PLANE('',#9753);
#9755=ORIENTED_EDGE('',*,*,#6864,.T.);
#9757=ORIENTED_EDGE('',*,*,#9756,.F.);
#9758=ORIENTED_EDGE('',*,*,#5657,.F.);
#9759=ORIENTED_EDGE('',*,*,#9726,.T.);
#9760=EDGE_LOOP('',(#9755,#9757,#9758,#9759));
#9761=FACE_OUTER_BOUND('',#9760,.F.);
#9763=ORIENTED_EDGE('',*,*,#9762,.T.);
#9765=ORIENTED_EDGE('',*,*,#9764,.T.);
#9767=ORIENTED_EDGE('',*,*,#9766,.F.);
#9769=ORIENTED_EDGE('',*,*,#9768,.F.);
#9770=EDGE_LOOP('',(#9763,#9765,#9767,#9769));
#9771=FACE_BOUND('',#9770,.F.);
#9772=ADVANCED_FACE('',(#9761,#9771),#9754,.F.);
#9773=CARTESIAN_POINT('',(-1.E0,4.8E0,-6.55E0));
#9774=DIRECTION('',(0.E0,0.E0,1.E0));
#9775=DIRECTION('',(1.E0,0.E0,0.E0));
#9776=AXIS2_PLACEMENT_3D('',#9773,#9774,#9775);
#9777=PLANE('',#9776);
#9778=ORIENTED_EDGE('',*,*,#8372,.F.);
#9779=ORIENTED_EDGE('',*,*,#9745,.T.);
#9780=ORIENTED_EDGE('',*,*,#8147,.T.);
#9782=ORIENTED_EDGE('',*,*,#9781,.F.);
#9783=EDGE_LOOP('',(#9778,#9779,#9780,#9782));
#9784=FACE_OUTER_BOUND('',#9783,.F.);
#9786=ORIENTED_EDGE('',*,*,#9785,.T.);
#9788=ORIENTED_EDGE('',*,*,#9787,.T.);
#9790=ORIENTED_EDGE('',*,*,#9789,.F.);
#9792=ORIENTED_EDGE('',*,*,#9791,.F.);
#9793=EDGE_LOOP('',(#9786,#9788,#9790,#9792));
#9794=FACE_BOUND('',#9793,.F.);
#9795=ADVANCED_FACE('',(#9784,#9794),#9777,.F.);
#9796=CARTESIAN_POINT('',(-5.7E-1,0.E0,0.E0));
#9797=DIRECTION('',(1.E0,0.E0,0.E0));
#9798=DIRECTION('',(0.E0,0.E0,-1.E0));
#9799=AXIS2_PLACEMENT_3D('',#9796,#9797,#9798);
#9800=PLANE('',#9799);
#9801=ORIENTED_EDGE('',*,*,#6131,.T.);
#9803=ORIENTED_EDGE('',*,*,#9802,.T.);
#9805=ORIENTED_EDGE('',*,*,#9804,.T.);
#9807=ORIENTED_EDGE('',*,*,#9806,.T.);
#9808=EDGE_LOOP('',(#9801,#9803,#9805,#9807));
#9809=FACE_OUTER_BOUND('',#9808,.F.);
#9810=ADVANCED_FACE('',(#9809),#9800,.F.);
#9811=CARTESIAN_POINT('',(-5.7E-1,0.E0,0.E0));
#9812=DIRECTION('',(1.E0,0.E0,0.E0));
#9813=DIRECTION('',(0.E0,0.E0,-1.E0));
#9814=AXIS2_PLACEMENT_3D('',#9811,#9812,#9813);
#9815=PLANE('',#9814);
#9816=ORIENTED_EDGE('',*,*,#6101,.T.);
#9818=ORIENTED_EDGE('',*,*,#9817,.T.);
#9820=ORIENTED_EDGE('',*,*,#9819,.T.);
#9822=ORIENTED_EDGE('',*,*,#9821,.T.);
#9823=EDGE_LOOP('',(#9816,#9818,#9820,#9822));
#9824=FACE_OUTER_BOUND('',#9823,.F.);
#9825=ADVANCED_FACE('',(#9824),#9815,.F.);
#9826=CARTESIAN_POINT('',(-5.7E-1,0.E0,0.E0));
#9827=DIRECTION('',(1.E0,0.E0,0.E0));
#9828=DIRECTION('',(0.E0,0.E0,-1.E0));
#9829=AXIS2_PLACEMENT_3D('',#9826,#9827,#9828);
#9830=PLANE('',#9829);
#9832=ORIENTED_EDGE('',*,*,#9831,.T.);
#9834=ORIENTED_EDGE('',*,*,#9833,.T.);
#9836=ORIENTED_EDGE('',*,*,#9835,.T.);
#9838=ORIENTED_EDGE('',*,*,#9837,.T.);
#9839=ORIENTED_EDGE('',*,*,#9762,.F.);
#9840=EDGE_LOOP('',(#9832,#9834,#9836,#9838,#9839));
#9841=FACE_OUTER_BOUND('',#9840,.F.);
#9842=ADVANCED_FACE('',(#9841),#9830,.F.);
#9843=CARTESIAN_POINT('',(-5.7E-1,0.E0,0.E0));
#9844=DIRECTION('',(1.E0,0.E0,0.E0));
#9845=DIRECTION('',(0.E0,0.E0,-1.E0));
#9846=AXIS2_PLACEMENT_3D('',#9843,#9844,#9845);
#9847=PLANE('',#9846);
#9849=ORIENTED_EDGE('',*,*,#9848,.T.);
#9851=ORIENTED_EDGE('',*,*,#9850,.T.);
#9853=ORIENTED_EDGE('',*,*,#9852,.T.);
#9855=ORIENTED_EDGE('',*,*,#9854,.T.);
#9856=ORIENTED_EDGE('',*,*,#9785,.F.);
#9857=EDGE_LOOP('',(#9849,#9851,#9853,#9855,#9856));
#9858=FACE_OUTER_BOUND('',#9857,.F.);
#9859=ADVANCED_FACE('',(#9858),#9847,.F.);
#9860=CARTESIAN_POINT('',(-5.7E-1,-1.33E0,-3.35E0));
#9861=DIRECTION('',(0.E0,1.E0,0.E0));
#9862=DIRECTION('',(0.E0,0.E0,1.E0));
#9863=AXIS2_PLACEMENT_3D('',#9860,#9861,#9862);
#9864=PLANE('',#9863);
#9865=ORIENTED_EDGE('',*,*,#6137,.T.);
#9867=ORIENTED_EDGE('',*,*,#9866,.T.);
#9869=ORIENTED_EDGE('',*,*,#9868,.F.);
#9870=ORIENTED_EDGE('',*,*,#9802,.F.);
#9871=EDGE_LOOP('',(#9865,#9867,#9869,#9870));
#9872=FACE_OUTER_BOUND('',#9871,.F.);
#9873=ADVANCED_FACE('',(#9872),#9864,.T.);
#9874=CARTESIAN_POINT('',(5.7E-1,0.E0,0.E0));
#9875=DIRECTION('',(1.E0,0.E0,0.E0));
#9876=DIRECTION('',(0.E0,0.E0,-1.E0));
#9877=AXIS2_PLACEMENT_3D('',#9874,#9875,#9876);
#9878=PLANE('',#9877);
#9879=ORIENTED_EDGE('',*,*,#6135,.F.);
#9881=ORIENTED_EDGE('',*,*,#9880,.F.);
#9883=ORIENTED_EDGE('',*,*,#9882,.F.);
#9884=ORIENTED_EDGE('',*,*,#9866,.F.);
#9885=EDGE_LOOP('',(#9879,#9881,#9883,#9884));
#9886=FACE_OUTER_BOUND('',#9885,.F.);
#9887=ADVANCED_FACE('',(#9886),#9878,.T.);
#9888=CARTESIAN_POINT('',(5.7E-1,0.E0,0.E0));
#9889=DIRECTION('',(1.E0,0.E0,0.E0));
#9890=DIRECTION('',(0.E0,0.E0,-1.E0));
#9891=AXIS2_PLACEMENT_3D('',#9888,#9889,#9890);
#9892=PLANE('',#9891);
#9893=ORIENTED_EDGE('',*,*,#6105,.F.);
#9895=ORIENTED_EDGE('',*,*,#9894,.F.);
#9897=ORIENTED_EDGE('',*,*,#9896,.F.);
#9899=ORIENTED_EDGE('',*,*,#9898,.F.);
#9900=EDGE_LOOP('',(#9893,#9895,#9897,#9899));
#9901=FACE_OUTER_BOUND('',#9900,.F.);
#9902=ADVANCED_FACE('',(#9901),#9892,.T.);
#9903=CARTESIAN_POINT('',(5.7E-1,0.E0,0.E0));
#9904=DIRECTION('',(1.E0,0.E0,0.E0));
#9905=DIRECTION('',(0.E0,0.E0,-1.E0));
#9906=AXIS2_PLACEMENT_3D('',#9903,#9904,#9905);
#9907=PLANE('',#9906);
#9909=ORIENTED_EDGE('',*,*,#9908,.F.);
#9910=ORIENTED_EDGE('',*,*,#9766,.T.);
#9912=ORIENTED_EDGE('',*,*,#9911,.F.);
#9914=ORIENTED_EDGE('',*,*,#9913,.F.);
#9916=ORIENTED_EDGE('',*,*,#9915,.F.);
#9917=EDGE_LOOP('',(#9909,#9910,#9912,#9914,#9916));
#9918=FACE_OUTER_BOUND('',#9917,.F.);
#9919=ADVANCED_FACE('',(#9918),#9907,.T.);
#9920=CARTESIAN_POINT('',(5.7E-1,0.E0,0.E0));
#9921=DIRECTION('',(1.E0,0.E0,0.E0));
#9922=DIRECTION('',(0.E0,0.E0,-1.E0));
#9923=AXIS2_PLACEMENT_3D('',#9920,#9921,#9922);
#9924=PLANE('',#9923);
#9926=ORIENTED_EDGE('',*,*,#9925,.F.);
#9927=ORIENTED_EDGE('',*,*,#9789,.T.);
#9929=ORIENTED_EDGE('',*,*,#9928,.F.);
#9931=ORIENTED_EDGE('',*,*,#9930,.F.);
#9933=ORIENTED_EDGE('',*,*,#9932,.F.);
#9934=EDGE_LOOP('',(#9926,#9927,#9929,#9931,#9933));
#9935=FACE_OUTER_BOUND('',#9934,.F.);
#9936=ADVANCED_FACE('',(#9935),#9924,.T.);
#9937=CARTESIAN_POINT('',(-5.7E-1,-2.47E0,2.15E0));
#9938=DIRECTION('',(0.E0,-1.E0,0.E0));
#9939=DIRECTION('',(0.E0,0.E0,-1.E0));
#9940=AXIS2_PLACEMENT_3D('',#9937,#9938,#9939);
#9941=PLANE('',#9940);
#9942=ORIENTED_EDGE('',*,*,#6133,.F.);
#9943=ORIENTED_EDGE('',*,*,#9806,.F.);
#9945=ORIENTED_EDGE('',*,*,#9944,.T.);
#9946=ORIENTED_EDGE('',*,*,#9880,.T.);
#9947=EDGE_LOOP('',(#9942,#9943,#9945,#9946));
#9948=FACE_OUTER_BOUND('',#9947,.F.);
#9949=ADVANCED_FACE('',(#9948),#9941,.T.);
#9950=CARTESIAN_POINT('',(-5.7E-1,-1.33E0,2.15E0));
#9951=DIRECTION('',(0.E0,0.E0,1.E0));
#9952=DIRECTION('',(0.E0,-1.E0,0.E0));
#9953=AXIS2_PLACEMENT_3D('',#9950,#9951,#9952);
#9954=PLANE('',#9953);
#9955=ORIENTED_EDGE('',*,*,#9804,.F.);
#9956=ORIENTED_EDGE('',*,*,#9868,.T.);
#9957=ORIENTED_EDGE('',*,*,#9882,.T.);
#9958=ORIENTED_EDGE('',*,*,#9944,.F.);
#9959=EDGE_LOOP('',(#9955,#9956,#9957,#9958));
#9960=FACE_OUTER_BOUND('',#9959,.F.);
#9961=ADVANCED_FACE('',(#9960),#9954,.T.);
#9962=CARTESIAN_POINT('',(-5.7E-1,1.73E0,2.15E0));
#9963=DIRECTION('',(0.E0,-1.E0,0.E0));
#9964=DIRECTION('',(0.E0,0.E0,-1.E0));
#9965=AXIS2_PLACEMENT_3D('',#9962,#9963,#9964);
#9966=PLANE('',#9965);
#9967=ORIENTED_EDGE('',*,*,#6103,.F.);
#9968=ORIENTED_EDGE('',*,*,#9821,.F.);
#9970=ORIENTED_EDGE('',*,*,#9969,.T.);
#9971=ORIENTED_EDGE('',*,*,#9894,.T.);
#9972=EDGE_LOOP('',(#9967,#9968,#9970,#9971));
#9973=FACE_OUTER_BOUND('',#9972,.F.);
#9974=ADVANCED_FACE('',(#9973),#9966,.T.);
#9975=CARTESIAN_POINT('',(-5.7E-1,2.87E0,2.15E0));
#9976=DIRECTION('',(0.E0,0.E0,1.E0));
#9977=DIRECTION('',(0.E0,-1.E0,0.E0));
#9978=AXIS2_PLACEMENT_3D('',#9975,#9976,#9977);
#9979=PLANE('',#9978);
#9980=ORIENTED_EDGE('',*,*,#9819,.F.);
#9982=ORIENTED_EDGE('',*,*,#9981,.T.);
#9983=ORIENTED_EDGE('',*,*,#9896,.T.);
#9984=ORIENTED_EDGE('',*,*,#9969,.F.);
#9985=EDGE_LOOP('',(#9980,#9982,#9983,#9984));
#9986=FACE_OUTER_BOUND('',#9985,.F.);
#9987=ADVANCED_FACE('',(#9986),#9979,.T.);
#9988=CARTESIAN_POINT('',(-5.7E-1,2.87E0,-3.35E0));
#9989=DIRECTION('',(0.E0,1.E0,0.E0));
#9990=DIRECTION('',(0.E0,0.E0,1.E0));
#9991=AXIS2_PLACEMENT_3D('',#9988,#9989,#9990);
#9992=PLANE('',#9991);
#9993=ORIENTED_EDGE('',*,*,#6107,.T.);
#9994=ORIENTED_EDGE('',*,*,#9898,.T.);
#9995=ORIENTED_EDGE('',*,*,#9981,.F.);
#9996=ORIENTED_EDGE('',*,*,#9817,.F.);
#9997=EDGE_LOOP('',(#9993,#9994,#9995,#9996));
#9998=FACE_OUTER_BOUND('',#9997,.F.);
#9999=ADVANCED_FACE('',(#9998),#9992,.T.);
#10000=CARTESIAN_POINT('',(-5.7E-1,2.7E0,-6.45E0));
#10001=DIRECTION('',(0.E0,-1.E0,0.E0));
#10002=DIRECTION('',(0.E0,0.E0,-1.E0));
#10003=AXIS2_PLACEMENT_3D('',#10000,#10001,#10002);
#10004=PLANE('',#10003);
#10005=ORIENTED_EDGE('',*,*,#9831,.F.);
#10006=ORIENTED_EDGE('',*,*,#9768,.T.);
#10007=ORIENTED_EDGE('',*,*,#9908,.T.);
#10009=ORIENTED_EDGE('',*,*,#10008,.F.);
#10010=EDGE_LOOP('',(#10005,#10006,#10007,#10009));
#10011=FACE_OUTER_BOUND('',#10010,.F.);
#10012=ADVANCED_FACE('',(#10011),#10004,.T.);
#10013=CARTESIAN_POINT('',(-5.7E-1,2.7E0,-9.55E0));
#10014=DIRECTION('',(0.E0,-9.396926207859E-1,-3.420201433257E-1));
#10015=DIRECTION('',(0.E0,3.420201433257E-1,-9.396926207859E-1));
#10016=AXIS2_PLACEMENT_3D('',#10013,#10014,#10015);
#10017=PLANE('',#10016);
#10018=ORIENTED_EDGE('',*,*,#9833,.F.);
#10019=ORIENTED_EDGE('',*,*,#10008,.T.);
#10020=ORIENTED_EDGE('',*,*,#9915,.T.);
#10022=ORIENTED_EDGE('',*,*,#10021,.F.);
#10023=EDGE_LOOP('',(#10018,#10019,#10020,#10022));
#10024=FACE_OUTER_BOUND('',#10023,.F.);
#10025=ADVANCED_FACE('',(#10024),#10017,.T.);
#10026=CARTESIAN_POINT('',(-5.7E-1,3.063970234266E0,-1.055E1));
#10027=DIRECTION('',(0.E0,0.E0,-1.E0));
#10028=DIRECTION('',(0.E0,1.E0,0.E0));
#10029=AXIS2_PLACEMENT_3D('',#10026,#10027,#10028);
#10030=PLANE('',#10029);
#10031=ORIENTED_EDGE('',*,*,#9835,.F.);
#10032=ORIENTED_EDGE('',*,*,#10021,.T.);
#10033=ORIENTED_EDGE('',*,*,#9913,.T.);
#10035=ORIENTED_EDGE('',*,*,#10034,.F.);
#10036=EDGE_LOOP('',(#10031,#10032,#10033,#10035));
#10037=FACE_OUTER_BOUND('',#10036,.F.);
#10038=ADVANCED_FACE('',(#10037),#10030,.T.);
#10039=CARTESIAN_POINT('',(-5.7E-1,3.2E0,-1.055E1));
#10040=DIRECTION('',(0.E0,1.E0,0.E0));
#10041=DIRECTION('',(0.E0,0.E0,1.E0));
#10042=AXIS2_PLACEMENT_3D('',#10039,#10040,#10041);
#10043=PLANE('',#10042);
#10044=ORIENTED_EDGE('',*,*,#9837,.F.);
#10045=ORIENTED_EDGE('',*,*,#10034,.T.);
#10046=ORIENTED_EDGE('',*,*,#9911,.T.);
#10047=ORIENTED_EDGE('',*,*,#9764,.F.);
#10048=EDGE_LOOP('',(#10044,#10045,#10046,#10047));
#10049=FACE_OUTER_BOUND('',#10048,.F.);
#10050=ADVANCED_FACE('',(#10049),#10043,.T.);
#10051=CARTESIAN_POINT('',(-5.7E-1,-2.8E0,-6.45E0));
#10052=DIRECTION('',(0.E0,-1.E0,0.E0));
#10053=DIRECTION('',(0.E0,0.E0,-1.E0));
#10054=AXIS2_PLACEMENT_3D('',#10051,#10052,#10053);
#10055=PLANE('',#10054);
#10056=ORIENTED_EDGE('',*,*,#9848,.F.);
#10057=ORIENTED_EDGE('',*,*,#9791,.T.);
#10058=ORIENTED_EDGE('',*,*,#9925,.T.);
#10060=ORIENTED_EDGE('',*,*,#10059,.F.);
#10061=EDGE_LOOP('',(#10056,#10057,#10058,#10060));
#10062=FACE_OUTER_BOUND('',#10061,.F.);
#10063=ADVANCED_FACE('',(#10062),#10055,.T.);
#10064=CARTESIAN_POINT('',(-5.7E-1,-2.8E0,-1.055E1));
#10065=DIRECTION('',(0.E0,0.E0,-1.E0));
#10066=DIRECTION('',(0.E0,1.E0,0.E0));
#10067=AXIS2_PLACEMENT_3D('',#10064,#10065,#10066);
#10068=PLANE('',#10067);
#10069=ORIENTED_EDGE('',*,*,#9850,.F.);
#10070=ORIENTED_EDGE('',*,*,#10059,.T.);
#10071=ORIENTED_EDGE('',*,*,#9932,.T.);
#10073=ORIENTED_EDGE('',*,*,#10072,.F.);
#10074=EDGE_LOOP('',(#10069,#10070,#10071,#10073));
#10075=FACE_OUTER_BOUND('',#10074,.F.);
#10076=ADVANCED_FACE('',(#10075),#10068,.T.);
#10077=CARTESIAN_POINT('',(-5.7E-1,-2.663970234266E0,-1.055E1));
#10078=DIRECTION('',(0.E0,9.396926207859E-1,-3.420201433257E-1));
#10079=DIRECTION('',(0.E0,3.420201433257E-1,9.396926207859E-1));
#10080=AXIS2_PLACEMENT_3D('',#10077,#10078,#10079);
#10081=PLANE('',#10080);
#10082=ORIENTED_EDGE('',*,*,#9852,.F.);
#10083=ORIENTED_EDGE('',*,*,#10072,.T.);
#10084=ORIENTED_EDGE('',*,*,#9930,.T.);
#10086=ORIENTED_EDGE('',*,*,#10085,.F.);
#10087=EDGE_LOOP('',(#10082,#10083,#10084,#10086));
#10088=FACE_OUTER_BOUND('',#10087,.F.);
#10089=ADVANCED_FACE('',(#10088),#10081,.T.);
#10090=CARTESIAN_POINT('',(-5.7E-1,-2.3E0,-9.55E0));
#10091=DIRECTION('',(0.E0,1.E0,0.E0));
#10092=DIRECTION('',(0.E0,0.E0,1.E0));
#10093=AXIS2_PLACEMENT_3D('',#10090,#10091,#10092);
#10094=PLANE('',#10093);
#10095=ORIENTED_EDGE('',*,*,#9854,.F.);
#10096=ORIENTED_EDGE('',*,*,#10085,.T.);
#10097=ORIENTED_EDGE('',*,*,#9928,.T.);
#10098=ORIENTED_EDGE('',*,*,#9787,.F.);
#10099=EDGE_LOOP('',(#10095,#10096,#10097,#10098));
#10100=FACE_OUTER_BOUND('',#10099,.F.);
#10101=ADVANCED_FACE('',(#10100),#10094,.T.);
#10102=CARTESIAN_POINT('',(1.E0,4.8E0,-6.55E0));
#10103=DIRECTION('',(1.E0,0.E0,0.E0));
#10104=DIRECTION('',(0.E0,0.E0,-1.E0));
#10105=AXIS2_PLACEMENT_3D('',#10102,#10103,#10104);
#10106=PLANE('',#10105);
#10107=ORIENTED_EDGE('',*,*,#6862,.T.);
#10108=ORIENTED_EDGE('',*,*,#6973,.T.);
#10109=ORIENTED_EDGE('',*,*,#7711,.T.);
#10110=ORIENTED_EDGE('',*,*,#8028,.F.);
#10111=ORIENTED_EDGE('',*,*,#5659,.F.);
#10112=ORIENTED_EDGE('',*,*,#9756,.T.);
#10113=EDGE_LOOP('',(#10107,#10108,#10109,#10110,#10111,#10112));
#10114=FACE_OUTER_BOUND('',#10113,.F.);
#10115=ADVANCED_FACE('',(#10114),#10106,.F.);
#10116=CARTESIAN_POINT('',(1.E0,4.8E0,-6.55E0));
#10117=DIRECTION('',(1.E0,0.E0,0.E0));
#10118=DIRECTION('',(0.E0,0.E0,-1.E0));
#10119=AXIS2_PLACEMENT_3D('',#10116,#10117,#10118);
#10120=PLANE('',#10119);
#10121=ORIENTED_EDGE('',*,*,#8374,.F.);
#10122=ORIENTED_EDGE('',*,*,#9781,.T.);
#10123=ORIENTED_EDGE('',*,*,#8145,.T.);
#10124=ORIENTED_EDGE('',*,*,#8013,.F.);
#10125=ORIENTED_EDGE('',*,*,#7901,.T.);
#10126=ORIENTED_EDGE('',*,*,#7031,.T.);
#10127=EDGE_LOOP('',(#10121,#10122,#10123,#10124,#10125,#10126));
#10128=FACE_OUTER_BOUND('',#10127,.F.);
#10129=ADVANCED_FACE('',(#10128),#10120,.F.);
#10130=CARTESIAN_POINT('',(3.2E0,4.8E0,-7.05E0));
#10131=DIRECTION('',(-1.E0,0.E0,0.E0));
#10132=DIRECTION('',(0.E0,0.E0,1.E0));
#10133=AXIS2_PLACEMENT_3D('',#10130,#10131,#10132);
#10134=PLANE('',#10133);
#10135=ORIENTED_EDGE('',*,*,#6858,.T.);
#10137=ORIENTED_EDGE('',*,*,#10136,.F.);
#10138=ORIENTED_EDGE('',*,*,#5663,.T.);
#10139=ORIENTED_EDGE('',*,*,#8031,.T.);
#10140=ORIENTED_EDGE('',*,*,#7714,.F.);
#10141=ORIENTED_EDGE('',*,*,#6969,.F.);
#10142=EDGE_LOOP('',(#10135,#10137,#10138,#10139,#10140,#10141));
#10143=FACE_OUTER_BOUND('',#10142,.F.);
#10144=ADVANCED_FACE('',(#10143),#10134,.F.);
#10145=CARTESIAN_POINT('',(3.2E0,4.8E0,-7.05E0));
#10146=DIRECTION('',(-1.E0,0.E0,0.E0));
#10147=DIRECTION('',(0.E0,0.E0,1.E0));
#10148=AXIS2_PLACEMENT_3D('',#10145,#10146,#10147);
#10149=PLANE('',#10148);
#10150=ORIENTED_EDGE('',*,*,#8377,.F.);
#10151=ORIENTED_EDGE('',*,*,#7035,.F.);
#10152=ORIENTED_EDGE('',*,*,#7905,.F.);
#10153=ORIENTED_EDGE('',*,*,#8017,.T.);
#10154=ORIENTED_EDGE('',*,*,#8142,.F.);
#10156=ORIENTED_EDGE('',*,*,#10155,.F.);
#10157=EDGE_LOOP('',(#10150,#10151,#10152,#10153,#10154,#10156));
#10158=FACE_OUTER_BOUND('',#10157,.F.);
#10159=ADVANCED_FACE('',(#10158),#10149,.F.);
#10160=CARTESIAN_POINT('',(3.2E0,4.8E0,-6.55E0));
#10161=DIRECTION('',(0.E0,0.E0,1.E0));
#10162=DIRECTION('',(1.E0,0.E0,0.E0));
#10163=AXIS2_PLACEMENT_3D('',#10160,#10161,#10162);
#10164=PLANE('',#10163);
#10165=ORIENTED_EDGE('',*,*,#6856,.T.);
#10167=ORIENTED_EDGE('',*,*,#10166,.F.);
#10168=ORIENTED_EDGE('',*,*,#5665,.F.);
#10169=ORIENTED_EDGE('',*,*,#10136,.T.);
#10170=EDGE_LOOP('',(#10165,#10167,#10168,#10169));
#10171=FACE_OUTER_BOUND('',#10170,.F.);
#10173=ORIENTED_EDGE('',*,*,#10172,.T.);
#10175=ORIENTED_EDGE('',*,*,#10174,.T.);
#10177=ORIENTED_EDGE('',*,*,#10176,.F.);
#10179=ORIENTED_EDGE('',*,*,#10178,.F.);
#10180=EDGE_LOOP('',(#10173,#10175,#10177,#10179));
#10181=FACE_BOUND('',#10180,.F.);
#10182=ADVANCED_FACE('',(#10171,#10181),#10164,.F.);
#10183=CARTESIAN_POINT('',(3.2E0,4.8E0,-6.55E0));
#10184=DIRECTION('',(0.E0,0.E0,1.E0));
#10185=DIRECTION('',(1.E0,0.E0,0.E0));
#10186=AXIS2_PLACEMENT_3D('',#10183,#10184,#10185);
#10187=PLANE('',#10186);
#10188=ORIENTED_EDGE('',*,*,#8379,.F.);
#10189=ORIENTED_EDGE('',*,*,#10155,.T.);
#10190=ORIENTED_EDGE('',*,*,#8140,.T.);
#10192=ORIENTED_EDGE('',*,*,#10191,.F.);
#10193=EDGE_LOOP('',(#10188,#10189,#10190,#10192));
#10194=FACE_OUTER_BOUND('',#10193,.F.);
#10196=ORIENTED_EDGE('',*,*,#10195,.T.);
#10198=ORIENTED_EDGE('',*,*,#10197,.T.);
#10200=ORIENTED_EDGE('',*,*,#10199,.F.);
#10202=ORIENTED_EDGE('',*,*,#10201,.F.);
#10203=EDGE_LOOP('',(#10196,#10198,#10200,#10202));
#10204=FACE_BOUND('',#10203,.F.);
#10205=ADVANCED_FACE('',(#10194,#10204),#10187,.F.);
#10206=CARTESIAN_POINT('',(3.63E0,0.E0,0.E0));
#10207=DIRECTION('',(1.E0,0.E0,0.E0));
#10208=DIRECTION('',(0.E0,0.E0,-1.E0));
#10209=AXIS2_PLACEMENT_3D('',#10206,#10207,#10208);
#10210=PLANE('',#10209);
#10211=ORIENTED_EDGE('',*,*,#6076,.T.);
#10213=ORIENTED_EDGE('',*,*,#10212,.T.);
#10215=ORIENTED_EDGE('',*,*,#10214,.T.);
#10217=ORIENTED_EDGE('',*,*,#10216,.T.);
#10218=EDGE_LOOP('',(#10211,#10213,#10215,#10217));
#10219=FACE_OUTER_BOUND('',#10218,.F.);
#10220=ADVANCED_FACE('',(#10219),#10210,.F.);
#10221=CARTESIAN_POINT('',(3.63E0,0.E0,0.E0));
#10222=DIRECTION('',(1.E0,0.E0,0.E0));
#10223=DIRECTION('',(0.E0,0.E0,-1.E0));
#10224=AXIS2_PLACEMENT_3D('',#10221,#10222,#10223);
#10225=PLANE('',#10224);
#10226=ORIENTED_EDGE('',*,*,#6046,.T.);
#10228=ORIENTED_EDGE('',*,*,#10227,.T.);
#10230=ORIENTED_EDGE('',*,*,#10229,.T.);
#10232=ORIENTED_EDGE('',*,*,#10231,.T.);
#10233=EDGE_LOOP('',(#10226,#10228,#10230,#10232));
#10234=FACE_OUTER_BOUND('',#10233,.F.);
#10235=ADVANCED_FACE('',(#10234),#10225,.F.);
#10236=CARTESIAN_POINT('',(3.63E0,0.E0,0.E0));
#10237=DIRECTION('',(1.E0,0.E0,0.E0));
#10238=DIRECTION('',(0.E0,0.E0,-1.E0));
#10239=AXIS2_PLACEMENT_3D('',#10236,#10237,#10238);
#10240=PLANE('',#10239);
#10242=ORIENTED_EDGE('',*,*,#10241,.T.);
#10244=ORIENTED_EDGE('',*,*,#10243,.T.);
#10246=ORIENTED_EDGE('',*,*,#10245,.T.);
#10248=ORIENTED_EDGE('',*,*,#10247,.T.);
#10249=ORIENTED_EDGE('',*,*,#10172,.F.);
#10250=EDGE_LOOP('',(#10242,#10244,#10246,#10248,#10249));
#10251=FACE_OUTER_BOUND('',#10250,.F.);
#10252=ADVANCED_FACE('',(#10251),#10240,.F.);
#10253=CARTESIAN_POINT('',(3.63E0,0.E0,0.E0));
#10254=DIRECTION('',(1.E0,0.E0,0.E0));
#10255=DIRECTION('',(0.E0,0.E0,-1.E0));
#10256=AXIS2_PLACEMENT_3D('',#10253,#10254,#10255);
#10257=PLANE('',#10256);
#10259=ORIENTED_EDGE('',*,*,#10258,.T.);
#10261=ORIENTED_EDGE('',*,*,#10260,.T.);
#10263=ORIENTED_EDGE('',*,*,#10262,.T.);
#10265=ORIENTED_EDGE('',*,*,#10264,.T.);
#10266=ORIENTED_EDGE('',*,*,#10195,.F.);
#10267=EDGE_LOOP('',(#10259,#10261,#10263,#10265,#10266));
#10268=FACE_OUTER_BOUND('',#10267,.F.);
#10269=ADVANCED_FACE('',(#10268),#10257,.F.);
#10270=CARTESIAN_POINT('',(3.63E0,-1.33E0,-3.35E0));
#10271=DIRECTION('',(0.E0,1.E0,0.E0));
#10272=DIRECTION('',(0.E0,0.E0,1.E0));
#10273=AXIS2_PLACEMENT_3D('',#10270,#10271,#10272);
#10274=PLANE('',#10273);
#10275=ORIENTED_EDGE('',*,*,#6082,.T.);
#10277=ORIENTED_EDGE('',*,*,#10276,.T.);
#10279=ORIENTED_EDGE('',*,*,#10278,.F.);
#10280=ORIENTED_EDGE('',*,*,#10212,.F.);
#10281=EDGE_LOOP('',(#10275,#10277,#10279,#10280));
#10282=FACE_OUTER_BOUND('',#10281,.F.);
#10283=ADVANCED_FACE('',(#10282),#10274,.T.);
#10284=CARTESIAN_POINT('',(4.77E0,0.E0,0.E0));
#10285=DIRECTION('',(1.E0,0.E0,0.E0));
#10286=DIRECTION('',(0.E0,0.E0,-1.E0));
#10287=AXIS2_PLACEMENT_3D('',#10284,#10285,#10286);
#10288=PLANE('',#10287);
#10289=ORIENTED_EDGE('',*,*,#6080,.F.);
#10291=ORIENTED_EDGE('',*,*,#10290,.F.);
#10293=ORIENTED_EDGE('',*,*,#10292,.F.);
#10294=ORIENTED_EDGE('',*,*,#10276,.F.);
#10295=EDGE_LOOP('',(#10289,#10291,#10293,#10294));
#10296=FACE_OUTER_BOUND('',#10295,.F.);
#10297=ADVANCED_FACE('',(#10296),#10288,.T.);
#10298=CARTESIAN_POINT('',(4.77E0,0.E0,0.E0));
#10299=DIRECTION('',(1.E0,0.E0,0.E0));
#10300=DIRECTION('',(0.E0,0.E0,-1.E0));
#10301=AXIS2_PLACEMENT_3D('',#10298,#10299,#10300);
#10302=PLANE('',#10301);
#10303=ORIENTED_EDGE('',*,*,#6050,.F.);
#10305=ORIENTED_EDGE('',*,*,#10304,.F.);
#10307=ORIENTED_EDGE('',*,*,#10306,.F.);
#10309=ORIENTED_EDGE('',*,*,#10308,.F.);
#10310=EDGE_LOOP('',(#10303,#10305,#10307,#10309));
#10311=FACE_OUTER_BOUND('',#10310,.F.);
#10312=ADVANCED_FACE('',(#10311),#10302,.T.);
#10313=CARTESIAN_POINT('',(4.77E0,0.E0,0.E0));
#10314=DIRECTION('',(1.E0,0.E0,0.E0));
#10315=DIRECTION('',(0.E0,0.E0,-1.E0));
#10316=AXIS2_PLACEMENT_3D('',#10313,#10314,#10315);
#10317=PLANE('',#10316);
#10319=ORIENTED_EDGE('',*,*,#10318,.F.);
#10320=ORIENTED_EDGE('',*,*,#10176,.T.);
#10322=ORIENTED_EDGE('',*,*,#10321,.F.);
#10324=ORIENTED_EDGE('',*,*,#10323,.F.);
#10326=ORIENTED_EDGE('',*,*,#10325,.F.);
#10327=EDGE_LOOP('',(#10319,#10320,#10322,#10324,#10326));
#10328=FACE_OUTER_BOUND('',#10327,.F.);
#10329=ADVANCED_FACE('',(#10328),#10317,.T.);
#10330=CARTESIAN_POINT('',(4.77E0,0.E0,0.E0));
#10331=DIRECTION('',(1.E0,0.E0,0.E0));
#10332=DIRECTION('',(0.E0,0.E0,-1.E0));
#10333=AXIS2_PLACEMENT_3D('',#10330,#10331,#10332);
#10334=PLANE('',#10333);
#10336=ORIENTED_EDGE('',*,*,#10335,.F.);
#10337=ORIENTED_EDGE('',*,*,#10199,.T.);
#10339=ORIENTED_EDGE('',*,*,#10338,.F.);
#10341=ORIENTED_EDGE('',*,*,#10340,.F.);
#10343=ORIENTED_EDGE('',*,*,#10342,.F.);
#10344=EDGE_LOOP('',(#10336,#10337,#10339,#10341,#10343));
#10345=FACE_OUTER_BOUND('',#10344,.F.);
#10346=ADVANCED_FACE('',(#10345),#10334,.T.);
#10347=CARTESIAN_POINT('',(3.63E0,-2.47E0,2.15E0));
#10348=DIRECTION('',(0.E0,-1.E0,0.E0));
#10349=DIRECTION('',(0.E0,0.E0,-1.E0));
#10350=AXIS2_PLACEMENT_3D('',#10347,#10348,#10349);
#10351=PLANE('',#10350);
#10352=ORIENTED_EDGE('',*,*,#6078,.F.);
#10353=ORIENTED_EDGE('',*,*,#10216,.F.);
#10355=ORIENTED_EDGE('',*,*,#10354,.T.);
#10356=ORIENTED_EDGE('',*,*,#10290,.T.);
#10357=EDGE_LOOP('',(#10352,#10353,#10355,#10356));
#10358=FACE_OUTER_BOUND('',#10357,.F.);
#10359=ADVANCED_FACE('',(#10358),#10351,.T.);
#10360=CARTESIAN_POINT('',(3.63E0,-1.33E0,2.15E0));
#10361=DIRECTION('',(0.E0,0.E0,1.E0));
#10362=DIRECTION('',(0.E0,-1.E0,0.E0));
#10363=AXIS2_PLACEMENT_3D('',#10360,#10361,#10362);
#10364=PLANE('',#10363);
#10365=ORIENTED_EDGE('',*,*,#10214,.F.);
#10366=ORIENTED_EDGE('',*,*,#10278,.T.);
#10367=ORIENTED_EDGE('',*,*,#10292,.T.);
#10368=ORIENTED_EDGE('',*,*,#10354,.F.);
#10369=EDGE_LOOP('',(#10365,#10366,#10367,#10368));
#10370=FACE_OUTER_BOUND('',#10369,.F.);
#10371=ADVANCED_FACE('',(#10370),#10364,.T.);
#10372=CARTESIAN_POINT('',(3.63E0,1.73E0,2.15E0));
#10373=DIRECTION('',(0.E0,-1.E0,0.E0));
#10374=DIRECTION('',(0.E0,0.E0,-1.E0));
#10375=AXIS2_PLACEMENT_3D('',#10372,#10373,#10374);
#10376=PLANE('',#10375);
#10377=ORIENTED_EDGE('',*,*,#6048,.F.);
#10378=ORIENTED_EDGE('',*,*,#10231,.F.);
#10380=ORIENTED_EDGE('',*,*,#10379,.T.);
#10381=ORIENTED_EDGE('',*,*,#10304,.T.);
#10382=EDGE_LOOP('',(#10377,#10378,#10380,#10381));
#10383=FACE_OUTER_BOUND('',#10382,.F.);
#10384=ADVANCED_FACE('',(#10383),#10376,.T.);
#10385=CARTESIAN_POINT('',(3.63E0,2.87E0,2.15E0));
#10386=DIRECTION('',(0.E0,0.E0,1.E0));
#10387=DIRECTION('',(0.E0,-1.E0,0.E0));
#10388=AXIS2_PLACEMENT_3D('',#10385,#10386,#10387);
#10389=PLANE('',#10388);
#10390=ORIENTED_EDGE('',*,*,#10229,.F.);
#10392=ORIENTED_EDGE('',*,*,#10391,.T.);
#10393=ORIENTED_EDGE('',*,*,#10306,.T.);
#10394=ORIENTED_EDGE('',*,*,#10379,.F.);
#10395=EDGE_LOOP('',(#10390,#10392,#10393,#10394));
#10396=FACE_OUTER_BOUND('',#10395,.F.);
#10397=ADVANCED_FACE('',(#10396),#10389,.T.);
#10398=CARTESIAN_POINT('',(3.63E0,2.87E0,-3.35E0));
#10399=DIRECTION('',(0.E0,1.E0,0.E0));
#10400=DIRECTION('',(0.E0,0.E0,1.E0));
#10401=AXIS2_PLACEMENT_3D('',#10398,#10399,#10400);
#10402=PLANE('',#10401);
#10403=ORIENTED_EDGE('',*,*,#6052,.T.);
#10404=ORIENTED_EDGE('',*,*,#10308,.T.);
#10405=ORIENTED_EDGE('',*,*,#10391,.F.);
#10406=ORIENTED_EDGE('',*,*,#10227,.F.);
#10407=EDGE_LOOP('',(#10403,#10404,#10405,#10406));
#10408=FACE_OUTER_BOUND('',#10407,.F.);
#10409=ADVANCED_FACE('',(#10408),#10402,.T.);
#10410=CARTESIAN_POINT('',(3.63E0,2.7E0,-6.45E0));
#10411=DIRECTION('',(0.E0,-1.E0,0.E0));
#10412=DIRECTION('',(0.E0,0.E0,-1.E0));
#10413=AXIS2_PLACEMENT_3D('',#10410,#10411,#10412);
#10414=PLANE('',#10413);
#10415=ORIENTED_EDGE('',*,*,#10241,.F.);
#10416=ORIENTED_EDGE('',*,*,#10178,.T.);
#10417=ORIENTED_EDGE('',*,*,#10318,.T.);
#10419=ORIENTED_EDGE('',*,*,#10418,.F.);
#10420=EDGE_LOOP('',(#10415,#10416,#10417,#10419));
#10421=FACE_OUTER_BOUND('',#10420,.F.);
#10422=ADVANCED_FACE('',(#10421),#10414,.T.);
#10423=CARTESIAN_POINT('',(3.63E0,2.7E0,-9.55E0));
#10424=DIRECTION('',(0.E0,-9.396926207859E-1,-3.420201433257E-1));
#10425=DIRECTION('',(0.E0,3.420201433257E-1,-9.396926207859E-1));
#10426=AXIS2_PLACEMENT_3D('',#10423,#10424,#10425);
#10427=PLANE('',#10426);
#10428=ORIENTED_EDGE('',*,*,#10243,.F.);
#10429=ORIENTED_EDGE('',*,*,#10418,.T.);
#10430=ORIENTED_EDGE('',*,*,#10325,.T.);
#10432=ORIENTED_EDGE('',*,*,#10431,.F.);
#10433=EDGE_LOOP('',(#10428,#10429,#10430,#10432));
#10434=FACE_OUTER_BOUND('',#10433,.F.);
#10435=ADVANCED_FACE('',(#10434),#10427,.T.);
#10436=CARTESIAN_POINT('',(3.63E0,3.063970234266E0,-1.055E1));
#10437=DIRECTION('',(0.E0,0.E0,-1.E0));
#10438=DIRECTION('',(0.E0,1.E0,0.E0));
#10439=AXIS2_PLACEMENT_3D('',#10436,#10437,#10438);
#10440=PLANE('',#10439);
#10441=ORIENTED_EDGE('',*,*,#10245,.F.);
#10442=ORIENTED_EDGE('',*,*,#10431,.T.);
#10443=ORIENTED_EDGE('',*,*,#10323,.T.);
#10445=ORIENTED_EDGE('',*,*,#10444,.F.);
#10446=EDGE_LOOP('',(#10441,#10442,#10443,#10445));
#10447=FACE_OUTER_BOUND('',#10446,.F.);
#10448=ADVANCED_FACE('',(#10447),#10440,.T.);
#10449=CARTESIAN_POINT('',(3.63E0,3.2E0,-1.055E1));
#10450=DIRECTION('',(0.E0,1.E0,0.E0));
#10451=DIRECTION('',(0.E0,0.E0,1.E0));
#10452=AXIS2_PLACEMENT_3D('',#10449,#10450,#10451);
#10453=PLANE('',#10452);
#10454=ORIENTED_EDGE('',*,*,#10247,.F.);
#10455=ORIENTED_EDGE('',*,*,#10444,.T.);
#10456=ORIENTED_EDGE('',*,*,#10321,.T.);
#10457=ORIENTED_EDGE('',*,*,#10174,.F.);
#10458=EDGE_LOOP('',(#10454,#10455,#10456,#10457));
#10459=FACE_OUTER_BOUND('',#10458,.F.);
#10460=ADVANCED_FACE('',(#10459),#10453,.T.);
#10461=CARTESIAN_POINT('',(3.63E0,-2.8E0,-6.45E0));
#10462=DIRECTION('',(0.E0,-1.E0,0.E0));
#10463=DIRECTION('',(0.E0,0.E0,-1.E0));
#10464=AXIS2_PLACEMENT_3D('',#10461,#10462,#10463);
#10465=PLANE('',#10464);
#10466=ORIENTED_EDGE('',*,*,#10258,.F.);
#10467=ORIENTED_EDGE('',*,*,#10201,.T.);
#10468=ORIENTED_EDGE('',*,*,#10335,.T.);
#10470=ORIENTED_EDGE('',*,*,#10469,.F.);
#10471=EDGE_LOOP('',(#10466,#10467,#10468,#10470));
#10472=FACE_OUTER_BOUND('',#10471,.F.);
#10473=ADVANCED_FACE('',(#10472),#10465,.T.);
#10474=CARTESIAN_POINT('',(3.63E0,-2.8E0,-1.055E1));
#10475=DIRECTION('',(0.E0,0.E0,-1.E0));
#10476=DIRECTION('',(0.E0,1.E0,0.E0));
#10477=AXIS2_PLACEMENT_3D('',#10474,#10475,#10476);
#10478=PLANE('',#10477);
#10479=ORIENTED_EDGE('',*,*,#10260,.F.);
#10480=ORIENTED_EDGE('',*,*,#10469,.T.);
#10481=ORIENTED_EDGE('',*,*,#10342,.T.);
#10483=ORIENTED_EDGE('',*,*,#10482,.F.);
#10484=EDGE_LOOP('',(#10479,#10480,#10481,#10483));
#10485=FACE_OUTER_BOUND('',#10484,.F.);
#10486=ADVANCED_FACE('',(#10485),#10478,.T.);
#10487=CARTESIAN_POINT('',(3.63E0,-2.663970234266E0,-1.055E1));
#10488=DIRECTION('',(0.E0,9.396926207859E-1,-3.420201433257E-1));
#10489=DIRECTION('',(0.E0,3.420201433257E-1,9.396926207859E-1));
#10490=AXIS2_PLACEMENT_3D('',#10487,#10488,#10489);
#10491=PLANE('',#10490);
#10492=ORIENTED_EDGE('',*,*,#10262,.F.);
#10493=ORIENTED_EDGE('',*,*,#10482,.T.);
#10494=ORIENTED_EDGE('',*,*,#10340,.T.);
#10496=ORIENTED_EDGE('',*,*,#10495,.F.);
#10497=EDGE_LOOP('',(#10492,#10493,#10494,#10496));
#10498=FACE_OUTER_BOUND('',#10497,.F.);
#10499=ADVANCED_FACE('',(#10498),#10491,.T.);
#10500=CARTESIAN_POINT('',(3.63E0,-2.3E0,-9.55E0));
#10501=DIRECTION('',(0.E0,1.E0,0.E0));
#10502=DIRECTION('',(0.E0,0.E0,1.E0));
#10503=AXIS2_PLACEMENT_3D('',#10500,#10501,#10502);
#10504=PLANE('',#10503);
#10505=ORIENTED_EDGE('',*,*,#10264,.F.);
#10506=ORIENTED_EDGE('',*,*,#10495,.T.);
#10507=ORIENTED_EDGE('',*,*,#10338,.T.);
#10508=ORIENTED_EDGE('',*,*,#10197,.F.);
#10509=EDGE_LOOP('',(#10505,#10506,#10507,#10508));
#10510=FACE_OUTER_BOUND('',#10509,.F.);
#10511=ADVANCED_FACE('',(#10510),#10504,.T.);
#10512=CARTESIAN_POINT('',(5.2E0,4.8E0,-6.55E0));
#10513=DIRECTION('',(1.E0,0.E0,0.E0));
#10514=DIRECTION('',(0.E0,0.E0,-1.E0));
#10515=AXIS2_PLACEMENT_3D('',#10512,#10513,#10514);
#10516=PLANE('',#10515);
#10517=ORIENTED_EDGE('',*,*,#6854,.T.);
#10518=ORIENTED_EDGE('',*,*,#7088,.T.);
#10519=ORIENTED_EDGE('',*,*,#7696,.T.);
#10520=ORIENTED_EDGE('',*,*,#7999,.F.);
#10521=ORIENTED_EDGE('',*,*,#5667,.F.);
#10522=ORIENTED_EDGE('',*,*,#10166,.T.);
#10523=EDGE_LOOP('',(#10517,#10518,#10519,#10520,#10521,#10522));
#10524=FACE_OUTER_BOUND('',#10523,.F.);
#10525=ADVANCED_FACE('',(#10524),#10516,.F.);
#10526=CARTESIAN_POINT('',(5.2E0,4.8E0,-6.55E0));
#10527=DIRECTION('',(1.E0,0.E0,0.E0));
#10528=DIRECTION('',(0.E0,0.E0,-1.E0));
#10529=AXIS2_PLACEMENT_3D('',#10526,#10527,#10528);
#10530=PLANE('',#10529);
#10531=ORIENTED_EDGE('',*,*,#8381,.F.);
#10532=ORIENTED_EDGE('',*,*,#10191,.T.);
#10533=ORIENTED_EDGE('',*,*,#8138,.T.);
#10534=ORIENTED_EDGE('',*,*,#7984,.F.);
#10535=ORIENTED_EDGE('',*,*,#7886,.T.);
#10536=ORIENTED_EDGE('',*,*,#7072,.T.);
#10537=EDGE_LOOP('',(#10531,#10532,#10533,#10534,#10535,#10536));
#10538=FACE_OUTER_BOUND('',#10537,.F.);
#10539=ADVANCED_FACE('',(#10538),#10530,.F.);
#10540=CARTESIAN_POINT('',(7.83E0,-2.47E0,2.15E0));
#10541=DIRECTION('',(0.E0,-1.E0,0.E0));
#10542=DIRECTION('',(0.E0,0.E0,-1.E0));
#10543=AXIS2_PLACEMENT_3D('',#10540,#10541,#10542);
#10544=PLANE('',#10543);
#10545=ORIENTED_EDGE('',*,*,#6561,.F.);
#10547=ORIENTED_EDGE('',*,*,#10546,.T.);
#10548=ORIENTED_EDGE('',*,*,#6665,.T.);
#10549=ORIENTED_EDGE('',*,*,#6463,.F.);
#10550=EDGE_LOOP('',(#10545,#10547,#10548,#10549));
#10551=FACE_OUTER_BOUND('',#10550,.F.);
#10552=ADVANCED_FACE('',(#10551),#10544,.T.);
#10553=CARTESIAN_POINT('',(7.83E0,-1.33E0,2.15E0));
#10554=DIRECTION('',(0.E0,0.E0,1.E0));
#10555=DIRECTION('',(0.E0,-1.E0,0.E0));
#10556=AXIS2_PLACEMENT_3D('',#10553,#10554,#10555);
#10557=PLANE('',#10556);
#10558=ORIENTED_EDGE('',*,*,#6566,.F.);
#10560=ORIENTED_EDGE('',*,*,#10559,.T.);
#10561=ORIENTED_EDGE('',*,*,#6667,.T.);
#10562=ORIENTED_EDGE('',*,*,#10546,.F.);
#10563=EDGE_LOOP('',(#10558,#10560,#10561,#10562));
#10564=FACE_OUTER_BOUND('',#10563,.F.);
#10565=ADVANCED_FACE('',(#10564),#10557,.T.);
#10566=CARTESIAN_POINT('',(7.83E0,-1.33E0,-3.35E0));
#10567=DIRECTION('',(0.E0,1.E0,0.E0));
#10568=DIRECTION('',(0.E0,0.E0,1.E0));
#10569=AXIS2_PLACEMENT_3D('',#10566,#10567,#10568);
#10570=PLANE('',#10569);
#10571=ORIENTED_EDGE('',*,*,#6467,.T.);
#10572=ORIENTED_EDGE('',*,*,#6669,.T.);
#10573=ORIENTED_EDGE('',*,*,#10559,.F.);
#10574=ORIENTED_EDGE('',*,*,#6564,.F.);
#10575=EDGE_LOOP('',(#10571,#10572,#10573,#10574));
#10576=FACE_OUTER_BOUND('',#10575,.F.);
#10577=ADVANCED_FACE('',(#10576),#10570,.T.);
#10578=CARTESIAN_POINT('',(0.E0,-5.2E0,5.8E0));
#10579=DIRECTION('',(0.E0,-6.931087162518E-1,-7.208330649019E-1));
#10580=DIRECTION('',(1.E0,0.E0,0.E0));
#10581=AXIS2_PLACEMENT_3D('',#10578,#10579,#10580);
#10582=PLANE('',#10581);
#10583=ORIENTED_EDGE('',*,*,#5837,.F.);
#10584=ORIENTED_EDGE('',*,*,#6191,.T.);
#10585=ORIENTED_EDGE('',*,*,#5711,.T.);
#10586=ORIENTED_EDGE('',*,*,#5387,.F.);
#10587=EDGE_LOOP('',(#10583,#10584,#10585,#10586));
#10588=FACE_OUTER_BOUND('',#10587,.F.);
#10589=ADVANCED_FACE('',(#10588),#10582,.F.);
#10590=CARTESIAN_POINT('',(1.8E0,3.E-1,3.55E0));
#10591=DIRECTION('',(1.E0,0.E0,0.E0));
#10592=DIRECTION('',(0.E0,1.E0,0.E0));
#10593=AXIS2_PLACEMENT_3D('',#10590,#10591,#10592);
#10594=PLANE('',#10593);
#10595=ORIENTED_EDGE('',*,*,#6013,.T.);
#10597=ORIENTED_EDGE('',*,*,#10596,.T.);
#10598=ORIENTED_EDGE('',*,*,#6093,.T.);
#10599=ORIENTED_EDGE('',*,*,#5885,.F.);
#10600=EDGE_LOOP('',(#10595,#10597,#10598,#10599));
#10601=FACE_OUTER_BOUND('',#10600,.F.);
#10602=ADVANCED_FACE('',(#10601),#10594,.F.);
#10603=CARTESIAN_POINT('',(-1.8E0,3.E-1,3.55E0));
#10604=DIRECTION('',(0.E0,-1.E0,0.E0));
#10605=DIRECTION('',(1.E0,0.E0,0.E0));
#10606=AXIS2_PLACEMENT_3D('',#10603,#10604,#10605);
#10607=PLANE('',#10606);
#10608=ORIENTED_EDGE('',*,*,#6011,.F.);
#10610=ORIENTED_EDGE('',*,*,#10609,.T.);
#10611=ORIENTED_EDGE('',*,*,#6095,.T.);
#10612=ORIENTED_EDGE('',*,*,#10596,.F.);
#10613=EDGE_LOOP('',(#10608,#10610,#10611,#10612));
#10614=FACE_OUTER_BOUND('',#10613,.F.);
#10615=ADVANCED_FACE('',(#10614),#10607,.F.);
#10616=CARTESIAN_POINT('',(-1.8E0,3.9E0,3.55E0));
#10617=DIRECTION('',(-1.E0,0.E0,0.E0));
#10618=DIRECTION('',(0.E0,-1.E0,0.E0));
#10619=AXIS2_PLACEMENT_3D('',#10616,#10617,#10618);
#10620=PLANE('',#10619);
#10621=ORIENTED_EDGE('',*,*,#6009,.F.);
#10622=ORIENTED_EDGE('',*,*,#5889,.T.);
#10623=ORIENTED_EDGE('',*,*,#6097,.T.);
#10624=ORIENTED_EDGE('',*,*,#10609,.F.);
#10625=EDGE_LOOP('',(#10621,#10622,#10623,#10624));
#10626=FACE_OUTER_BOUND('',#10625,.F.);
#10627=ADVANCED_FACE('',(#10626),#10620,.F.);
#10628=CARTESIAN_POINT('',(-1.28E1,4.2E0,7.05E0));
#10629=DIRECTION('',(0.E0,1.E0,0.E0));
#10630=DIRECTION('',(-1.E0,0.E0,0.E0));
#10631=AXIS2_PLACEMENT_3D('',#10628,#10629,#10630);
#10632=PLANE('',#10631);
#10633=ORIENTED_EDGE('',*,*,#5776,.T.);
#10634=ORIENTED_EDGE('',*,*,#5113,.F.);
#10635=ORIENTED_EDGE('',*,*,#5345,.F.);
#10636=ORIENTED_EDGE('',*,*,#5824,.T.);
#10637=EDGE_LOOP('',(#10633,#10634,#10635,#10636));
#10638=FACE_OUTER_BOUND('',#10637,.F.);
#10639=ADVANCED_FACE('',(#10638),#10632,.F.);
#10640=CARTESIAN_POINT('',(-4.5E0,7.5E0,7.05E0));
#10641=DIRECTION('',(1.E0,0.E0,0.E0));
#10642=DIRECTION('',(0.E0,0.E0,-1.E0));
#10643=AXIS2_PLACEMENT_3D('',#10640,#10641,#10642);
#10644=PLANE('',#10643);
#10645=ORIENTED_EDGE('',*,*,#5694,.F.);
#10646=ORIENTED_EDGE('',*,*,#5339,.F.);
#10647=ORIENTED_EDGE('',*,*,#5550,.F.);
#10649=ORIENTED_EDGE('',*,*,#10648,.F.);
#10651=ORIENTED_EDGE('',*,*,#10650,.T.);
#10653=ORIENTED_EDGE('',*,*,#10652,.T.);
#10655=ORIENTED_EDGE('',*,*,#10654,.T.);
#10656=ORIENTED_EDGE('',*,*,#5611,.F.);
#10657=EDGE_LOOP('',(#10645,#10646,#10647,#10649,#10651,#10653,#10655,#10656));
#10658=FACE_OUTER_BOUND('',#10657,.F.);
#10659=ADVANCED_FACE('',(#10658),#10644,.T.);
#10660=CARTESIAN_POINT('',(-5.5E0,4.8E0,2.75E0));
#10661=DIRECTION('',(0.E0,0.E0,-1.E0));
#10662=DIRECTION('',(0.E0,1.E0,0.E0));
#10663=AXIS2_PLACEMENT_3D('',#10660,#10661,#10662);
#10664=PLANE('',#10663);
#10665=ORIENTED_EDGE('',*,*,#5630,.T.);
#10667=ORIENTED_EDGE('',*,*,#10666,.F.);
#10668=ORIENTED_EDGE('',*,*,#5565,.T.);
#10670=ORIENTED_EDGE('',*,*,#10669,.T.);
#10672=ORIENTED_EDGE('',*,*,#10671,.F.);
#10673=ORIENTED_EDGE('',*,*,#10648,.T.);
#10674=ORIENTED_EDGE('',*,*,#5548,.F.);
#10676=ORIENTED_EDGE('',*,*,#10675,.F.);
#10677=EDGE_LOOP('',(#10665,#10667,#10668,#10670,#10672,#10673,#10674,#10676));
#10678=FACE_OUTER_BOUND('',#10677,.F.);
#10679=ADVANCED_FACE('',(#10678),#10664,.T.);
#10680=CARTESIAN_POINT('',(5.5E0,4.8E0,7.05E0));
#10681=DIRECTION('',(-1.E0,0.E0,0.E0));
#10682=DIRECTION('',(0.E0,0.E0,1.E0));
#10683=AXIS2_PLACEMENT_3D('',#10680,#10681,#10682);
#10684=PLANE('',#10683);
#10685=ORIENTED_EDGE('',*,*,#5567,.T.);
#10686=ORIENTED_EDGE('',*,*,#10666,.T.);
#10687=ORIENTED_EDGE('',*,*,#5628,.F.);
#10688=ORIENTED_EDGE('',*,*,#5596,.T.);
#10689=EDGE_LOOP('',(#10685,#10686,#10687,#10688));
#10690=FACE_OUTER_BOUND('',#10689,.F.);
#10691=ADVANCED_FACE('',(#10690),#10684,.F.);
#10692=CARTESIAN_POINT('',(4.5E0,4.8E0,7.05E0));
#10693=DIRECTION('',(-1.E0,0.E0,0.E0));
#10694=DIRECTION('',(0.E0,0.E0,1.E0));
#10695=AXIS2_PLACEMENT_3D('',#10692,#10693,#10694);
#10696=PLANE('',#10695);
#10697=ORIENTED_EDGE('',*,*,#5697,.F.);
#10698=ORIENTED_EDGE('',*,*,#5615,.T.);
#10700=ORIENTED_EDGE('',*,*,#10699,.F.);
#10702=ORIENTED_EDGE('',*,*,#10701,.F.);
#10704=ORIENTED_EDGE('',*,*,#10703,.F.);
#10705=ORIENTED_EDGE('',*,*,#10669,.F.);
#10706=ORIENTED_EDGE('',*,*,#5563,.F.);
#10707=ORIENTED_EDGE('',*,*,#5365,.F.);
#10708=EDGE_LOOP('',(#10697,#10698,#10700,#10702,#10704,#10705,#10706,#10707));
#10709=FACE_OUTER_BOUND('',#10708,.F.);
#10710=ADVANCED_FACE('',(#10709),#10696,.T.);
#10711=CARTESIAN_POINT('',(-4.5E0,5.274785229868E0,3.984172996594E0));
#10712=DIRECTION('',(0.E0,7.660444431190E-1,6.427876096865E-1));
#10713=DIRECTION('',(0.E0,-6.427876096865E-1,7.660444431190E-1));
#10714=AXIS2_PLACEMENT_3D('',#10711,#10712,#10713);
#10715=PLANE('',#10714);
#10716=ORIENTED_EDGE('',*,*,#10699,.T.);
#10717=ORIENTED_EDGE('',*,*,#5613,.F.);
#10718=ORIENTED_EDGE('',*,*,#10654,.F.);
#10720=ORIENTED_EDGE('',*,*,#10719,.T.);
#10721=EDGE_LOOP('',(#10716,#10717,#10718,#10720));
#10722=FACE_OUTER_BOUND('',#10721,.F.);
#10723=ADVANCED_FACE('',(#10722),#10715,.T.);
#10724=CARTESIAN_POINT('',(-4.5E0,6.2E0,3.45E0));
#10725=DIRECTION('',(0.E0,5.E-1,8.660254037844E-1));
#10726=DIRECTION('',(0.E0,-8.660254037844E-1,5.E-1));
#10727=AXIS2_PLACEMENT_3D('',#10724,#10725,#10726);
#10728=PLANE('',#10727);
#10729=ORIENTED_EDGE('',*,*,#10701,.T.);
#10730=ORIENTED_EDGE('',*,*,#10719,.F.);
#10731=ORIENTED_EDGE('',*,*,#10652,.F.);
#10733=ORIENTED_EDGE('',*,*,#10732,.T.);
#10734=EDGE_LOOP('',(#10729,#10730,#10731,#10733));
#10735=FACE_OUTER_BOUND('',#10734,.F.);
#10736=ADVANCED_FACE('',(#10735),#10728,.T.);
#10737=CARTESIAN_POINT('',(-4.5E0,6.2E0,2.75E0));
#10738=DIRECTION('',(0.E0,1.E0,0.E0));
#10739=DIRECTION('',(0.E0,0.E0,1.E0));
#10740=AXIS2_PLACEMENT_3D('',#10737,#10738,#10739);
#10741=PLANE('',#10740);
#10742=ORIENTED_EDGE('',*,*,#10703,.T.);
#10743=ORIENTED_EDGE('',*,*,#10732,.F.);
#10744=ORIENTED_EDGE('',*,*,#10650,.F.);
#10745=ORIENTED_EDGE('',*,*,#10671,.T.);
#10746=EDGE_LOOP('',(#10742,#10743,#10744,#10745));
#10747=FACE_OUTER_BOUND('',#10746,.F.);
#10748=ADVANCED_FACE('',(#10747),#10741,.T.);
#10749=CARTESIAN_POINT('',(-5.5E0,7.5E0,7.05E0));
#10750=DIRECTION('',(1.E0,0.E0,0.E0));
#10751=DIRECTION('',(0.E0,0.E0,-1.E0));
#10752=AXIS2_PLACEMENT_3D('',#10749,#10750,#10751);
#10753=PLANE('',#10752);
#10754=ORIENTED_EDGE('',*,*,#10675,.T.);
#10755=ORIENTED_EDGE('',*,*,#5546,.T.);
#10756=ORIENTED_EDGE('',*,*,#5583,.F.);
#10757=ORIENTED_EDGE('',*,*,#5632,.T.);
#10758=EDGE_LOOP('',(#10754,#10755,#10756,#10757));
#10759=FACE_OUTER_BOUND('',#10758,.F.);
#10760=ADVANCED_FACE('',(#10759),#10753,.F.);
#10761=CLOSED_SHELL('',(#5103,#5127,#5143,#5166,#5199,#5219,#5237,#5272,#5290,
#5313,#5329,#5350,#5371,#5409,#5425,#5439,#5456,#5467,#5479,#5493,#5522,#5537,
#5555,#5573,#5588,#5603,#5619,#5681,#5702,#5717,#5729,#5745,#5760,#5780,#5801,
#5815,#5828,#5842,#5853,#5877,#5923,#6018,#6032,#6056,#6086,#6111,#6141,#6154,
#6166,#6207,#6220,#6233,#6246,#6259,#6271,#6284,#6297,#6310,#6323,#6335,#6349,
#6363,#6384,#6397,#6409,#6421,#6449,#6471,#6484,#6497,#6510,#6522,#6537,#6555,
#6570,#6588,#6602,#6616,#6629,#6641,#6659,#6674,#6692,#6706,#6719,#6732,#6745,
#6766,#6790,#6803,#6816,#6829,#6841,#6896,#6913,#6932,#6947,#6962,#6977,#6991,
#7007,#7023,#7039,#7062,#7078,#7093,#7109,#7124,#7141,#7160,#7183,#7208,#7225,
#7242,#7258,#7274,#7288,#7304,#7321,#7337,#7353,#7366,#7379,#7391,#7404,#7417,
#7430,#7442,#7456,#7478,#7503,#7516,#7528,#7542,#7554,#7567,#7579,#7592,#7605,
#7617,#7630,#7642,#7658,#7676,#7690,#7705,#7720,#7735,#7749,#7763,#7781,#7816,
#7829,#7845,#7857,#7867,#7880,#7895,#7910,#7925,#7939,#7953,#7966,#7978,#7993,
#8007,#8022,#8036,#8051,#8065,#8079,#8092,#8106,#8119,#8179,#8198,#8217,#8231,
#8247,#8260,#8274,#8285,#8296,#8306,#8316,#8330,#8345,#8388,#8401,#8434,#8448,
#8463,#8479,#8491,#8504,#8516,#8538,#8560,#8575,#8589,#8602,#8621,#8643,#8656,
#8673,#8692,#8711,#8728,#8742,#8761,#8775,#8794,#8807,#8852,#8865,#8877,#8889,
#8902,#8915,#8928,#8947,#8966,#8984,#9000,#9012,#9024,#9044,#9057,#9070,#9083,
#9129,#9141,#9153,#9168,#9183,#9206,#9229,#9246,#9263,#9279,#9295,#9309,#9325,
#9342,#9358,#9374,#9387,#9400,#9412,#9425,#9438,#9451,#9463,#9477,#9500,#9526,
#9539,#9552,#9564,#9578,#9591,#9603,#9616,#9628,#9641,#9654,#9666,#9679,#9691,
#9705,#9719,#9734,#9749,#9772,#9795,#9810,#9825,#9842,#9859,#9873,#9887,#9902,
#9919,#9936,#9949,#9961,#9974,#9987,#9999,#10012,#10025,#10038,#10050,#10063,
#10076,#10089,#10101,#10115,#10129,#10144,#10159,#10182,#10205,#10220,#10235,
#10252,#10269,#10283,#10297,#10312,#10329,#10346,#10359,#10371,#10384,#10397,
#10409,#10422,#10435,#10448,#10460,#10473,#10486,#10499,#10511,#10525,#10539,
#10552,#10565,#10577,#10589,#10602,#10615,#10627,#10639,#10659,#10679,#10691,
#10710,#10723,#10736,#10748,#10760));
#10762=MANIFOLD_SOLID_BREP('',#10761);
#10763=CARTESIAN_POINT('',(0.E0,0.E0,0.E0));
#10764=DIRECTION('',(0.E0,0.E0,1.E0));
#10765=DIRECTION('',(1.E0,0.E0,0.E0));
#10766=AXIS2_PLACEMENT_3D('CSYS',#10763,#10764,#10765);
#10767=DIRECTION('',(0.E0,0.E0,-1.E0));
#10768=VECTOR('',#10767,1.474742176667E1);
#10769=CARTESIAN_POINT('',(1.29E1,2.5E0,4.097421766665E0));
#10770=LINE('',#10769,#10768);
#10773=DIRECTION('',(0.E0,0.E0,1.E0));
#10774=VECTOR('',#10773,1.474742176667E1);
#10775=CARTESIAN_POINT('',(-1.29E1,2.5E0,-1.065E1));
#10776=LINE('',#10775,#10774);
#10778=CARTESIAN_POINT('',(8.4E0,2.95E0,-7.05E0));
#10779=DIRECTION('',(0.E0,0.E0,-1.E0));
#10780=DIRECTION('',(-1.E0,0.E0,0.E0));
#10781=AXIS2_PLACEMENT_3D('',#10778,#10779,#10780);
#10785=CARTESIAN_POINT('',(8.4E0,2.95E0,-7.05E0));
#10786=DIRECTION('',(0.E0,0.E0,-1.E0));
#10787=DIRECTION('',(1.E0,0.E0,0.E0));
#10788=AXIS2_PLACEMENT_3D('',#10785,#10786,#10787);
#10793=CARTESIAN_POINT('',(8.4E0,-2.55E0,-7.05E0));
#10794=DIRECTION('',(0.E0,0.E0,-1.E0));
#10795=DIRECTION('',(-1.E0,0.E0,0.E0));
#10796=AXIS2_PLACEMENT_3D('',#10793,#10794,#10795);
#10800=CARTESIAN_POINT('',(8.4E0,-2.55E0,-7.05E0));
#10801=DIRECTION('',(0.E0,0.E0,-1.E0));
#10802=DIRECTION('',(1.E0,0.E0,0.E0));
#10803=AXIS2_PLACEMENT_3D('',#10800,#10801,#10802);
#10808=CARTESIAN_POINT('',(4.2E0,2.95E0,-7.05E0));
#10809=DIRECTION('',(0.E0,0.E0,-1.E0));
#10810=DIRECTION('',(-1.E0,0.E0,0.E0));
#10811=AXIS2_PLACEMENT_3D('',#10808,#10809,#10810);
#10815=CARTESIAN_POINT('',(4.2E0,2.95E0,-7.05E0));
#10816=DIRECTION('',(0.E0,0.E0,-1.E0));
#10817=DIRECTION('',(1.E0,0.E0,0.E0));
#10818=AXIS2_PLACEMENT_3D('',#10815,#10816,#10817);
#10823=CARTESIAN_POINT('',(4.2E0,-2.55E0,-7.05E0));
#10824=DIRECTION('',(0.E0,0.E0,-1.E0));
#10825=DIRECTION('',(-1.E0,0.E0,0.E0));
#10826=AXIS2_PLACEMENT_3D('',#10823,#10824,#10825);
#10830=CARTESIAN_POINT('',(4.2E0,-2.55E0,-7.05E0));
#10831=DIRECTION('',(0.E0,0.E0,-1.E0));
#10832=DIRECTION('',(1.E0,0.E0,0.E0));
#10833=AXIS2_PLACEMENT_3D('',#10830,#10831,#10832);
#10838=CARTESIAN_POINT('',(0.E0,2.95E0,-7.05E0));
#10839=DIRECTION('',(0.E0,0.E0,-1.E0));
#10840=DIRECTION('',(-1.E0,0.E0,0.E0));
#10841=AXIS2_PLACEMENT_3D('',#10838,#10839,#10840);
#10845=CARTESIAN_POINT('',(0.E0,2.95E0,-7.05E0));
#10846=DIRECTION('',(0.E0,0.E0,-1.E0));
#10847=DIRECTION('',(1.E0,0.E0,0.E0));
#10848=AXIS2_PLACEMENT_3D('',#10845,#10846,#10847);
#10853=CARTESIAN_POINT('',(0.E0,-2.55E0,-7.05E0));
#10854=DIRECTION('',(0.E0,0.E0,-1.E0));
#10855=DIRECTION('',(-1.E0,0.E0,0.E0));
#10856=AXIS2_PLACEMENT_3D('',#10853,#10854,#10855);
#10860=CARTESIAN_POINT('',(0.E0,-2.55E0,-7.05E0));
#10861=DIRECTION('',(0.E0,0.E0,-1.E0));
#10862=DIRECTION('',(1.E0,0.E0,0.E0));
#10863=AXIS2_PLACEMENT_3D('',#10860,#10861,#10862);
#10868=CARTESIAN_POINT('',(-4.2E0,2.95E0,-7.05E0));
#10869=DIRECTION('',(0.E0,0.E0,-1.E0));
#10870=DIRECTION('',(-1.E0,0.E0,0.E0));
#10871=AXIS2_PLACEMENT_3D('',#10868,#10869,#10870);
#10875=CARTESIAN_POINT('',(-4.2E0,2.95E0,-7.05E0));
#10876=DIRECTION('',(0.E0,0.E0,-1.E0));
#10877=DIRECTION('',(1.E0,0.E0,0.E0));
#10878=AXIS2_PLACEMENT_3D('',#10875,#10876,#10877);
#10883=CARTESIAN_POINT('',(-4.2E0,-2.55E0,-7.05E0));
#10884=DIRECTION('',(0.E0,0.E0,-1.E0));
#10885=DIRECTION('',(-1.E0,0.E0,0.E0));
#10886=AXIS2_PLACEMENT_3D('',#10883,#10884,#10885);
#10890=CARTESIAN_POINT('',(-4.2E0,-2.55E0,-7.05E0));
#10891=DIRECTION('',(0.E0,0.E0,-1.E0));
#10892=DIRECTION('',(1.E0,0.E0,0.E0));
#10893=AXIS2_PLACEMENT_3D('',#10890,#10891,#10892);
#10898=CARTESIAN_POINT('',(-8.4E0,2.95E0,-7.05E0));
#10899=DIRECTION('',(0.E0,0.E0,-1.E0));
#10900=DIRECTION('',(-1.E0,0.E0,0.E0));
#10901=AXIS2_PLACEMENT_3D('',#10898,#10899,#10900);
#10905=CARTESIAN_POINT('',(-8.4E0,2.95E0,-7.05E0));
#10906=DIRECTION('',(0.E0,0.E0,-1.E0));
#10907=DIRECTION('',(1.E0,0.E0,0.E0));
#10908=AXIS2_PLACEMENT_3D('',#10905,#10906,#10907);
#10913=CARTESIAN_POINT('',(-8.4E0,-2.55E0,-7.05E0));
#10914=DIRECTION('',(0.E0,0.E0,-1.E0));
#10915=DIRECTION('',(-1.E0,0.E0,0.E0));
#10916=AXIS2_PLACEMENT_3D('',#10913,#10914,#10915);
#10920=CARTESIAN_POINT('',(-8.4E0,-2.55E0,-7.05E0));
#10921=DIRECTION('',(0.E0,0.E0,-1.E0));
#10922=DIRECTION('',(1.E0,0.E0,0.E0));
#10923=AXIS2_PLACEMENT_3D('',#10920,#10921,#10922);
#10928=CARTESIAN_POINT('',(1.31E1,2.45E0,-7.05E0));
#10929=DIRECTION('',(0.E0,0.E0,-1.E0));
#10930=DIRECTION('',(-1.E0,0.E0,0.E0));
#10931=AXIS2_PLACEMENT_3D('',#10928,#10929,#10930);
#10935=CARTESIAN_POINT('',(1.31E1,2.45E0,-7.05E0));
#10936=DIRECTION('',(0.E0,0.E0,-1.E0));
#10937=DIRECTION('',(1.E0,0.E0,0.E0));
#10938=AXIS2_PLACEMENT_3D('',#10935,#10936,#10937);
#10943=CARTESIAN_POINT('',(-1.31E1,2.45E0,-7.05E0));
#10944=DIRECTION('',(0.E0,0.E0,-1.E0));
#10945=DIRECTION('',(-1.E0,0.E0,0.E0));
#10946=AXIS2_PLACEMENT_3D('',#10943,#10944,#10945);
#10950=CARTESIAN_POINT('',(-1.31E1,2.45E0,-7.05E0));
#10951=DIRECTION('',(0.E0,0.E0,-1.E0));
#10952=DIRECTION('',(1.E0,0.E0,0.E0));
#10953=AXIS2_PLACEMENT_3D('',#10950,#10951,#10952);
#10958=CARTESIAN_POINT('',(8.72E0,2.825E0,-7.05E0));
#10959=DIRECTION('',(0.E0,0.E0,1.E0));
#10960=DIRECTION('',(1.E0,0.E0,0.E0));
#10961=AXIS2_PLACEMENT_3D('CKT1',#10958,#10959,#10960);
#10963=DIMENSIONAL_EXPONENTS(0.E0,0.E0,0.E0,0.E0,0.E0,0.E0,0.E0);
#10965=PLANE_ANGLE_MEASURE_WITH_UNIT(PLANE_ANGLE_MEASURE(1.745329251994E-2),
#10964);
#10966=(CONVERSION_BASED_UNIT('DEGREE',#10965)NAMED_UNIT(*)PLANE_ANGLE_UNIT());
#10968=UNCERTAINTY_MEASURE_WITH_UNIT(LENGTH_MEASURE(1.E-3),#10962,'closure',
'Maximum model space distance between geometric entities at asserted connectivities');
#10969=(GEOMETRIC_REPRESENTATION_CONTEXT(3)GLOBAL_UNCERTAINTY_ASSIGNED_CONTEXT((
#10968))GLOBAL_UNIT_ASSIGNED_CONTEXT((#10962,#10966,#10967))REPRESENTATION_CONTEXT('ID1','3'));
#10772=GEOMETRIC_SET('',(#10771,#10777,#10792,#10807,#10822,#10837,#10852,
#10867,#10882,#10897,#10912,#10927,#10942,#10957));
#10973=SHAPE_REPRESENTATION_RELATIONSHIP('','',#10972,#10970);
#10974=SHAPE_REPRESENTATION_RELATIONSHIP('','',#10972,#10971);
#10975=APPLICATION_CONTEXT(
'CONFIGURATION CONTROLLED 3D DESIGNS OF MECHANICAL PARTS AND ASSEMBLIES');
#10976=APPLICATION_PROTOCOL_DEFINITION('international standard',
'config_control_design',1994,#10975);
#10977=DESIGN_CONTEXT('',#10975,'design');
#10978=MECHANICAL_CONTEXT('',#10975,'mechanical');
#10979=PRODUCT('015246101','015246101','NOT SPECIFIED',(#10978));
#10980=PRODUCT_DEFINITION_FORMATION_WITH_SPECIFIED_SOURCE('1','LAST_VERSION',
#10979,.MADE.);
#10984=PRODUCT_CATEGORY('part','');
#10985=PRODUCT_RELATED_PRODUCT_CATEGORY('detail','',(#10979));
#10986=PRODUCT_CATEGORY_RELATIONSHIP('','',#10984,#10985);
#10987=SECURITY_CLASSIFICATION_LEVEL('unclassified');
#10988=SECURITY_CLASSIFICATION('','',#10987);
#10989=CC_DESIGN_SECURITY_CLASSIFICATION(#10988,(#10980));
#10990=APPROVAL_STATUS('approved');
#10991=APPROVAL(#10990,'');
#10992=CC_DESIGN_APPROVAL(#10991,(#10988,#10980,#10981));
#10993=CALENDAR_DATE(116,19,5);
#10994=COORDINATED_UNIVERSAL_TIME_OFFSET(5,30,.AHEAD.);
#10995=LOCAL_TIME(14,32,1.6E1,#10994);
#10996=DATE_AND_TIME(#10993,#10995);
#10997=APPROVAL_DATE_TIME(#10996,#10991);
#10998=DATE_TIME_ROLE('creation_date');
#10999=CC_DESIGN_DATE_AND_TIME_ASSIGNMENT(#10996,#10998,(#10981));
#11000=DATE_TIME_ROLE('classification_date');
#11001=CC_DESIGN_DATE_AND_TIME_ASSIGNMENT(#10996,#11000,(#10988));
#11002=PERSON('UNSPECIFIED','UNSPECIFIED',$,$,$,$);
#11003=ORGANIZATION('UNSPECIFIED','UNSPECIFIED','UNSPECIFIED');
#11004=PERSON_AND_ORGANIZATION(#11002,#11003);
#11005=APPROVAL_ROLE('approver');
#11006=APPROVAL_PERSON_ORGANIZATION(#11004,#10991,#11005);
#11007=PERSON_AND_ORGANIZATION_ROLE('creator');
#11008=CC_DESIGN_PERSON_AND_ORGANIZATION_ASSIGNMENT(#11004,#11007,(#10980,
#10981));
#11009=PERSON_AND_ORGANIZATION_ROLE('design_supplier');
#11010=CC_DESIGN_PERSON_AND_ORGANIZATION_ASSIGNMENT(#11004,#11009,(#10980));
#11011=PERSON_AND_ORGANIZATION_ROLE('classification_officer');
#11012=CC_DESIGN_PERSON_AND_ORGANIZATION_ASSIGNMENT(#11004,#11011,(#10988));
#11013=PERSON_AND_ORGANIZATION_ROLE('design_owner');
#11014=CC_DESIGN_PERSON_AND_ORGANIZATION_ASSIGNMENT(#11004,#11013,(#10979));
#153=CIRCLE('',#152,3.E-1);
#166=CIRCLE('',#165,3.E-1);
#219=CIRCLE('',#218,3.E-1);
#224=CIRCLE('',#223,3.E-1);
#230=B_SPLINE_CURVE_WITH_KNOTS('',3,(#225,#226,#227,#228,#229),.UNSPECIFIED.,
.F.,.F.,(4,1,4),(0.E0,5.E-1,1.E0),.UNSPECIFIED.);
#240=B_SPLINE_CURVE_WITH_KNOTS('',3,(#235,#236,#237,#238,#239),.UNSPECIFIED.,
.F.,.F.,(4,1,4),(0.E0,5.E-1,1.E0),.UNSPECIFIED.);
#270=B_SPLINE_CURVE_WITH_KNOTS('',3,(#265,#266,#267,#268,#269),.UNSPECIFIED.,
.F.,.F.,(4,1,4),(0.E0,5.E-1,1.E0),.UNSPECIFIED.);
#283=B_SPLINE_CURVE_WITH_KNOTS('',3,(#279,#280,#281,#282),.UNSPECIFIED.,.F.,.F.,
(4,4),(0.E0,1.E0),.UNSPECIFIED.);
#292=B_SPLINE_CURVE_WITH_KNOTS('',3,(#288,#289,#290,#291),.UNSPECIFIED.,.F.,.F.,
(4,4),(0.E0,1.E0),.UNSPECIFIED.);
#306=B_SPLINE_CURVE_WITH_KNOTS('',3,(#301,#302,#303,#304,#305),.UNSPECIFIED.,
.F.,.F.,(4,1,4),(0.E0,5.E-1,1.E0),.UNSPECIFIED.);
#340=B_SPLINE_CURVE_WITH_KNOTS('',3,(#335,#336,#337,#338,#339),.UNSPECIFIED.,
.F.,.F.,(4,1,4),(0.E0,5.E-1,1.E0),.UNSPECIFIED.);
#358=B_SPLINE_CURVE_WITH_KNOTS('',3,(#353,#354,#355,#356,#357),.UNSPECIFIED.,
.F.,.F.,(4,1,4),(0.E0,5.E-1,1.E0),.UNSPECIFIED.);
#563=CIRCLE('',#562,1.675E0);
#1472=CIRCLE('',#1471,4.E-1);
#1965=CIRCLE('',#1964,4.E-1);
#2214=CIRCLE('',#2213,8.E-1);
#2295=CIRCLE('',#2294,8.E-1);
#2317=B_SPLINE_CURVE_WITH_KNOTS('',3,(#2312,#2313,#2314,#2315,#2316),
.UNSPECIFIED.,.F.,.F.,(4,1,4),(0.E0,5.E-1,1.E0),.UNSPECIFIED.);
#2341=B_SPLINE_CURVE_WITH_KNOTS('',3,(#2326,#2327,#2328,#2329,#2330,#2331,#2332,
#2333,#2334,#2335,#2336,#2337,#2338,#2339,#2340),.UNSPECIFIED.,.F.,.F.,(4,1,1,1,
1,1,1,1,1,1,1,1,4),(0.E0,1.25E-1,2.5E-1,3.125E-1,3.75E-1,4.375E-1,5.E-1,
5.625E-1,6.25E-1,6.875E-1,7.5E-1,8.75E-1,1.E0),.UNSPECIFIED.);
#2351=B_SPLINE_CURVE_WITH_KNOTS('',3,(#2346,#2347,#2348,#2349,#2350),
.UNSPECIFIED.,.F.,.F.,(4,1,4),(0.E0,5.E-1,1.E0),.UNSPECIFIED.);
#2371=B_SPLINE_CURVE_WITH_KNOTS('',3,(#2356,#2357,#2358,#2359,#2360,#2361,#2362,
#2363,#2364,#2365,#2366,#2367,#2368,#2369,#2370),.UNSPECIFIED.,.F.,.F.,(4,1,1,1,
1,1,1,1,1,1,1,1,4),(0.E0,1.25E-1,2.5E-1,3.125E-1,3.75E-1,4.375E-1,5.E-1,
5.625E-1,6.25E-1,6.875E-1,7.5E-1,8.75E-1,1.E0),.UNSPECIFIED.);
#2548=CIRCLE('',#2547,5.E-1);
#2577=CIRCLE('',#2576,5.E-1);
#2594=CIRCLE('',#2593,5.E-1);
#2623=CIRCLE('',#2622,5.E-1);
#2664=CIRCLE('',#2663,6.25E-1);
#2709=CIRCLE('',#2708,6.5E-1);
#2742=CIRCLE('',#2741,1.675E0);
#2775=CIRCLE('',#2774,2.075E0);
#2784=CIRCLE('',#2783,2.075E0);
#2804=B_SPLINE_CURVE_WITH_KNOTS('',3,(#2789,#2790,#2791,#2792,#2793,#2794,#2795,
#2796,#2797,#2798,#2799,#2800,#2801,#2802,#2803),.UNSPECIFIED.,.F.,.F.,(4,1,1,1,
1,1,1,1,1,1,1,1,4),(0.E0,1.25E-1,2.5E-1,3.125E-1,3.75E-1,4.375E-1,5.E-1,
5.625E-1,6.25E-1,6.875E-1,7.5E-1,8.75E-1,1.E0),.UNSPECIFIED.);
#2833=CIRCLE('',#2832,6.5E-1);
#2878=CIRCLE('',#2877,6.25E-1);
#2906=B_SPLINE_CURVE_WITH_KNOTS('',3,(#2891,#2892,#2893,#2894,#2895,#2896,#2897,
#2898,#2899,#2900,#2901,#2902,#2903,#2904,#2905),.UNSPECIFIED.,.F.,.F.,(4,1,1,1,
1,1,1,1,1,1,1,1,4),(0.E0,1.25E-1,2.5E-1,3.125E-1,3.75E-1,4.375E-1,5.E-1,
5.625E-1,6.25E-1,6.875E-1,7.5E-1,8.75E-1,1.E0),.UNSPECIFIED.);
#2927=CIRCLE('',#2926,1.675E0);
#2936=CIRCLE('',#2935,1.675E0);
#2945=CIRCLE('',#2944,2.075E0);
#2950=CIRCLE('',#2949,2.075E0);
#5089=EDGE_CURVE('',#4282,#4929,#60,.T.);
#5091=EDGE_CURVE('',#4282,#4275,#4,.T.);
#5093=EDGE_CURVE('',#4275,#4152,#8,.T.);
#5095=EDGE_CURVE('',#4152,#4208,#12,.T.);
#5097=EDGE_CURVE('',#4208,#4933,#16,.T.);
#5099=EDGE_CURVE('',#4933,#4929,#20,.T.);
#5109=EDGE_CURVE('',#4846,#4840,#24,.T.);
#5111=EDGE_CURVE('',#4846,#5055,#28,.T.);
#5113=EDGE_CURVE('',#5055,#5049,#32,.T.);
#5115=EDGE_CURVE('',#4279,#5049,#542,.T.);
#5117=EDGE_CURVE('',#4279,#4927,#36,.T.);
#5119=EDGE_CURVE('',#4927,#4925,#40,.T.);
#5121=EDGE_CURVE('',#4873,#4925,#248,.T.);
#5123=EDGE_CURVE('',#4873,#4840,#44,.T.);
#5133=EDGE_CURVE('',#4854,#5063,#48,.T.);
#5135=EDGE_CURVE('',#5063,#5071,#2479,.T.);
#5137=EDGE_CURVE('',#5071,#4849,#52,.T.);
#5139=EDGE_CURVE('',#4854,#4849,#56,.T.);
#5150=EDGE_CURVE('',#4943,#4929,#64,.T.);
#5152=EDGE_CURVE('',#4305,#4943,#2861,.T.);
#5154=EDGE_CURVE('',#4305,#4303,#68,.T.);
#5156=EDGE_CURVE('',#4303,#4291,#72,.T.);
#5158=EDGE_CURVE('',#4287,#4291,#2940,.T.);
#5160=EDGE_CURVE('',#4287,#4283,#76,.T.);
#5162=EDGE_CURVE('',#4282,#4283,#534,.T.);
#5173=EDGE_CURVE('',#4923,#4933,#92,.T.);
#5175=EDGE_CURVE('',#4923,#4945,#2463,.T.);
#5177=EDGE_CURVE('',#4937,#4945,#2643,.T.);
#5179=EDGE_CURVE('',#4935,#4937,#2886,.T.);
#5181=EDGE_CURVE('',#4935,#4947,#2556,.T.);
#5183=EDGE_CURVE('',#4947,#4148,#2451,.T.);
#5185=EDGE_CURVE('',#4148,#4925,#252,.T.);
#5188=EDGE_CURVE('',#4931,#4927,#2922,.T.);
#5190=EDGE_CURVE('',#4931,#4939,#2849,.T.);
#5192=EDGE_CURVE('',#4939,#4941,#2906,.T.);
#5194=EDGE_CURVE('',#4941,#4943,#2865,.T.);
#5205=EDGE_CURVE('',#4898,#4908,#80,.T.);
#5207=EDGE_CURVE('',#4908,#4210,#1916,.T.);
#5209=EDGE_CURVE('',#4210,#4201,#84,.T.);
#5211=EDGE_CURVE('',#4201,#4202,#88,.T.);
#5213=EDGE_CURVE('',#4234,#4202,#206,.T.);
#5215=EDGE_CURVE('',#4898,#4234,#108,.T.);
#5225=EDGE_CURVE('',#4923,#4212,#2467,.T.);
#5229=EDGE_CURVE('',#4208,#4205,#96,.T.);
#5231=EDGE_CURVE('',#4205,#4206,#100,.T.);
#5233=EDGE_CURVE('',#4206,#4212,#104,.T.);
#5243=EDGE_CURVE('',#4898,#4899,#120,.T.);
#5245=EDGE_CURVE('',#4921,#4899,#2725,.T.);
#5247=EDGE_CURVE('',#4920,#4921,#2672,.T.);
#5249=EDGE_CURVE('',#4917,#4920,#2804,.T.);
#5251=EDGE_CURVE('',#4916,#4917,#2688,.T.);
#5253=EDGE_CURVE('',#4916,#4902,#2746,.T.);
#5255=EDGE_CURVE('',#4902,#4903,#132,.T.);
#5257=EDGE_CURVE('',#4903,#4150,#260,.T.);
#5259=EDGE_CURVE('',#4905,#4150,#1936,.T.);
#5261=EDGE_CURVE('',#4911,#4905,#2539,.T.);
#5263=EDGE_CURVE('',#4911,#4913,#2647,.T.);
#5265=EDGE_CURVE('',#4913,#4909,#2602,.T.);
#5267=EDGE_CURVE('',#4908,#4909,#1920,.T.);
#5279=EDGE_CURVE('',#4234,#4235,#202,.T.);
#5281=EDGE_CURVE('',#4235,#4237,#518,.T.);
#5283=EDGE_CURVE('',#4237,#4245,#112,.T.);
#5285=EDGE_CURVE('',#4245,#4899,#116,.T.);
#5296=EDGE_CURVE('',#4869,#4864,#124,.T.);
#5298=EDGE_CURVE('',#4871,#4869,#128,.T.);
#5300=EDGE_CURVE('',#4903,#4871,#264,.T.);
#5303=EDGE_CURVE('',#4240,#4902,#2762,.T.);
#5305=EDGE_CURVE('',#5051,#4240,#554,.T.);
#5307=EDGE_CURVE('',#5057,#5051,#136,.T.);
#5309=EDGE_CURVE('',#5057,#4864,#140,.T.);
#5319=EDGE_CURVE('',#4861,#5074,#144,.T.);
#5321=EDGE_CURVE('',#5074,#5066,#2499,.T.);
#5323=EDGE_CURVE('',#4855,#5066,#274,.T.);
#5325=EDGE_CURVE('',#4861,#4855,#148,.T.);
#5335=EDGE_CURVE('',#4844,#4846,#153,.T.);
#5337=EDGE_CURVE('',#3877,#4844,#322,.T.);
#5339=EDGE_CURVE('',#3877,#3878,#3778,.T.);
#5341=EDGE_CURVE('',#4110,#3878,#494,.T.);
#5343=EDGE_CURVE('',#4110,#5045,#157,.T.);
#5345=EDGE_CURVE('',#5045,#5055,#161,.T.);
#5356=EDGE_CURVE('',#4864,#4865,#166,.T.);
#5359=EDGE_CURVE('',#5057,#5047,#170,.T.);
#5361=EDGE_CURVE('',#5047,#4118,#174,.T.);
#5363=EDGE_CURVE('',#4118,#3893,#178,.T.);
#5365=EDGE_CURVE('',#3893,#3894,#3818,.T.);
#5367=EDGE_CURVE('',#4865,#3894,#330,.T.);
#5377=EDGE_CURVE('',#5070,#5071,#182,.T.);
#5379=EDGE_CURVE('',#5070,#4205,#2507,.T.);
#5383=EDGE_CURVE('',#4152,#3910,#186,.T.);
#5385=EDGE_CURVE('',#3910,#3872,#190,.T.);
#5387=EDGE_CURVE('',#3872,#3874,#194,.T.);
#5389=EDGE_CURVE('',#3874,#3914,#198,.T.);
#5391=EDGE_CURVE('',#4235,#3914,#522,.T.);
#5395=EDGE_CURVE('',#5075,#4202,#210,.T.);
#5397=EDGE_CURVE('',#5074,#5075,#214,.T.);
#5400=EDGE_CURVE('',#4859,#4861,#219,.T.);
#5402=EDGE_CURVE('',#4850,#4859,#2387,.T.);
#5404=EDGE_CURVE('',#4849,#4850,#224,.T.);
#5415=EDGE_CURVE('',#4840,#4841,#230,.T.);
#5417=EDGE_CURVE('',#4841,#4842,#340,.T.);
#5419=EDGE_CURVE('',#4844,#4842,#310,.T.);
#5433=EDGE_CURVE('',#4148,#4873,#244,.T.);
#5435=EDGE_CURVE('',#4148,#4841,#344,.T.);
#5445=EDGE_CURVE('',#4125,#5062,#234,.T.);
#5447=EDGE_CURVE('',#5062,#5063,#2483,.T.);
#5450=EDGE_CURVE('',#4853,#4854,#240,.T.);
#5452=EDGE_CURVE('',#4853,#4125,#2345,.T.);
#5473=EDGE_CURVE('',#4871,#4150,#256,.T.);
#5485=EDGE_CURVE('',#4868,#4869,#270,.T.);
#5487=EDGE_CURVE('',#4150,#4868,#370,.T.);
#5500=EDGE_CURVE('',#5066,#5067,#2495,.T.);
#5502=EDGE_CURVE('',#4219,#5067,#1908,.T.);
#5504=EDGE_CURVE('',#4219,#4226,#278,.T.);
#5506=EDGE_CURVE('',#4226,#4227,#283,.T.);
#5508=EDGE_CURVE('',#4227,#4875,#287,.T.);
#5510=EDGE_CURVE('',#4875,#4229,#292,.T.);
#5512=EDGE_CURVE('',#4223,#4229,#296,.T.);
#5514=EDGE_CURVE('',#4223,#4121,#300,.T.);
#5516=EDGE_CURVE('',#4856,#4121,#2355,.T.);
#5518=EDGE_CURVE('',#4855,#4856,#306,.T.);
#5529=EDGE_CURVE('',#4867,#4865,#326,.T.);
#5531=EDGE_CURVE('',#4867,#4868,#358,.T.);
#5544=EDGE_CURVE('',#4842,#3890,#314,.T.);
#5546=EDGE_CURVE('',#3886,#3890,#3862,.T.);
#5548=EDGE_CURVE('',#3886,#3880,#318,.T.);
#5550=EDGE_CURVE('',#3880,#3877,#3782,.T.);
#5563=EDGE_CURVE('',#3894,#3896,#3814,.T.);
#5565=EDGE_CURVE('',#3898,#3896,#3794,.T.);
#5567=EDGE_CURVE('',#3902,#3898,#3798,.T.);
#5569=EDGE_CURVE('',#3902,#4867,#334,.T.);
#5581=EDGE_CURVE('',#4148,#4108,#348,.T.);
#5583=EDGE_CURVE('',#4108,#3890,#352,.T.);
#5596=EDGE_CURVE('',#4114,#3902,#362,.T.);
#5598=EDGE_CURVE('',#4114,#4150,#366,.T.);
#5609=EDGE_CURVE('',#3882,#3900,#498,.T.);
#5611=EDGE_CURVE('',#3882,#4831,#374,.T.);
#5613=EDGE_CURVE('',#4831,#4835,#378,.T.);
#5615=EDGE_CURVE('',#3900,#4835,#382,.T.);
#5625=EDGE_CURVE('',#4132,#4150,#386,.T.);
#5628=EDGE_CURVE('',#4114,#3904,#390,.T.);
#5630=EDGE_CURVE('',#3888,#3904,#3790,.T.);
#5632=EDGE_CURVE('',#4108,#3888,#394,.T.);
#5635=EDGE_CURVE('',#4138,#4148,#398,.T.);
#5637=EDGE_CURVE('',#4138,#4526,#402,.T.);
#5639=EDGE_CURVE('',#4531,#4526,#406,.T.);
#5641=EDGE_CURVE('',#4531,#4529,#410,.T.);
#5643=EDGE_CURVE('',#4529,#4520,#414,.T.);
#5645=EDGE_CURVE('',#4520,#4494,#418,.T.);
#5647=EDGE_CURVE('',#4499,#4494,#422,.T.);
#5649=EDGE_CURVE('',#4499,#4497,#426,.T.);
#5651=EDGE_CURVE('',#4497,#4488,#430,.T.);
#5653=EDGE_CURVE('',#4488,#4462,#434,.T.);
#5655=EDGE_CURVE('',#4467,#4462,#438,.T.);
#5657=EDGE_CURVE('',#4467,#4465,#442,.T.);
#5659=EDGE_CURVE('',#4465,#4456,#446,.T.);
#5661=EDGE_CURVE('',#4456,#4430,#450,.T.);
#5663=EDGE_CURVE('',#4435,#4430,#454,.T.);
#5665=EDGE_CURVE('',#4435,#4433,#458,.T.);
#5667=EDGE_CURVE('',#4433,#4424,#462,.T.);
#5669=EDGE_CURVE('',#4424,#4173,#466,.T.);
#5671=EDGE_CURVE('',#4178,#4173,#470,.T.);
#5673=EDGE_CURVE('',#4178,#4176,#474,.T.);
#5675=EDGE_CURVE('',#4176,#4167,#478,.T.);
#5677=EDGE_CURVE('',#4167,#4132,#482,.T.);
#5687=EDGE_CURVE('',#3869,#4118,#486,.T.);
#5689=EDGE_CURVE('',#3869,#3870,#490,.T.);
#5691=EDGE_CURVE('',#3870,#4110,#595,.T.);
#5694=EDGE_CURVE('',#3878,#3882,#3774,.T.);
#5697=EDGE_CURVE('',#3900,#3893,#3806,.T.);
#5708=EDGE_CURVE('',#3913,#3914,#502,.T.);
#5711=EDGE_CURVE('',#3866,#3874,#506,.T.);
#5713=EDGE_CURVE('',#3866,#3913,#510,.T.);
#5723=EDGE_CURVE('',#3869,#5047,#1063,.T.);
#5735=EDGE_CURVE('',#4231,#4275,#530,.T.);
#5737=EDGE_CURVE('',#4231,#3909,#514,.T.);
#5739=EDGE_CURVE('',#3909,#3910,#587,.T.);
#5751=EDGE_CURVE('',#4237,#4154,#571,.T.);
#5756=EDGE_CURVE('',#3913,#4154,#526,.T.);
#5766=EDGE_CURVE('',#4231,#5053,#575,.T.);
#5771=EDGE_CURVE('',#4278,#4283,#2927,.T.);
#5773=EDGE_CURVE('',#4278,#4279,#538,.T.);
#5776=EDGE_CURVE('',#5053,#5049,#546,.T.);
#5786=EDGE_CURVE('',#5059,#4154,#1055,.T.);
#5788=EDGE_CURVE('',#5051,#5059,#550,.T.);
#5791=EDGE_CURVE('',#4240,#4241,#558,.T.);
#5793=EDGE_CURVE('',#4241,#4244,#563,.T.);
#5795=EDGE_CURVE('',#4244,#4245,#567,.T.);
#5808=EDGE_CURVE('',#3870,#5053,#579,.T.);
#5810=EDGE_CURVE('',#3870,#3909,#599,.T.);
#5821=EDGE_CURVE('',#5045,#3870,#583,.T.);
#5824=EDGE_CURVE('',#5045,#5053,#3770,.T.);
#5835=EDGE_CURVE('',#3909,#3865,#591,.T.);
#5837=EDGE_CURVE('',#3865,#3872,#3750,.T.);
#5860=EDGE_CURVE('',#3870,#3968,#619,.T.);
#5862=EDGE_CURVE('',#3968,#3970,#1752,.T.);
#5864=EDGE_CURVE('',#3981,#3970,#1812,.T.);
#5866=EDGE_CURVE('',#3981,#3982,#751,.T.);
#5868=EDGE_CURVE('',#3982,#3954,#603,.T.);
#5870=EDGE_CURVE('',#3954,#3956,#1740,.T.);
#5872=EDGE_CURVE('',#3865,#3956,#987,.T.);
#5883=EDGE_CURVE('',#4065,#4090,#811,.T.);
#5885=EDGE_CURVE('',#4090,#4045,#607,.T.);
#5887=EDGE_CURVE('',#4045,#4046,#859,.T.);
#5889=EDGE_CURVE('',#4085,#4046,#3766,.T.);
#5891=EDGE_CURVE('',#4085,#4018,#795,.T.);
#5893=EDGE_CURVE('',#4018,#3998,#611,.T.);
#5895=EDGE_CURVE('',#3998,#4000,#3186,.T.);
#5897=EDGE_CURVE('',#4021,#4000,#3250,.T.);
#5899=EDGE_CURVE('',#4021,#3978,#771,.T.);
#5901=EDGE_CURVE('',#3978,#3966,#615,.T.);
#5903=EDGE_CURVE('',#3966,#3968,#1756,.T.);
#5907=EDGE_CURVE('',#3869,#3926,#623,.T.);
#5909=EDGE_CURVE('',#3926,#3917,#1071,.T.);
#5911=EDGE_CURVE('',#3937,#3917,#1139,.T.);
#5913=EDGE_CURVE('',#3937,#4070,#643,.T.);
#5915=EDGE_CURVE('',#4070,#4025,#627,.T.);
#5917=EDGE_CURVE('',#4025,#4026,#819,.T.);
#5919=EDGE_CURVE('',#4065,#4026,#815,.T.);
#5929=EDGE_CURVE('',#4065,#4066,#631,.T.);
#5931=EDGE_CURVE('',#4066,#4068,#635,.T.);
#5933=EDGE_CURVE('',#4070,#4068,#639,.T.);
#5936=EDGE_CURVE('',#3937,#3938,#647,.T.);
#5938=EDGE_CURVE('',#3938,#3942,#651,.T.);
#5940=EDGE_CURVE('',#3941,#3942,#655,.T.);
#5942=EDGE_CURVE('',#3941,#3950,#659,.T.);
#5944=EDGE_CURVE('',#3948,#3950,#663,.T.);
#5946=EDGE_CURVE('',#3948,#3945,#667,.T.);
#5948=EDGE_CURVE('',#3945,#3946,#671,.T.);
#5950=EDGE_CURVE('',#4073,#3946,#675,.T.);
#5952=EDGE_CURVE('',#4073,#4074,#679,.T.);
#5954=EDGE_CURVE('',#4074,#4076,#683,.T.);
#5956=EDGE_CURVE('',#4076,#4078,#687,.T.);
#5958=EDGE_CURVE('',#4078,#4080,#691,.T.);
#5960=EDGE_CURVE('',#4080,#4082,#695,.T.);
#5962=EDGE_CURVE('',#4101,#4082,#699,.T.);
#5964=EDGE_CURVE('',#4101,#4102,#703,.T.);
#5966=EDGE_CURVE('',#4102,#4093,#707,.T.);
#5968=EDGE_CURVE('',#4093,#4094,#711,.T.);
#5970=EDGE_CURVE('',#4094,#4096,#715,.T.);
#5972=EDGE_CURVE('',#4096,#4098,#719,.T.);
#5974=EDGE_CURVE('',#4005,#4098,#723,.T.);
#5976=EDGE_CURVE('',#4005,#4006,#727,.T.);
#5978=EDGE_CURVE('',#4006,#4008,#731,.T.);
#5980=EDGE_CURVE('',#4010,#4008,#735,.T.);
#5982=EDGE_CURVE('',#3974,#4010,#739,.T.);
#5984=EDGE_CURVE('',#3973,#3974,#743,.T.);
#5986=EDGE_CURVE('',#3982,#3973,#747,.T.);
#5989=EDGE_CURVE('',#3981,#4105,#755,.T.);
#5991=EDGE_CURVE('',#4105,#4106,#759,.T.);
#5993=EDGE_CURVE('',#4106,#3977,#763,.T.);
#5995=EDGE_CURVE('',#3977,#3978,#767,.T.);
#5998=EDGE_CURVE('',#4021,#4022,#775,.T.);
#6000=EDGE_CURVE('',#4022,#4013,#779,.T.);
#6002=EDGE_CURVE('',#4013,#4014,#783,.T.);
#6004=EDGE_CURVE('',#4014,#4016,#787,.T.);
#6006=EDGE_CURVE('',#4018,#4016,#791,.T.);
#6009=EDGE_CURVE('',#4085,#4086,#799,.T.);
#6011=EDGE_CURVE('',#4086,#4088,#803,.T.);
#6013=EDGE_CURVE('',#4090,#4088,#807,.T.);
#6026=EDGE_CURVE('',#4026,#4028,#831,.T.);
#6028=EDGE_CURVE('',#4066,#4028,#967,.T.);
#6039=EDGE_CURVE('',#4030,#4025,#823,.T.);
#6041=EDGE_CURVE('',#4028,#4030,#827,.T.);
#6046=EDGE_CURVE('',#4586,#4587,#915,.T.);
#6048=EDGE_CURVE('',#4586,#4594,#919,.T.);
#6050=EDGE_CURVE('',#4594,#4595,#923,.T.);
#6052=EDGE_CURVE('',#4587,#4595,#927,.T.);
#6062=EDGE_CURVE('',#4033,#4034,#835,.T.);
#6064=EDGE_CURVE('',#4042,#4033,#839,.T.);
#6066=EDGE_CURVE('',#4040,#4042,#843,.T.);
#6068=EDGE_CURVE('',#4038,#4040,#847,.T.);
#6070=EDGE_CURVE('',#4036,#4038,#851,.T.);
#6072=EDGE_CURVE('',#4034,#4036,#855,.T.);
#6076=EDGE_CURVE('',#4582,#4583,#899,.T.);
#6078=EDGE_CURVE('',#4582,#4590,#903,.T.);
#6080=EDGE_CURVE('',#4590,#4591,#907,.T.);
#6082=EDGE_CURVE('',#4583,#4591,#911,.T.);
#6093=EDGE_CURVE('',#4050,#4045,#863,.T.);
#6095=EDGE_CURVE('',#4048,#4050,#867,.T.);
#6097=EDGE_CURVE('',#4046,#4048,#871,.T.);
#6101=EDGE_CURVE('',#4658,#4659,#947,.T.);
#6103=EDGE_CURVE('',#4658,#4666,#951,.T.);
#6105=EDGE_CURVE('',#4666,#4667,#955,.T.);
#6107=EDGE_CURVE('',#4659,#4667,#959,.T.);
#6117=EDGE_CURVE('',#4053,#4054,#875,.T.);
#6119=EDGE_CURVE('',#4062,#4053,#879,.T.);
#6121=EDGE_CURVE('',#4060,#4062,#883,.T.);
#6123=EDGE_CURVE('',#4058,#4060,#887,.T.);
#6125=EDGE_CURVE('',#4056,#4058,#891,.T.);
#6127=EDGE_CURVE('',#4054,#4056,#895,.T.);
#6131=EDGE_CURVE('',#4654,#4655,#931,.T.);
#6133=EDGE_CURVE('',#4654,#4662,#935,.T.);
#6135=EDGE_CURVE('',#4662,#4663,#939,.T.);
#6137=EDGE_CURVE('',#4655,#4663,#943,.T.);
#6148=EDGE_CURVE('',#4068,#4030,#963,.T.);
#6173=EDGE_CURVE('',#4098,#4058,#971,.T.);
#6176=EDGE_CURVE('',#4101,#4060,#1011,.T.);
#6179=EDGE_CURVE('',#4082,#4033,#975,.T.);
#6182=EDGE_CURVE('',#4073,#4034,#1031,.T.);
#6185=EDGE_CURVE('',#3946,#3930,#979,.T.);
#6187=EDGE_CURVE('',#3930,#3932,#1103,.T.);
#6189=EDGE_CURVE('',#3932,#3866,#983,.T.);
#6191=EDGE_CURVE('',#3865,#3866,#3754,.T.);
#6194=EDGE_CURVE('',#3956,#3958,#1736,.T.);
#6196=EDGE_CURVE('',#3974,#3958,#1804,.T.);
#6199=EDGE_CURVE('',#4010,#3985,#991,.T.);
#6201=EDGE_CURVE('',#3985,#3986,#3158,.T.);
#6203=EDGE_CURVE('',#4005,#3986,#3238,.T.);
#6214=EDGE_CURVE('',#4096,#4056,#995,.T.);
#6227=EDGE_CURVE('',#4094,#4054,#999,.T.);
#6240=EDGE_CURVE('',#4093,#4053,#1003,.T.);
#6253=EDGE_CURVE('',#4102,#4062,#1007,.T.);
#6278=EDGE_CURVE('',#4080,#4042,#1015,.T.);
#6291=EDGE_CURVE('',#4078,#4040,#1019,.T.);
#6304=EDGE_CURVE('',#4076,#4038,#1023,.T.);
#6317=EDGE_CURVE('',#4074,#4036,#1027,.T.);
#6342=EDGE_CURVE('',#3945,#3929,#1035,.T.);
#6344=EDGE_CURVE('',#3929,#3930,#1091,.T.);
#6356=EDGE_CURVE('',#3948,#3934,#1039,.T.);
#6358=EDGE_CURVE('',#3934,#3929,#1095,.T.);
#6369=EDGE_CURVE('',#3869,#3913,#1043,.T.);
#6373=EDGE_CURVE('',#3932,#3934,#1099,.T.);
#6377=EDGE_CURVE('',#3950,#3925,#1047,.T.);
#6379=EDGE_CURVE('',#3925,#3926,#1075,.T.);
#6391=EDGE_CURVE('',#5059,#3869,#1051,.T.);
#6403=EDGE_CURVE('',#5047,#5059,#1059,.T.);
#6427=EDGE_CURVE('',#3917,#3918,#1067,.T.);
#6431=EDGE_CURVE('',#3922,#3925,#1079,.T.);
#6433=EDGE_CURVE('',#3921,#3922,#1083,.T.);
#6435=EDGE_CURVE('',#3918,#3921,#1087,.T.);
#6439=EDGE_CURVE('',#4367,#4399,#1123,.T.);
#6441=EDGE_CURVE('',#4367,#4379,#1127,.T.);
#6443=EDGE_CURVE('',#4379,#4403,#1131,.T.);
#6445=EDGE_CURVE('',#4399,#4403,#1135,.T.);
#6461=EDGE_CURVE('',#4373,#4397,#1107,.T.);
#6463=EDGE_CURVE('',#4373,#4385,#1111,.T.);
#6465=EDGE_CURVE('',#4385,#4401,#1115,.T.);
#6467=EDGE_CURVE('',#4397,#4401,#1119,.T.);
#6480=EDGE_CURVE('',#3938,#3918,#1143,.T.);
#6493=EDGE_CURVE('',#3942,#3921,#1147,.T.);
#6506=EDGE_CURVE('',#3941,#3922,#1151,.T.);
#6528=EDGE_CURVE('',#4366,#4367,#1155,.T.);
#6531=EDGE_CURVE('',#4399,#4389,#1159,.T.);
#6533=EDGE_CURVE('',#4389,#4366,#1163,.T.);
#6543=EDGE_CURVE('',#4345,#4369,#1167,.T.);
#6545=EDGE_CURVE('',#4405,#4369,#1303,.T.);
#6547=EDGE_CURVE('',#4405,#4342,#1171,.T.);
#6549=EDGE_CURVE('',#4342,#4343,#1175,.T.);
#6551=EDGE_CURVE('',#4343,#4345,#1179,.T.);
#6561=EDGE_CURVE('',#4372,#4373,#1183,.T.);
#6564=EDGE_CURVE('',#4397,#4391,#1187,.T.);
#6566=EDGE_CURVE('',#4391,#4372,#1191,.T.);
#6576=EDGE_CURVE('',#4351,#4375,#1195,.T.);
#6578=EDGE_CURVE('',#4407,#4375,#1287,.T.);
#6580=EDGE_CURVE('',#4407,#4348,#1199,.T.);
#6582=EDGE_CURVE('',#4348,#4349,#1203,.T.);
#6584=EDGE_CURVE('',#4349,#4351,#1207,.T.);
#6595=EDGE_CURVE('',#4366,#4378,#1211,.T.);
#6597=EDGE_CURVE('',#4378,#4379,#1219,.T.);
#6609=EDGE_CURVE('',#4389,#4393,#1215,.T.);
#6611=EDGE_CURVE('',#4393,#4378,#1223,.T.);
#6623=EDGE_CURVE('',#4403,#4393,#1227,.T.);
#6647=EDGE_CURVE('',#4357,#4381,#1231,.T.);
#6649=EDGE_CURVE('',#4355,#4357,#1235,.T.);
#6651=EDGE_CURVE('',#4354,#4355,#1239,.T.);
#6653=EDGE_CURVE('',#4409,#4354,#1243,.T.);
#6655=EDGE_CURVE('',#4409,#4381,#1311,.T.);
#6665=EDGE_CURVE('',#4384,#4385,#1247,.T.);
#6667=EDGE_CURVE('',#4395,#4384,#1251,.T.);
#6669=EDGE_CURVE('',#4401,#4395,#1255,.T.);
#6680=EDGE_CURVE('',#4363,#4387,#1259,.T.);
#6682=EDGE_CURVE('',#4361,#4363,#1263,.T.);
#6684=EDGE_CURVE('',#4360,#4361,#1267,.T.);
#6686=EDGE_CURVE('',#4411,#4360,#1271,.T.);
#6688=EDGE_CURVE('',#4411,#4387,#1295,.T.);
#6699=EDGE_CURVE('',#4345,#4357,#1275,.T.);
#6702=EDGE_CURVE('',#4369,#4381,#1307,.T.);
#6713=EDGE_CURVE('',#4343,#4355,#1279,.T.);
#6726=EDGE_CURVE('',#4342,#4354,#1283,.T.);
#6739=EDGE_CURVE('',#4405,#4409,#1315,.T.);
#6751=EDGE_CURVE('',#4965,#4958,#1319,.T.);
#6753=EDGE_CURVE('',#4176,#4958,#1355,.T.);
#6756=EDGE_CURVE('',#4178,#4965,#1323,.T.);
#6772=EDGE_CURVE('',#4967,#4962,#1327,.T.);
#6774=EDGE_CURVE('',#4967,#4160,#1331,.T.);
#6776=EDGE_CURVE('',#4160,#4157,#2230,.T.);
#6778=EDGE_CURVE('',#4962,#4157,#1363,.T.);
#6783=EDGE_CURVE('',#4375,#4387,#1291,.T.);
#6786=EDGE_CURVE('',#4407,#4411,#1299,.T.);
#6797=EDGE_CURVE('',#4351,#4363,#1335,.T.);
#6810=EDGE_CURVE('',#4349,#4361,#1339,.T.);
#6823=EDGE_CURVE('',#4348,#4360,#1343,.T.);
#6847=EDGE_CURVE('',#4958,#4959,#1351,.T.);
#6850=EDGE_CURVE('',#4969,#4965,#2407,.T.);
#6852=EDGE_CURVE('',#5003,#4969,#1504,.T.);
#6854=EDGE_CURVE('',#5002,#5003,#3726,.T.);
#6856=EDGE_CURVE('',#5009,#5002,#3558,.T.);
#6858=EDGE_CURVE('',#4983,#5009,#3518,.T.);
#6860=EDGE_CURVE('',#4982,#4983,#1395,.T.);
#6862=EDGE_CURVE('',#5013,#4982,#3502,.T.);
#6864=EDGE_CURVE('',#5017,#5013,#3334,.T.);
#6866=EDGE_CURVE('',#5021,#5017,#3294,.T.);
#6868=EDGE_CURVE('',#5027,#5021,#1532,.T.);
#6870=EDGE_CURVE('',#5026,#5027,#3278,.T.);
#6872=EDGE_CURVE('',#5033,#5026,#3006,.T.);
#6874=EDGE_CURVE('',#4979,#5033,#2966,.T.);
#6876=EDGE_CURVE('',#4978,#4979,#1379,.T.);
#6878=EDGE_CURVE('',#5037,#4978,#1840,.T.);
#6880=EDGE_CURVE('',#5041,#5037,#1576,.T.);
#6882=EDGE_CURVE('',#4975,#5041,#1536,.T.);
#6884=EDGE_CURVE('',#4974,#4975,#1367,.T.);
#6886=EDGE_CURVE('',#4974,#4951,#1347,.T.);
#6888=EDGE_CURVE('',#4951,#4953,#2431,.T.);
#6890=EDGE_CURVE('',#4985,#4953,#1944,.T.);
#6892=EDGE_CURVE('',#4959,#4985,#1411,.T.);
#6903=EDGE_CURVE('',#4959,#4180,#1419,.T.);
#6905=EDGE_CURVE('',#4180,#4168,#1856,.T.);
#6907=EDGE_CURVE('',#4167,#4168,#2057,.T.);
#6919=EDGE_CURVE('',#4962,#4963,#1359,.T.);
#6922=EDGE_CURVE('',#4157,#4158,#2226,.T.);
#6924=EDGE_CURVE('',#4164,#4158,#2041,.T.);
#6926=EDGE_CURVE('',#4164,#4184,#1969,.T.);
#6928=EDGE_CURVE('',#4184,#4963,#1459,.T.);
#6939=EDGE_CURVE('',#4975,#4535,#1371,.T.);
#6941=EDGE_CURVE('',#4535,#4142,#1375,.T.);
#6943=EDGE_CURVE('',#4974,#4142,#2447,.T.);
#6954=EDGE_CURVE('',#4979,#4503,#1383,.T.);
#6956=EDGE_CURVE('',#4503,#4533,#1387,.T.);
#6958=EDGE_CURVE('',#4978,#4533,#1391,.T.);
#6969=EDGE_CURVE('',#4983,#4439,#1399,.T.);
#6971=EDGE_CURVE('',#4439,#4469,#1403,.T.);
#6973=EDGE_CURVE('',#4982,#4469,#1407,.T.);
#6984=EDGE_CURVE('',#4140,#4985,#1940,.T.);
#6986=EDGE_CURVE('',#4140,#4180,#1415,.T.);
#6997=EDGE_CURVE('',#4988,#4989,#1423,.T.);
#6999=EDGE_CURVE('',#4146,#4988,#2439,.T.);
#7001=EDGE_CURVE('',#4539,#4146,#2033,.T.);
#7003=EDGE_CURVE('',#4539,#4989,#1427,.T.);
#7013=EDGE_CURVE('',#4992,#4993,#1431,.T.);
#7015=EDGE_CURVE('',#4537,#4992,#1435,.T.);
#7017=EDGE_CURVE('',#4507,#4537,#2025,.T.);
#7019=EDGE_CURVE('',#4507,#4993,#1439,.T.);
#7029=EDGE_CURVE('',#4996,#4997,#1443,.T.);
#7031=EDGE_CURVE('',#4473,#4996,#1447,.T.);
#7033=EDGE_CURVE('',#4443,#4473,#2001,.T.);
#7035=EDGE_CURVE('',#4443,#4997,#1451,.T.);
#7045=EDGE_CURVE('',#4963,#4999,#1455,.T.);
#7048=EDGE_CURVE('',#4144,#4184,#1977,.T.);
#7050=EDGE_CURVE('',#4224,#4144,#1463,.T.);
#7052=EDGE_CURVE('',#4216,#4224,#1467,.T.);
#7054=EDGE_CURVE('',#4215,#4216,#1472,.T.);
#7056=EDGE_CURVE('',#4220,#4215,#1476,.T.);
#7058=EDGE_CURVE('',#4999,#4220,#1948,.T.);
#7068=EDGE_CURVE('',#4186,#4971,#1480,.T.);
#7070=EDGE_CURVE('',#5007,#4971,#1484,.T.);
#7072=EDGE_CURVE('',#4441,#5007,#1488,.T.);
#7074=EDGE_CURVE('',#4186,#4441,#1989,.T.);
#7084=EDGE_CURVE('',#4969,#4182,#1492,.T.);
#7086=EDGE_CURVE('',#4182,#4437,#1496,.T.);
#7088=EDGE_CURVE('',#5003,#4437,#1500,.T.);
#7099=EDGE_CURVE('',#4475,#5023,#1508,.T.);
#7101=EDGE_CURVE('',#5031,#5023,#1512,.T.);
#7103=EDGE_CURVE('',#4505,#5031,#1516,.T.);
#7105=EDGE_CURVE('',#4475,#4505,#2013,.T.);
#7115=EDGE_CURVE('',#5021,#4471,#1520,.T.);
#7117=EDGE_CURVE('',#4471,#4501,#1524,.T.);
#7119=EDGE_CURVE('',#5027,#4501,#1528,.T.);
#7131=EDGE_CURVE('',#4531,#5041,#1580,.T.);
#7134=EDGE_CURVE('',#4526,#4527,#2197,.T.);
#7136=EDGE_CURVE('',#4535,#4527,#1896,.T.);
#7147=EDGE_CURVE('',#4989,#5043,#1540,.T.);
#7150=EDGE_CURVE('',#4523,#4539,#2029,.T.);
#7152=EDGE_CURVE('',#4523,#4515,#2181,.T.);
#7154=EDGE_CURVE('',#4513,#4515,#2282,.T.);
#7156=EDGE_CURVE('',#5043,#4513,#1588,.T.);
#7167=EDGE_CURVE('',#4529,#5037,#1844,.T.);
#7173=EDGE_CURVE('',#4797,#4799,#1560,.T.);
#7175=EDGE_CURVE('',#4799,#4815,#1564,.T.);
#7177=EDGE_CURVE('',#4813,#4815,#1568,.T.);
#7179=EDGE_CURVE('',#4797,#4813,#1572,.T.);
#7189=EDGE_CURVE('',#5043,#5039,#1584,.T.);
#7192=EDGE_CURVE('',#4513,#4510,#2278,.T.);
#7194=EDGE_CURVE('',#5039,#4510,#1852,.T.);
#7198=EDGE_CURVE('',#4801,#4803,#1544,.T.);
#7200=EDGE_CURVE('',#4803,#4819,#1548,.T.);
#7202=EDGE_CURVE('',#4817,#4819,#1552,.T.);
#7204=EDGE_CURVE('',#4801,#4817,#1556,.T.);
#7214=EDGE_CURVE('',#4797,#4758,#1592,.T.);
#7216=EDGE_CURVE('',#4758,#4759,#1596,.T.);
#7218=EDGE_CURVE('',#4759,#4761,#1600,.T.);
#7220=EDGE_CURVE('',#4761,#4799,#1604,.T.);
#7231=EDGE_CURVE('',#4801,#4764,#1608,.T.);
#7233=EDGE_CURVE('',#4764,#4765,#1612,.T.);
#7235=EDGE_CURVE('',#4765,#4767,#1616,.T.);
#7237=EDGE_CURVE('',#4767,#4803,#1620,.T.);
#7248=EDGE_CURVE('',#4805,#4770,#1624,.T.);
#7250=EDGE_CURVE('',#4770,#4771,#1628,.T.);
#7252=EDGE_CURVE('',#4771,#4807,#1632,.T.);
#7254=EDGE_CURVE('',#4807,#4805,#1784,.T.);
#7264=EDGE_CURVE('',#4809,#4774,#1636,.T.);
#7266=EDGE_CURVE('',#4774,#4775,#1640,.T.);
#7268=EDGE_CURVE('',#4775,#4811,#1644,.T.);
#7270=EDGE_CURVE('',#4811,#4809,#1768,.T.);
#7282=EDGE_CURVE('',#4813,#4778,#1648,.T.);
#7284=EDGE_CURVE('',#4758,#4778,#1712,.T.);
#7296=EDGE_CURVE('',#4781,#4815,#1652,.T.);
#7298=EDGE_CURVE('',#4779,#4781,#1656,.T.);
#7300=EDGE_CURVE('',#4778,#4779,#1660,.T.);
#7310=EDGE_CURVE('',#4817,#4784,#1664,.T.);
#7313=EDGE_CURVE('',#4787,#4819,#1668,.T.);
#7315=EDGE_CURVE('',#4785,#4787,#1672,.T.);
#7317=EDGE_CURVE('',#4784,#4785,#1676,.T.);
#7327=EDGE_CURVE('',#4821,#4790,#1680,.T.);
#7329=EDGE_CURVE('',#4823,#4821,#1792,.T.);
#7331=EDGE_CURVE('',#4791,#4823,#1684,.T.);
#7333=EDGE_CURVE('',#4790,#4791,#1688,.T.);
#7343=EDGE_CURVE('',#4825,#4794,#1692,.T.);
#7345=EDGE_CURVE('',#4827,#4825,#1776,.T.);
#7347=EDGE_CURVE('',#4795,#4827,#1696,.T.);
#7349=EDGE_CURVE('',#4794,#4795,#1700,.T.);
#7360=EDGE_CURVE('',#4761,#4781,#1704,.T.);
#7373=EDGE_CURVE('',#4759,#4779,#1708,.T.);
#7400=EDGE_CURVE('',#4764,#4784,#1716,.T.);
#7413=EDGE_CURVE('',#4765,#4785,#1720,.T.);
#7426=EDGE_CURVE('',#4767,#4787,#1724,.T.);
#7449=EDGE_CURVE('',#4805,#4821,#1796,.T.);
#7452=EDGE_CURVE('',#4770,#4790,#1836,.T.);
#7462=EDGE_CURVE('',#3953,#3954,#1728,.T.);
#7464=EDGE_CURVE('',#3958,#3953,#1732,.T.);
#7471=EDGE_CURVE('',#4811,#4827,#1772,.T.);
#7474=EDGE_CURVE('',#4809,#4825,#1780,.T.);
#7484=EDGE_CURVE('',#3961,#3962,#1744,.T.);
#7486=EDGE_CURVE('',#3970,#3961,#1748,.T.);
#7490=EDGE_CURVE('',#3965,#3966,#1760,.T.);
#7492=EDGE_CURVE('',#3962,#3965,#1764,.T.);
#7497=EDGE_CURVE('',#4807,#4823,#1788,.T.);
#7509=EDGE_CURVE('',#3973,#3953,#1800,.T.);
#7535=EDGE_CURVE('',#4105,#3961,#1808,.T.);
#7538=EDGE_CURVE('',#4106,#3962,#1816,.T.);
#7563=EDGE_CURVE('',#3977,#3965,#1820,.T.);
#7586=EDGE_CURVE('',#4775,#4795,#1824,.T.);
#7599=EDGE_CURVE('',#4774,#4794,#1828,.T.);
#7624=EDGE_CURVE('',#4771,#4791,#1832,.T.);
#7650=EDGE_CURVE('',#4533,#4521,#1888,.T.);
#7652=EDGE_CURVE('',#4520,#4521,#2169,.T.);
#7664=EDGE_CURVE('',#5039,#4992,#1848,.T.);
#7667=EDGE_CURVE('',#4510,#4511,#2274,.T.);
#7669=EDGE_CURVE('',#4517,#4511,#2153,.T.);
#7671=EDGE_CURVE('',#4517,#4537,#2017,.T.);
#7684=EDGE_CURVE('',#4131,#4140,#1860,.T.);
#7686=EDGE_CURVE('',#4168,#4131,#2061,.T.);
#7696=EDGE_CURVE('',#4437,#4425,#1864,.T.);
#7699=EDGE_CURVE('',#4182,#4174,#1868,.T.);
#7701=EDGE_CURVE('',#4425,#4174,#2089,.T.);
#7711=EDGE_CURVE('',#4469,#4457,#1872,.T.);
#7714=EDGE_CURVE('',#4439,#4431,#1876,.T.);
#7716=EDGE_CURVE('',#4457,#4431,#2117,.T.);
#7726=EDGE_CURVE('',#4501,#4489,#1880,.T.);
#7729=EDGE_CURVE('',#4471,#4463,#1884,.T.);
#7731=EDGE_CURVE('',#4489,#4463,#2145,.T.);
#7743=EDGE_CURVE('',#4503,#4495,#1892,.T.);
#7745=EDGE_CURVE('',#4521,#4495,#2173,.T.);
#7756=EDGE_CURVE('',#4137,#4527,#2205,.T.);
#7758=EDGE_CURVE('',#4137,#4142,#1900,.T.);
#7769=EDGE_CURVE('',#4223,#4224,#1904,.T.);
#7772=EDGE_CURVE('',#4144,#4128,#1973,.T.);
#7774=EDGE_CURVE('',#4122,#4128,#2049,.T.);
#7776=EDGE_CURVE('',#4121,#4122,#2222,.T.);
#7788=EDGE_CURVE('',#5067,#5078,#2491,.T.);
#7790=EDGE_CURVE('',#4210,#5078,#1912,.T.);
#7794=EDGE_CURVE('',#4331,#4909,#1924,.T.);
#7796=EDGE_CURVE('',#4331,#4315,#1928,.T.);
#7798=EDGE_CURVE('',#4315,#4905,#1932,.T.);
#7802=EDGE_CURVE('',#4131,#4132,#2065,.T.);
#7807=EDGE_CURVE('',#4953,#4955,#2427,.T.);
#7809=EDGE_CURVE('',#4999,#4955,#2415,.T.);
#7812=EDGE_CURVE('',#4219,#4220,#1952,.T.);
#7824=EDGE_CURVE('',#4216,#4229,#1956,.T.);
#7836=EDGE_CURVE('',#4215,#4226,#1960,.T.);
#7841=EDGE_CURVE('',#4227,#4875,#1965,.T.);
#7874=EDGE_CURVE('',#4164,#4128,#2053,.T.);
#7886=EDGE_CURVE('',#4421,#4441,#1981,.T.);
#7888=EDGE_CURVE('',#4421,#4170,#2081,.T.);
#7890=EDGE_CURVE('',#4170,#4186,#1985,.T.);
#7901=EDGE_CURVE('',#4453,#4473,#1993,.T.);
#7903=EDGE_CURVE('',#4453,#4427,#2109,.T.);
#7905=EDGE_CURVE('',#4427,#4443,#1997,.T.);
#7916=EDGE_CURVE('',#4485,#4505,#2005,.T.);
#7918=EDGE_CURVE('',#4485,#4459,#2137,.T.);
#7920=EDGE_CURVE('',#4459,#4475,#2009,.T.);
#7932=EDGE_CURVE('',#4517,#4491,#2165,.T.);
#7934=EDGE_CURVE('',#4491,#4507,#2021,.T.);
#7947=EDGE_CURVE('',#4146,#4134,#2037,.T.);
#7949=EDGE_CURVE('',#4134,#4523,#2185,.T.);
#7960=EDGE_CURVE('',#4158,#4122,#2045,.T.);
#7984=EDGE_CURVE('',#4421,#4415,#2069,.T.);
#7986=EDGE_CURVE('',#4415,#4162,#2073,.T.);
#7988=EDGE_CURVE('',#4170,#4162,#2077,.T.);
#7999=EDGE_CURVE('',#4424,#4425,#2085,.T.);
#8002=EDGE_CURVE('',#4173,#4174,#2093,.T.);
#8013=EDGE_CURVE('',#4453,#4447,#2097,.T.);
#8015=EDGE_CURVE('',#4447,#4419,#2101,.T.);
#8017=EDGE_CURVE('',#4427,#4419,#2105,.T.);
#8028=EDGE_CURVE('',#4456,#4457,#2113,.T.);
#8031=EDGE_CURVE('',#4430,#4431,#2121,.T.);
#8042=EDGE_CURVE('',#4485,#4479,#2125,.T.);
#8044=EDGE_CURVE('',#4479,#4451,#2129,.T.);
#8046=EDGE_CURVE('',#4459,#4451,#2133,.T.);
#8057=EDGE_CURVE('',#4488,#4489,#2141,.T.);
#8060=EDGE_CURVE('',#4462,#4463,#2149,.T.);
#8072=EDGE_CURVE('',#4511,#4483,#2157,.T.);
#8074=EDGE_CURVE('',#4491,#4483,#2161,.T.);
#8087=EDGE_CURVE('',#4494,#4495,#2177,.T.);
#8100=EDGE_CURVE('',#4126,#4134,#2189,.T.);
#8102=EDGE_CURVE('',#4126,#4515,#2193,.T.);
#8114=EDGE_CURVE('',#4137,#4138,#2201,.T.);
#8125=EDGE_CURVE('',#4194,#4839,#2209,.T.);
#8127=EDGE_CURVE('',#4838,#4839,#2214,.T.);
#8129=EDGE_CURVE('',#4838,#4121,#2218,.T.);
#8135=EDGE_CURVE('',#4160,#4162,#2234,.T.);
#8138=EDGE_CURVE('',#4414,#4415,#2238,.T.);
#8140=EDGE_CURVE('',#4417,#4414,#2242,.T.);
#8142=EDGE_CURVE('',#4417,#4419,#2246,.T.);
#8145=EDGE_CURVE('',#4446,#4447,#2250,.T.);
#8147=EDGE_CURVE('',#4449,#4446,#2254,.T.);
#8149=EDGE_CURVE('',#4449,#4451,#2258,.T.);
#8152=EDGE_CURVE('',#4478,#4479,#2262,.T.);
#8154=EDGE_CURVE('',#4481,#4478,#2266,.T.);
#8156=EDGE_CURVE('',#4481,#4483,#2270,.T.);
#8163=EDGE_CURVE('',#4125,#4126,#2286,.T.);
#8165=EDGE_CURVE('',#4125,#4837,#2290,.T.);
#8167=EDGE_CURVE('',#4836,#4837,#2295,.T.);
#8169=EDGE_CURVE('',#4836,#4190,#2299,.T.);
#8171=EDGE_CURVE('',#4190,#4196,#2303,.T.);
#8173=EDGE_CURVE('',#4196,#4198,#2307,.T.);
#8175=EDGE_CURVE('',#4194,#4198,#2311,.T.);
#8185=EDGE_CURVE('',#4852,#4853,#2317,.T.);
#8187=EDGE_CURVE('',#4852,#4189,#2321,.T.);
#8189=EDGE_CURVE('',#4189,#4190,#2325,.T.);
#8192=EDGE_CURVE('',#4836,#4837,#2341,.T.);
#8204=EDGE_CURVE('',#4856,#4857,#2351,.T.);
#8208=EDGE_CURVE('',#4838,#4839,#2371,.T.);
#8211=EDGE_CURVE('',#4193,#4194,#2375,.T.);
#8213=EDGE_CURVE('',#4193,#4857,#2379,.T.);
#8224=EDGE_CURVE('',#4852,#4850,#2383,.T.);
#8239=EDGE_CURVE('',#4859,#4857,#2391,.T.);
#8242=EDGE_CURVE('',#4189,#4193,#2395,.T.);
#8267=EDGE_CURVE('',#4193,#4198,#2399,.T.);
#8270=EDGE_CURVE('',#4189,#4196,#2403,.T.);
#8336=EDGE_CURVE('',#4971,#4967,#2411,.T.);
#8354=EDGE_CURVE('',#4955,#4950,#2423,.T.);
#8356=EDGE_CURVE('',#4988,#4950,#2443,.T.);
#8363=EDGE_CURVE('',#4993,#5035,#2970,.T.);
#8365=EDGE_CURVE('',#5035,#5030,#3014,.T.);
#8367=EDGE_CURVE('',#5030,#5031,#3286,.T.);
#8370=EDGE_CURVE('',#5023,#5019,#3298,.T.);
#8372=EDGE_CURVE('',#5019,#5015,#3342,.T.);
#8374=EDGE_CURVE('',#5015,#4996,#3510,.T.);
#8377=EDGE_CURVE('',#4997,#5011,#3522,.T.);
#8379=EDGE_CURVE('',#5011,#5006,#3566,.T.);
#8381=EDGE_CURVE('',#5006,#5007,#3734,.T.);
#8394=EDGE_CURVE('',#4950,#4951,#2419,.T.);
#8407=EDGE_CURVE('',#4212,#5083,#2435,.T.);
#8409=EDGE_CURVE('',#5083,#5062,#2487,.T.);
#8424=EDGE_CURVE('',#4947,#4318,#2455,.T.);
#8426=EDGE_CURVE('',#4334,#4318,#2808,.T.);
#8428=EDGE_CURVE('',#4945,#4334,#2459,.T.);
#8440=EDGE_CURVE('',#5081,#5083,#2471,.T.);
#8444=EDGE_CURVE('',#5081,#4206,#2475,.T.);
#8459=EDGE_CURVE('',#5070,#5081,#2503,.T.);
#8470=EDGE_CURVE('',#5079,#5075,#2511,.T.);
#8472=EDGE_CURVE('',#5078,#5079,#2519,.T.);
#8500=EDGE_CURVE('',#5079,#4201,#2515,.T.);
#8522=EDGE_CURVE('',#4310,#4311,#2523,.T.);
#8524=EDGE_CURVE('',#4310,#4879,#2527,.T.);
#8526=EDGE_CURVE('',#4878,#4879,#2531,.T.);
#8528=EDGE_CURVE('',#4878,#4911,#2535,.T.);
#8532=EDGE_CURVE('',#4313,#4315,#2543,.T.);
#8534=EDGE_CURVE('',#4311,#4313,#2548,.T.);
#8544=EDGE_CURVE('',#4318,#4319,#2552,.T.);
#8548=EDGE_CURVE('',#4935,#4886,#2560,.T.);
#8550=EDGE_CURVE('',#4886,#4887,#2564,.T.);
#8552=EDGE_CURVE('',#4323,#4887,#2568,.T.);
#8554=EDGE_CURVE('',#4321,#4323,#2572,.T.);
#8556=EDGE_CURVE('',#4319,#4321,#2577,.T.);
#8567=EDGE_CURVE('',#4327,#4311,#2581,.T.);
#8569=EDGE_CURVE('',#4326,#4327,#2589,.T.);
#8571=EDGE_CURVE('',#4310,#4326,#2696,.T.);
#8582=EDGE_CURVE('',#4329,#4313,#2585,.T.);
#8584=EDGE_CURVE('',#4327,#4329,#2594,.T.);
#8597=EDGE_CURVE('',#4329,#4331,#2598,.T.);
#8613=EDGE_CURVE('',#4881,#4913,#2606,.T.);
#8615=EDGE_CURVE('',#4881,#4273,#2610,.T.);
#8617=EDGE_CURVE('',#4326,#4273,#2614,.T.);
#8627=EDGE_CURVE('',#4334,#4335,#2618,.T.);
#8629=EDGE_CURVE('',#4335,#4337,#2623,.T.);
#8631=EDGE_CURVE('',#4337,#4339,#2627,.T.);
#8633=EDGE_CURVE('',#4339,#4891,#2631,.T.);
#8635=EDGE_CURVE('',#4890,#4891,#2635,.T.);
#8637=EDGE_CURVE('',#4937,#4890,#2639,.T.);
#8651=EDGE_CURVE('',#4878,#4881,#2651,.T.);
#8662=EDGE_CURVE('',#4272,#4273,#2655,.T.);
#8667=EDGE_CURVE('',#4879,#4883,#2659,.T.);
#8669=EDGE_CURVE('',#4883,#4272,#2664,.T.);
#8679=EDGE_CURVE('',#4261,#4326,#2700,.T.);
#8683=EDGE_CURVE('',#4920,#4272,#2668,.T.);
#8686=EDGE_CURVE('',#4268,#4921,#2676,.T.);
#8688=EDGE_CURVE('',#4268,#4261,#2680,.T.);
#8698=EDGE_CURVE('',#4310,#4256,#2717,.T.);
#8700=EDGE_CURVE('',#4264,#4256,#2766,.T.);
#8702=EDGE_CURVE('',#4916,#4264,#2684,.T.);
#8705=EDGE_CURVE('',#4917,#4883,#2692,.T.);
#8719=EDGE_CURVE('',#4260,#4261,#2704,.T.);
#8721=EDGE_CURVE('',#4257,#4260,#2709,.T.);
#8723=EDGE_CURVE('',#4256,#4257,#2713,.T.);
#8734=EDGE_CURVE('',#4268,#4269,#2737,.T.);
#8736=EDGE_CURVE('',#4269,#4260,#2721,.T.);
#8751=EDGE_CURVE('',#4244,#4249,#2729,.T.);
#8753=EDGE_CURVE('',#4249,#4253,#2788,.T.);
#8755=EDGE_CURVE('',#4253,#4269,#2733,.T.);
#8767=EDGE_CURVE('',#4241,#4247,#2758,.T.);
#8769=EDGE_CURVE('',#4247,#4249,#2742,.T.);
#8783=EDGE_CURVE('',#4264,#4265,#2750,.T.);
#8785=EDGE_CURVE('',#4251,#4265,#2754,.T.);
#8787=EDGE_CURVE('',#4247,#4251,#2779,.T.);
#8803=EDGE_CURVE('',#4265,#4257,#2770,.T.);
#8845=EDGE_CURVE('',#4265,#4269,#2775,.T.);
#8861=EDGE_CURVE('',#4251,#4253,#2784,.T.);
#8896=EDGE_CURVE('',#4335,#4319,#2812,.T.);
#8909=EDGE_CURVE('',#4337,#4321,#2816,.T.);
#8922=EDGE_CURVE('',#4323,#4339,#2820,.T.);
#8935=EDGE_CURVE('',#4299,#4323,#2824,.T.);
#8937=EDGE_CURVE('',#4297,#4299,#2828,.T.);
#8939=EDGE_CURVE('',#4295,#4297,#2833,.T.);
#8941=EDGE_CURVE('',#4294,#4295,#2837,.T.);
#8943=EDGE_CURVE('',#4339,#4294,#2841,.T.);
#8955=EDGE_CURVE('',#4894,#4887,#2882,.T.);
#8957=EDGE_CURVE('',#4894,#4939,#2845,.T.);
#8960=EDGE_CURVE('',#4307,#4931,#2853,.T.);
#8962=EDGE_CURVE('',#4307,#4299,#2857,.T.);
#8973=EDGE_CURVE('',#4305,#4294,#2958,.T.);
#8977=EDGE_CURVE('',#4895,#4941,#2869,.T.);
#8979=EDGE_CURVE('',#4891,#4895,#2873,.T.);
#8991=EDGE_CURVE('',#4886,#4890,#2890,.T.);
#8995=EDGE_CURVE('',#4894,#4895,#2878,.T.);
#9032=EDGE_CURVE('',#4285,#4278,#2910,.T.);
#9034=EDGE_CURVE('',#4289,#4285,#2931,.T.);
#9036=EDGE_CURVE('',#4302,#4289,#2914,.T.);
#9038=EDGE_CURVE('',#4307,#4302,#2918,.T.);
#9053=EDGE_CURVE('',#4285,#4287,#2936,.T.);
#9066=EDGE_CURVE('',#4289,#4291,#2945,.T.);
#9076=EDGE_CURVE('',#4302,#4303,#2950,.T.);
#9122=EDGE_CURVE('',#4303,#4295,#2954,.T.);
#9125=EDGE_CURVE('',#4302,#4297,#2962,.T.);
#9160=EDGE_CURVE('',#4499,#5033,#3010,.T.);
#9179=EDGE_CURVE('',#5035,#4481,#3018,.T.);
#9190=EDGE_CURVE('',#4497,#5026,#3282,.T.);
#9196=EDGE_CURVE('',#4725,#4727,#2990,.T.);
#9198=EDGE_CURVE('',#4727,#4743,#2994,.T.);
#9200=EDGE_CURVE('',#4741,#4743,#2998,.T.);
#9202=EDGE_CURVE('',#4725,#4741,#3002,.T.);
#9215=EDGE_CURVE('',#5030,#4478,#3290,.T.);
#9219=EDGE_CURVE('',#4729,#4731,#2974,.T.);
#9221=EDGE_CURVE('',#4731,#4747,#2978,.T.);
#9223=EDGE_CURVE('',#4745,#4747,#2982,.T.);
#9225=EDGE_CURVE('',#4729,#4745,#2986,.T.);
#9235=EDGE_CURVE('',#4725,#4686,#3022,.T.);
#9237=EDGE_CURVE('',#4686,#4687,#3026,.T.);
#9239=EDGE_CURVE('',#4687,#4689,#3030,.T.);
#9241=EDGE_CURVE('',#4689,#4727,#3034,.T.);
#9252=EDGE_CURVE('',#4729,#4692,#3038,.T.);
#9254=EDGE_CURVE('',#4692,#4693,#3042,.T.);
#9256=EDGE_CURVE('',#4693,#4695,#3046,.T.);
#9258=EDGE_CURVE('',#4695,#4731,#3050,.T.);
#9269=EDGE_CURVE('',#4733,#4698,#3054,.T.);
#9271=EDGE_CURVE('',#4698,#4699,#3058,.T.);
#9273=EDGE_CURVE('',#4699,#4735,#3062,.T.);
#9275=EDGE_CURVE('',#4735,#4733,#3214,.T.);
#9285=EDGE_CURVE('',#4737,#4702,#3066,.T.);
#9287=EDGE_CURVE('',#4702,#4703,#3070,.T.);
#9289=EDGE_CURVE('',#4703,#4739,#3074,.T.);
#9291=EDGE_CURVE('',#4739,#4737,#3198,.T.);
#9303=EDGE_CURVE('',#4741,#4706,#3078,.T.);
#9305=EDGE_CURVE('',#4686,#4706,#3142,.T.);
#9317=EDGE_CURVE('',#4709,#4743,#3082,.T.);
#9319=EDGE_CURVE('',#4707,#4709,#3086,.T.);
#9321=EDGE_CURVE('',#4706,#4707,#3090,.T.);
#9331=EDGE_CURVE('',#4745,#4712,#3094,.T.);
#9334=EDGE_CURVE('',#4715,#4747,#3098,.T.);
#9336=EDGE_CURVE('',#4713,#4715,#3102,.T.);
#9338=EDGE_CURVE('',#4712,#4713,#3106,.T.);
#9348=EDGE_CURVE('',#4749,#4718,#3110,.T.);
#9350=EDGE_CURVE('',#4751,#4749,#3222,.T.);
#9352=EDGE_CURVE('',#4719,#4751,#3114,.T.);
#9354=EDGE_CURVE('',#4718,#4719,#3118,.T.);
#9364=EDGE_CURVE('',#4753,#4722,#3122,.T.);
#9366=EDGE_CURVE('',#4755,#4753,#3206,.T.);
#9368=EDGE_CURVE('',#4723,#4755,#3126,.T.);
#9370=EDGE_CURVE('',#4722,#4723,#3130,.T.);
#9381=EDGE_CURVE('',#4689,#4709,#3134,.T.);
#9394=EDGE_CURVE('',#4687,#4707,#3138,.T.);
#9421=EDGE_CURVE('',#4692,#4712,#3146,.T.);
#9434=EDGE_CURVE('',#4693,#4713,#3150,.T.);
#9447=EDGE_CURVE('',#4695,#4715,#3154,.T.);
#9470=EDGE_CURVE('',#4733,#4749,#3226,.T.);
#9473=EDGE_CURVE('',#4698,#4718,#3274,.T.);
#9484=EDGE_CURVE('',#3990,#3985,#3162,.T.);
#9486=EDGE_CURVE('',#3988,#3990,#3166,.T.);
#9488=EDGE_CURVE('',#3986,#3988,#3170,.T.);
#9493=EDGE_CURVE('',#4739,#4755,#3202,.T.);
#9496=EDGE_CURVE('',#4737,#4753,#3210,.T.);
#9506=EDGE_CURVE('',#3993,#3994,#3174,.T.);
#9508=EDGE_CURVE('',#4002,#3993,#3178,.T.);
#9510=EDGE_CURVE('',#4000,#4002,#3182,.T.);
#9513=EDGE_CURVE('',#3996,#3998,#3190,.T.);
#9515=EDGE_CURVE('',#3994,#3996,#3194,.T.);
#9520=EDGE_CURVE('',#4735,#4751,#3218,.T.);
#9533=EDGE_CURVE('',#4008,#3990,#3230,.T.);
#9546=EDGE_CURVE('',#4006,#3988,#3234,.T.);
#9571=EDGE_CURVE('',#4013,#3993,#3242,.T.);
#9574=EDGE_CURVE('',#4014,#3994,#3254,.T.);
#9585=EDGE_CURVE('',#4022,#4002,#3246,.T.);
#9612=EDGE_CURVE('',#4016,#3996,#3258,.T.);
#9635=EDGE_CURVE('',#4703,#4723,#3262,.T.);
#9648=EDGE_CURVE('',#4702,#4722,#3266,.T.);
#9673=EDGE_CURVE('',#4699,#4719,#3270,.T.);
#9726=EDGE_CURVE('',#4467,#5017,#3338,.T.);
#9745=EDGE_CURVE('',#5019,#4449,#3346,.T.);
#9756=EDGE_CURVE('',#4465,#5013,#3506,.T.);
#9762=EDGE_CURVE('',#4669,#4671,#3318,.T.);
#9764=EDGE_CURVE('',#4671,#4679,#3322,.T.);
#9766=EDGE_CURVE('',#4677,#4679,#3326,.T.);
#9768=EDGE_CURVE('',#4669,#4677,#3330,.T.);
#9781=EDGE_CURVE('',#5015,#4446,#3514,.T.);
#9785=EDGE_CURVE('',#4673,#4675,#3302,.T.);
#9787=EDGE_CURVE('',#4675,#4683,#3306,.T.);
#9789=EDGE_CURVE('',#4681,#4683,#3310,.T.);
#9791=EDGE_CURVE('',#4673,#4681,#3314,.T.);
#9802=EDGE_CURVE('',#4655,#4630,#3350,.T.);
#9804=EDGE_CURVE('',#4630,#4631,#3354,.T.);
#9806=EDGE_CURVE('',#4631,#4654,#3358,.T.);
#9817=EDGE_CURVE('',#4659,#4626,#3362,.T.);
#9819=EDGE_CURVE('',#4626,#4627,#3366,.T.);
#9821=EDGE_CURVE('',#4627,#4658,#3370,.T.);
#9831=EDGE_CURVE('',#4669,#4614,#3374,.T.);
#9833=EDGE_CURVE('',#4614,#4615,#3378,.T.);
#9835=EDGE_CURVE('',#4615,#4617,#3382,.T.);
#9837=EDGE_CURVE('',#4617,#4671,#3386,.T.);
#9848=EDGE_CURVE('',#4673,#4620,#3390,.T.);
#9850=EDGE_CURVE('',#4620,#4621,#3394,.T.);
#9852=EDGE_CURVE('',#4621,#4623,#3398,.T.);
#9854=EDGE_CURVE('',#4623,#4675,#3402,.T.);
#9866=EDGE_CURVE('',#4663,#4650,#3414,.T.);
#9868=EDGE_CURVE('',#4630,#4650,#3466,.T.);
#9880=EDGE_CURVE('',#4651,#4662,#3406,.T.);
#9882=EDGE_CURVE('',#4650,#4651,#3410,.T.);
#9894=EDGE_CURVE('',#4647,#4666,#3418,.T.);
#9896=EDGE_CURVE('',#4646,#4647,#3422,.T.);
#9898=EDGE_CURVE('',#4667,#4646,#3426,.T.);
#9908=EDGE_CURVE('',#4677,#4634,#3430,.T.);
#9911=EDGE_CURVE('',#4637,#4679,#3434,.T.);
#9913=EDGE_CURVE('',#4635,#4637,#3438,.T.);
#9915=EDGE_CURVE('',#4634,#4635,#3442,.T.);
#9925=EDGE_CURVE('',#4681,#4640,#3446,.T.);
#9928=EDGE_CURVE('',#4643,#4683,#3450,.T.);
#9930=EDGE_CURVE('',#4641,#4643,#3454,.T.);
#9932=EDGE_CURVE('',#4640,#4641,#3458,.T.);
#9944=EDGE_CURVE('',#4631,#4651,#3462,.T.);
#9969=EDGE_CURVE('',#4627,#4647,#3470,.T.);
#9981=EDGE_CURVE('',#4626,#4646,#3474,.T.);
#10008=EDGE_CURVE('',#4614,#4634,#3478,.T.);
#10021=EDGE_CURVE('',#4615,#4635,#3482,.T.);
#10034=EDGE_CURVE('',#4617,#4637,#3486,.T.);
#10059=EDGE_CURVE('',#4620,#4640,#3490,.T.);
#10072=EDGE_CURVE('',#4621,#4641,#3494,.T.);
#10085=EDGE_CURVE('',#4623,#4643,#3498,.T.);
#10136=EDGE_CURVE('',#4435,#5009,#3562,.T.);
#10155=EDGE_CURVE('',#5011,#4417,#3570,.T.);
#10166=EDGE_CURVE('',#4433,#5002,#3730,.T.);
#10172=EDGE_CURVE('',#4597,#4599,#3542,.T.);
#10174=EDGE_CURVE('',#4599,#4607,#3546,.T.);
#10176=EDGE_CURVE('',#4605,#4607,#3550,.T.);
#10178=EDGE_CURVE('',#4597,#4605,#3554,.T.);
#10191=EDGE_CURVE('',#5006,#4414,#3738,.T.);
#10195=EDGE_CURVE('',#4601,#4603,#3526,.T.);
#10197=EDGE_CURVE('',#4603,#4611,#3530,.T.);
#10199=EDGE_CURVE('',#4609,#4611,#3534,.T.);
#10201=EDGE_CURVE('',#4601,#4609,#3538,.T.);
#10212=EDGE_CURVE('',#4583,#4558,#3574,.T.);
#10214=EDGE_CURVE('',#4558,#4559,#3578,.T.);
#10216=EDGE_CURVE('',#4559,#4582,#3582,.T.);
#10227=EDGE_CURVE('',#4587,#4554,#3586,.T.);
#10229=EDGE_CURVE('',#4554,#4555,#3590,.T.);
#10231=EDGE_CURVE('',#4555,#4586,#3594,.T.);
#10241=EDGE_CURVE('',#4597,#4542,#3598,.T.);
#10243=EDGE_CURVE('',#4542,#4543,#3602,.T.);
#10245=EDGE_CURVE('',#4543,#4545,#3606,.T.);
#10247=EDGE_CURVE('',#4545,#4599,#3610,.T.);
#10258=EDGE_CURVE('',#4601,#4548,#3614,.T.);
#10260=EDGE_CURVE('',#4548,#4549,#3618,.T.);
#10262=EDGE_CURVE('',#4549,#4551,#3622,.T.);
#10264=EDGE_CURVE('',#4551,#4603,#3626,.T.);
#10276=EDGE_CURVE('',#4591,#4578,#3638,.T.);
#10278=EDGE_CURVE('',#4558,#4578,#3690,.T.);
#10290=EDGE_CURVE('',#4579,#4590,#3630,.T.);
#10292=EDGE_CURVE('',#4578,#4579,#3634,.T.);
#10304=EDGE_CURVE('',#4575,#4594,#3642,.T.);
#10306=EDGE_CURVE('',#4574,#4575,#3646,.T.);
#10308=EDGE_CURVE('',#4595,#4574,#3650,.T.);
#10318=EDGE_CURVE('',#4605,#4562,#3654,.T.);
#10321=EDGE_CURVE('',#4565,#4607,#3658,.T.);
#10323=EDGE_CURVE('',#4563,#4565,#3662,.T.);
#10325=EDGE_CURVE('',#4562,#4563,#3666,.T.);
#10335=EDGE_CURVE('',#4609,#4568,#3670,.T.);
#10338=EDGE_CURVE('',#4571,#4611,#3674,.T.);
#10340=EDGE_CURVE('',#4569,#4571,#3678,.T.);
#10342=EDGE_CURVE('',#4568,#4569,#3682,.T.);
#10354=EDGE_CURVE('',#4559,#4579,#3686,.T.);
#10379=EDGE_CURVE('',#4555,#4575,#3694,.T.);
#10391=EDGE_CURVE('',#4554,#4574,#3698,.T.);
#10418=EDGE_CURVE('',#4542,#4562,#3702,.T.);
#10431=EDGE_CURVE('',#4543,#4563,#3706,.T.);
#10444=EDGE_CURVE('',#4545,#4565,#3710,.T.);
#10469=EDGE_CURVE('',#4548,#4568,#3714,.T.);
#10482=EDGE_CURVE('',#4549,#4569,#3718,.T.);
#10495=EDGE_CURVE('',#4551,#4571,#3722,.T.);
#10546=EDGE_CURVE('',#4372,#4384,#3742,.T.);
#10559=EDGE_CURVE('',#4391,#4395,#3746,.T.);
#10596=EDGE_CURVE('',#4088,#4050,#3758,.T.);
#10609=EDGE_CURVE('',#4086,#4048,#3762,.T.);
#10648=EDGE_CURVE('',#3884,#3880,#3786,.T.);
#10650=EDGE_CURVE('',#3884,#4112,#3850,.T.);
#10652=EDGE_CURVE('',#4112,#4829,#3838,.T.);
#10654=EDGE_CURVE('',#4829,#4831,#3826,.T.);
#10666=EDGE_CURVE('',#3898,#3904,#3802,.T.);
#10669=EDGE_CURVE('',#3896,#3906,#3810,.T.);
#10671=EDGE_CURVE('',#3884,#3906,#3854,.T.);
#10675=EDGE_CURVE('',#3888,#3886,#3858,.T.);
#10699=EDGE_CURVE('',#4833,#4835,#3822,.T.);
#10701=EDGE_CURVE('',#4116,#4833,#3834,.T.);
#10703=EDGE_CURVE('',#3906,#4116,#3846,.T.);
#10719=EDGE_CURVE('',#4829,#4833,#3830,.T.);
#10732=EDGE_CURVE('',#4112,#4116,#3842,.T.);
#10771=TRIMMED_CURVE('A_4',#10770,(PARAMETER_VALUE(0.E0)),(PARAMETER_VALUE
(1.E0)),.T.,.UNSPECIFIED.);
#10777=TRIMMED_CURVE('A_5',#10776,(PARAMETER_VALUE(0.E0)),(PARAMETER_VALUE
(1.E0)),.T.,.UNSPECIFIED.);
#10782=CIRCLE('',#10781,7.E-1);
#10783=TRIMMED_CURVE('',#10782,(PARAMETER_VALUE(0.E0)),(PARAMETER_VALUE(1.8E2)),
.T.,.UNSPECIFIED.);
#10784=COMPOSITE_CURVE_SEGMENT(.CONTINUOUS.,.T.,#10783);
#10789=CIRCLE('',#10788,7.E-1);
#10790=TRIMMED_CURVE('',#10789,(PARAMETER_VALUE(0.E0)),(PARAMETER_VALUE(1.8E2)),
.T.,.UNSPECIFIED.);
#10791=COMPOSITE_CURVE_SEGMENT(.CONTINUOUS.,.T.,#10790);
#10792=COMPOSITE_CURVE('',(#10784,#10791),.F.);
#10797=CIRCLE('',#10796,7.E-1);
#10798=TRIMMED_CURVE('',#10797,(PARAMETER_VALUE(0.E0)),(PARAMETER_VALUE(1.8E2)),
.T.,.UNSPECIFIED.);
#10799=COMPOSITE_CURVE_SEGMENT(.CONTINUOUS.,.T.,#10798);
#10804=CIRCLE('',#10803,7.E-1);
#10805=TRIMMED_CURVE('',#10804,(PARAMETER_VALUE(0.E0)),(PARAMETER_VALUE(1.8E2)),
.T.,.UNSPECIFIED.);
#10806=COMPOSITE_CURVE_SEGMENT(.CONTINUOUS.,.T.,#10805);
#10807=COMPOSITE_CURVE('',(#10799,#10806),.F.);
#10812=CIRCLE('',#10811,7.E-1);
#10813=TRIMMED_CURVE('',#10812,(PARAMETER_VALUE(0.E0)),(PARAMETER_VALUE(1.8E2)),
.T.,.UNSPECIFIED.);
#10814=COMPOSITE_CURVE_SEGMENT(.CONTINUOUS.,.T.,#10813);
#10819=CIRCLE('',#10818,7.E-1);
#10820=TRIMMED_CURVE('',#10819,(PARAMETER_VALUE(0.E0)),(PARAMETER_VALUE(1.8E2)),
.T.,.UNSPECIFIED.);
#10821=COMPOSITE_CURVE_SEGMENT(.CONTINUOUS.,.T.,#10820);
#10822=COMPOSITE_CURVE('',(#10814,#10821),.F.);
#10827=CIRCLE('',#10826,7.E-1);
#10828=TRIMMED_CURVE('',#10827,(PARAMETER_VALUE(0.E0)),(PARAMETER_VALUE(1.8E2)),
.T.,.UNSPECIFIED.);
#10829=COMPOSITE_CURVE_SEGMENT(.CONTINUOUS.,.T.,#10828);
#10834=CIRCLE('',#10833,7.E-1);
#10835=TRIMMED_CURVE('',#10834,(PARAMETER_VALUE(0.E0)),(PARAMETER_VALUE(1.8E2)),
.T.,.UNSPECIFIED.);
#10836=COMPOSITE_CURVE_SEGMENT(.CONTINUOUS.,.T.,#10835);
#10837=COMPOSITE_CURVE('',(#10829,#10836),.F.);
#10842=CIRCLE('',#10841,7.E-1);
#10843=TRIMMED_CURVE('',#10842,(PARAMETER_VALUE(0.E0)),(PARAMETER_VALUE(1.8E2)),
.T.,.UNSPECIFIED.);
#10844=COMPOSITE_CURVE_SEGMENT(.CONTINUOUS.,.T.,#10843);
#10849=CIRCLE('',#10848,7.E-1);
#10850=TRIMMED_CURVE('',#10849,(PARAMETER_VALUE(0.E0)),(PARAMETER_VALUE(1.8E2)),
.T.,.UNSPECIFIED.);
#10851=COMPOSITE_CURVE_SEGMENT(.CONTINUOUS.,.T.,#10850);
#10852=COMPOSITE_CURVE('',(#10844,#10851),.F.);
#10857=CIRCLE('',#10856,7.E-1);
#10858=TRIMMED_CURVE('',#10857,(PARAMETER_VALUE(0.E0)),(PARAMETER_VALUE(1.8E2)),
.T.,.UNSPECIFIED.);
#10859=COMPOSITE_CURVE_SEGMENT(.CONTINUOUS.,.T.,#10858);
#10864=CIRCLE('',#10863,7.E-1);
#10865=TRIMMED_CURVE('',#10864,(PARAMETER_VALUE(0.E0)),(PARAMETER_VALUE(1.8E2)),
.T.,.UNSPECIFIED.);
#10866=COMPOSITE_CURVE_SEGMENT(.CONTINUOUS.,.T.,#10865);
#10867=COMPOSITE_CURVE('',(#10859,#10866),.F.);
#10872=CIRCLE('',#10871,7.E-1);
#10873=TRIMMED_CURVE('',#10872,(PARAMETER_VALUE(0.E0)),(PARAMETER_VALUE(1.8E2)),
.T.,.UNSPECIFIED.);
#10874=COMPOSITE_CURVE_SEGMENT(.CONTINUOUS.,.T.,#10873);
#10879=CIRCLE('',#10878,7.E-1);
#10880=TRIMMED_CURVE('',#10879,(PARAMETER_VALUE(0.E0)),(PARAMETER_VALUE(1.8E2)),
.T.,.UNSPECIFIED.);
#10881=COMPOSITE_CURVE_SEGMENT(.CONTINUOUS.,.T.,#10880);
#10882=COMPOSITE_CURVE('',(#10874,#10881),.F.);
#10887=CIRCLE('',#10886,7.E-1);
#10888=TRIMMED_CURVE('',#10887,(PARAMETER_VALUE(0.E0)),(PARAMETER_VALUE(1.8E2)),
.T.,.UNSPECIFIED.);
#10889=COMPOSITE_CURVE_SEGMENT(.CONTINUOUS.,.T.,#10888);
#10894=CIRCLE('',#10893,7.E-1);
#10895=TRIMMED_CURVE('',#10894,(PARAMETER_VALUE(0.E0)),(PARAMETER_VALUE(1.8E2)),
.T.,.UNSPECIFIED.);
#10896=COMPOSITE_CURVE_SEGMENT(.CONTINUOUS.,.T.,#10895);
#10897=COMPOSITE_CURVE('',(#10889,#10896),.F.);
#10902=CIRCLE('',#10901,7.E-1);
#10903=TRIMMED_CURVE('',#10902,(PARAMETER_VALUE(0.E0)),(PARAMETER_VALUE(1.8E2)),
.T.,.UNSPECIFIED.);
#10904=COMPOSITE_CURVE_SEGMENT(.CONTINUOUS.,.T.,#10903);
#10909=CIRCLE('',#10908,7.E-1);
#10910=TRIMMED_CURVE('',#10909,(PARAMETER_VALUE(0.E0)),(PARAMETER_VALUE(1.8E2)),
.T.,.UNSPECIFIED.);
#10911=COMPOSITE_CURVE_SEGMENT(.CONTINUOUS.,.T.,#10910);
#10912=COMPOSITE_CURVE('',(#10904,#10911),.F.);
#10917=CIRCLE('',#10916,7.E-1);
#10918=TRIMMED_CURVE('',#10917,(PARAMETER_VALUE(0.E0)),(PARAMETER_VALUE(1.8E2)),
.T.,.UNSPECIFIED.);
#10919=COMPOSITE_CURVE_SEGMENT(.CONTINUOUS.,.T.,#10918);
#10924=CIRCLE('',#10923,7.E-1);
#10925=TRIMMED_CURVE('',#10924,(PARAMETER_VALUE(0.E0)),(PARAMETER_VALUE(1.8E2)),
.T.,.UNSPECIFIED.);
#10926=COMPOSITE_CURVE_SEGMENT(.CONTINUOUS.,.T.,#10925);
#10927=COMPOSITE_CURVE('',(#10919,#10926),.F.);
#10932=CIRCLE('',#10931,1.5E0);
#10933=TRIMMED_CURVE('',#10932,(PARAMETER_VALUE(0.E0)),(PARAMETER_VALUE(1.8E2)),
.T.,.UNSPECIFIED.);
#10934=COMPOSITE_CURVE_SEGMENT(.CONTINUOUS.,.T.,#10933);
#10939=CIRCLE('',#10938,1.5E0);
#10940=TRIMMED_CURVE('',#10939,(PARAMETER_VALUE(0.E0)),(PARAMETER_VALUE(1.8E2)),
.T.,.UNSPECIFIED.);
#10941=COMPOSITE_CURVE_SEGMENT(.CONTINUOUS.,.T.,#10940);
#10942=COMPOSITE_CURVE('',(#10934,#10941),.F.);
#10947=CIRCLE('',#10946,1.5E0);
#10948=TRIMMED_CURVE('',#10947,(PARAMETER_VALUE(0.E0)),(PARAMETER_VALUE(1.8E2)),
.T.,.UNSPECIFIED.);
#10949=COMPOSITE_CURVE_SEGMENT(.CONTINUOUS.,.T.,#10948);
#10954=CIRCLE('',#10953,1.5E0);
#10955=TRIMMED_CURVE('',#10954,(PARAMETER_VALUE(0.E0)),(PARAMETER_VALUE(1.8E2)),
.T.,.UNSPECIFIED.);
#10956=COMPOSITE_CURVE_SEGMENT(.CONTINUOUS.,.T.,#10955);
#10957=COMPOSITE_CURVE('',(#10949,#10956),.F.);
#10962=(LENGTH_UNIT()NAMED_UNIT(*)SI_UNIT(.MILLI.,.METRE.));
#10964=(NAMED_UNIT(*)PLANE_ANGLE_UNIT()SI_UNIT($,.RADIAN.));
#10967=(NAMED_UNIT(*)SI_UNIT($,.STERADIAN.)SOLID_ANGLE_UNIT());
#10970=ADVANCED_BREP_SHAPE_REPRESENTATION('',(#10762),#10969);
#10971=GEOMETRICALLY_BOUNDED_SURFACE_SHAPE_REPRESENTATION('',(#10772),#10969);
#10972=SHAPE_REPRESENTATION('',(#10766,#10961),#10969);
#10981=PRODUCT_DEFINITION('design','',#10980,#10977);
#10982=PRODUCT_DEFINITION_SHAPE('','SHAPE FOR 015246101.',#10981);
#10983=SHAPE_DEFINITION_REPRESENTATION(#10982,#10972);
ENDSEC;
END-ISO-10303-21;
